ads_idx,ads_code,adv_idx,sch_idx,ads_type,ads_category,ads_name,ads_limit,ads_payment,ads_save_way,ads_day_cap,ads_sdate,ads_edate,ads_os_type,ads_contract_price,ads_reward_price,ads_order,ads_rejoin_type,regdate
6985,SijDrtH4GV,335,32582,3,7,DB손해보험 다이렉트,"자동차보험 만기 90일 이내,본인명의 차량 소유자,DB손해보험 자동차보험 기가입자제외, 10개월 이내 참여자제외",,내차 보험료 조회,N,2020-06-30 15:00:00,9999-06-06 00:00:00,7,2700,2300,1201938,NONE,2020-06-30 15:22:59
8327,k1RZftVHoW,335,36397,3,10,파일썬,,10000원 이상,첫 결제,N,2020-11-10 11:21:00,9999-12-31 23:59:00,7,3200,2420,1673458,NONE,2020-11-10 11:21:43
9935,aKbPNZGRcw,778,40252,3,8,숨어있는 휴면포인트 조회,,,포인트로 영화예매권 교환,N,2021-02-01 10:00:00,9999-12-31 00:00:00,7,1500,1200,2592600,NONE,2021-02-01 10:21:48
9982,ChpB9DGeNo,50,334923,11,3,강원일보 네이버 뉴스,20대 이상 참여 가능,,네이버 뉴스 구독,N,2021-02-05 14:00:00,2030-01-01 00:00:00,7,230,160,2729900,NONE,2021-02-05 14:56:37
10743,GzVAg5ZVo2,850,48201,12,11,스치듯 로얄리스트 고체향수 15g,,15000,구매,N,2021-04-08 15:00:00,9999-12-31 00:00:00,7,4909,3140,1253061,REJOINABLE,2021-04-08 14:42:33
10745,8yWW5feQcV,850,47755,12,11,스치듯 포레스트 고체향수 15g,,15000,구매,N,2021-04-08 15:00:00,9999-12-31 00:00:00,7,4909,3140,1253306,REJOINABLE,2021-04-08 14:43:35
10758,04jagQJ6qv,850,50518,12,11,날엔퍼퓸 날엔세트 (코튼+우드 SET),,69000,구매,N,2021-04-08 15:00:00,9999-09-14 00:00:00,7,25091,16300,1162445,REJOINABLE,2021-04-08 15:11:57
11059,2vK6pADbON,50,332757,3,5,파이널삼국지2,,,캐릭터 생성,Y,2021-05-03 17:00:00,2027-01-01 00:00:00,2,300,200,2097400,NONE,2021-05-03 17:23:00
11442,RoPyXNtRjb,866,1211218,3,3,[친한친구] 베지밀 공식 인스타그램,,,팔로우 후 친한 친구 리스트 추가,N,2021-06-18 00:00:00,2025-08-19 00:00:00,7,280,120,2760000,NONE,2021-06-08 14:04:47
12923,XRQXoMhyrC,274,1206714,3,8,짤 – 시즌2,,,회원가입 후 로그인,N,2021-09-13 14:00:00,2025-09-01 00:00:00,2,600,350,2728500,NONE,2021-09-13 14:46:07
13209,VgaaRgCQoO,50,524339,3,8,아이부자,,,최초 회원가입,N,2021-10-01 17:00:00,2029-11-29 00:00:00,2,1900,1425,2496600,NONE,2021-10-01 17:29:29
13927,IHk8VZoQLb,50,53400,1,1,다톡_실시간 동네친구 채팅,,,받기,N,2021-11-12 10:07:41,9999-12-31 23:59:59,1,170,140,2756500,NONE,2021-11-12 10:07:41
13928,XbG72r2U05,50,343461,1,1,다톡_실시간 동네친구 채팅,,,받기,N,2021-11-12 10:07:00,2029-11-29 00:00:00,2,170,120,2758000,NONE,2021-11-12 10:07:45
14012,VYmYWYec4d,836,53729,12,11,ZETABIT 부스터 마사지건 SLG-1000,,92000,구매,N,2021-11-16 18:00:00,9999-12-31 00:00:00,7,49181,31900,1248045,REJOINABLE,2021-11-16 18:52:08
14074,pA0PyJkkmv,998,338593,3,8,오토링 광고 1회 참여,,,스크린샷 업로드,N,2021-11-19 00:00:00,2030-01-01 00:00:00,2,500,300,2642800,NONE,2021-11-19 15:40:45
14405,XSc6YsS0Kl,883,55016,3,10,미노벨 노벨패스 7일 무료체험 이벤트,,100원,무료체험 신청,N,2021-12-07 17:00:00,2028-01-01 00:00:00,7,2600,1950,1639412,NONE,2021-12-07 17:37:05
14497,rFPCRop0yu,836,55336,12,11,808 넥도리 휴대용 온열 목난로(화이트),,52500,구매,N,2021-12-13 15:00:00,9999-12-31 00:00:00,7,16363,10600,1106798,REJOINABLE,2021-12-13 15:39:52
16485,bBqgAcVlKc,1403,1087707,9,6,브롤스타즈,,,모든 서브퀘스트 완료,N,2022-04-18 19:00:00,2025-12-31 00:00:00,2,0,679,1773300,NONE,2022-04-12 18:55:53
16523,JeuRj1pzdg,404,63176,3,8,탑툰,무료 이용권 사용,,회원가입 및 무료이용권 사용,N,2022-04-14 14:00:00,2031-01-01 00:00:00,7,1500,1000,2495400,NONE,2022-04-14 14:17:00
16527,vnKeKuyx2U,404,63180,3,10,로그인보호서비스,,"1,100원",서비스 가입,N,2022-04-14 14:00:00,2026-01-01 00:00:00,7,1000,800,1661946,NONE,2022-04-14 14:25:49
16528,BZadRPqufm,404,70716,3,8,안심보호,"19세 이상 , 통신3사 이용자 참여가능",,이벤트 참여,N,2022-04-14 14:00:00,2026-01-01 00:00:00,7,2000,1600,1651118,NONE,2022-04-14 14:26:55
16529,Xbe2NCUyZ6,404,63183,3,10,MyOTP,,"월 1,100원",회원가입,N,2022-04-14 14:00:00,2027-01-01 00:00:00,7,1530,1000,2494900,NONE,2022-04-14 14:27:59
16540,FnnTsEZJSr,404,63244,3,10,주식정보,,"월 11,000원",서비스 가입,N,2022-04-14 17:00:00,2026-01-01 00:00:00,7,7000,5300,1654001,NONE,2022-04-14 17:28:47
16730,cwnAuYWkOH,335,360829,3,7,KB차차차,,,최초 오픈 후 금융자산 연결,N,2022-04-25 19:00:00,2027-01-01 00:00:00,7,5000,3750,1360091,NONE,2022-04-25 19:12:07
16895,nP407OXuwK,1039,64866,3,10,전국 최대 부동산 경매! 한톡경매 (직과금),,"월 29,900원",서비스 가입,N,2022-05-02 17:00:00,2029-11-29 00:00:00,7,10000,8000,2573800,NONE,2022-05-02 17:51:14
17234,8i0KRg8hF5,1125,1087708,9,0,IDLE ANGELS : 여신전쟁,,,모든 서브퀘스트 완료,N,2022-05-20 17:00:00,2025-12-31 00:00:00,2,0,571,1823000,NONE,2022-05-18 14:45:55
17969,Nlxj4r9iP1,836,68366,12,11,기라로쉬 세미마이크로 크림샌드 세트S,,112000,구매,N,2022-06-21 10:00:00,9999-12-31 00:00:00,7,50909,33000,1202570,REJOINABLE,2022-06-21 10:46:08
18504,GPOUSbWnaX,866,1208965,5,3,정식품 페이스북,,,좋아요,N,2022-07-19 15:00:00,2025-08-20 00:00:00,7,257,180,2760500,NONE,2022-07-19 15:30:29
18773,uk286rjrMi,1039,357667,3,10,200여종의 워치페이스를 내손안에! (무료체험),,유료,서비스 가입,N,2022-08-04 11:00:00,2029-11-29 00:00:00,7,1500,1000,2573300,NONE,2022-08-04 11:28:50
18774,uk286rjrMi,1039,72189,3,10,200여종의 워치페이스를 내손안에! (직과금),,유료,서비스 가입,N,2022-08-04 11:00:00,2029-11-29 00:00:00,7,4200,3300,2575700,NONE,2022-08-04 11:32:13
19247,BkabOPfFoi,724,1087710,9,0,천하제일검,,,모든 서브퀘스트 완료,N,2022-09-07 16:00:00,2025-12-31 00:00:00,2,0,507,1945800,NONE,2022-09-06 18:09:21
19488,tBwR3QXYKy,50,334868,11,3,광주방송 네이버 뉴스,,,네이버뉴스 구독,Y,2022-09-23 12:00:00,2030-01-01 00:00:00,2,230,160,2729100,NONE,2022-09-23 11:55:06
19853,As5AAlGjum,1205,1087711,9,6,계급장 키우기,,,모든 서브퀘스트 완료,N,2022-10-14 11:00:00,2025-12-31 00:00:00,2,0,678,1966400,NONE,2022-10-13 18:55:50
19953,za5edBppf2,839,1087712,9,0,조선좀비전 : 방치형 RPG,,,모든 서브퀘스트 완료,N,2022-10-24 18:00:00,2025-12-31 00:00:00,2,0,500,1968900,NONE,2022-10-20 15:08:45
20062,HpWTh8aUr3,1185,1087713,9,0,정령사 키우기,,,모든 서브퀘스트 완료,N,2022-10-28 10:00:00,2025-12-31 00:00:00,2,0,257,1971800,NONE,2022-10-27 14:31:30
20182,TSbSN2ZyCv,930,329661,12,11,유유제약 마시는 관절건강 MSM 30포,,59000,구매,N,2022-11-03 10:00:00,9999-12-31 00:00:00,7,21818,14100,1148160,REJOINABLE,2022-11-03 10:22:51
20256,cWCfPJQ3GD,1217,374874,3,10,AT스탁플러스,서비스 최초 가입자,"11,000",서비스 가입,N,2022-11-08 18:00:00,2034-01-01 00:00:00,7,9000,6000,2591600,NONE,2022-11-08 18:46:58
20726,aas1RDJUMU,1243,1087722,9,6,우주소녀 키우기:방치형RPG,,,모든 서브퀘스트 완료,N,2023-01-11 16:00:00,2025-12-31 00:00:00,2,0,436,2009200,NONE,2023-01-05 13:57:04
20737,Q3RO0MlRAp,618,1087721,9,6,열혈 방랑객,,,모든 서브퀘스트 완료,N,2023-01-07 12:00:00,2025-12-31 00:00:00,2,0,471,2006600,NONE,2023-01-07 01:56:47
20801,gEq47xvZIg,614,1087723,9,6,전삼국,,,모든 서브퀘스트 완료,N,2023-01-19 14:00:00,2025-12-31 00:00:00,2,0,78,2013800,NONE,2023-01-19 14:43:43
20910,rCLPhS3KKM,930,335043,12,11,토마스 풀 3D 백허그 목/어깨 안마기,,175000,구매,N,2023-02-13 13:00:00,9999-12-31 00:00:00,7,92727,60200,1248383,REJOINABLE,2023-02-13 13:45:29
20993,OAFV7JKx8j,1042,1087725,9,0,드래곤빌리지 서바이벌,,,모든 서브퀘스트 완료,N,2023-03-10 10:00:00,2025-12-31 00:00:00,2,0,429,2030900,NONE,2023-02-21 16:11:23
21037,9Bb06zz13Z,1276,1221822,3,8,바바더닷컴,여성,,최초 회원가입,N,2023-02-27 15:00:00,2025-09-01 00:00:00,2,1440,800,2722900,NONE,2023-02-27 15:32:20
21038,9Bb06zz13Z,1276,1221843,3,8,바바더닷컴,여성,,최초 회원가입,N,2023-02-27 15:00:00,2025-09-01 00:00:00,1,1440,800,2722800,NONE,2023-02-27 15:33:21
21106,pcqQ54SNKi,930,336371,12,11,뉴네이처 알티지오메가3파워 1400 60캡슐,,31900,구매,N,2023-03-09 15:00:00,9999-12-31 00:00:00,7,4454,2800,1307484,REJOINABLE,2023-03-09 15:48:53
21386,mTXayJu5Y9,1220,1087727,9,6,두근두근 레스토랑 : 글로벌,,,모든 서브퀘스트 완료,N,2023-04-17 14:00:00,2025-12-31 00:00:00,2,0,400,2059600,NONE,2023-04-14 18:25:46
21448,lMziFxy0nV,910,1220492,10,3,신한카드 유튜브,,,구독 + 좋아요,N,2023-04-20 15:00:00,2031-01-03 00:00:00,7,230,170,2487000,NONE,2023-04-20 15:27:54
21750,0Cu4BqaUQz,1315,1087728,9,6,마일드티니,,,모든 서브퀘스트 완료,N,2023-05-03 00:00:00,2025-12-31 00:00:00,2,0,607,2071400,NONE,2023-05-02 14:57:38
21903,7gRIjzElx1,1185,1087729,9,0,라스트 서머너 : 타워 디펜스 RPG,,,모든 서브퀘스트 완료,N,2023-05-16 15:00:00,2025-12-31 00:00:00,2,0,393,2076100,NONE,2023-05-14 14:35:17
21979,YBRSYasQ1d,1309,1087730,9,6,미니 탱크 키우기,,,모든 서브퀘스트 완료,N,2023-05-19 17:00:00,2025-12-31 00:00:00,2,0,678,2076500,NONE,2023-05-17 13:47:48
22045,jSEcCRQAi3,1310,1087733,9,6,드용 키우기 - 레트로 방치형 RPG,,,모든 서브퀘스트 완료,N,2023-05-22 18:00:00,2025-12-31 00:00:00,2,0,143,2078500,NONE,2023-05-19 14:00:49
22081,6KpGaxV4ot,1325,1087734,9,6,지하노역소,,,모든 서브퀘스트 완료,N,2023-05-26 13:00:00,2025-12-31 00:00:00,2,0,535,2080400,NONE,2023-05-23 12:01:17
22232,QvNsLro594,50,341587,3,8,라이프플러스 트라이브,,,회원가입,N,2023-06-05 14:00:00,2029-11-29 00:00:00,2,800,640,2294400,NONE,2023-06-05 13:59:50
22498,f7izkH0Mej,791,343014,3,8,미툰 7일 무료체험,,,7일간 무료체험 신청,N,2023-06-27 14:00:00,2030-01-01 00:00:00,7,4500,3200,2718500,NONE,2023-06-26 14:10:39
22557,pBNrJ4vruq,1232,1087738,9,6,The Dust,,,모든 서브퀘스트 완료,N,2023-07-06 13:00:00,2025-12-31 00:00:00,2,0,357,2092900,NONE,2023-07-03 14:55:53
23540,ACH1D41kjP,82,354096,3,5,트리플 퍼즐 게임,,,레벨 100 클리어,N,2023-08-09 10:00:00,2029-12-06 00:00:00,2,1359,1000,2134300,NONE,2023-08-09 10:54:15
24944,aZmD7iFgLu,82,350917,3,5,걸 마스터,,,레벨100 클리어,N,2023-09-11 16:00:00,2029-12-05 00:00:00,2,1890,1400,2224400,NONE,2023-09-11 16:02:20
25850,u7ixSCx3K0,335,1151307,3,8,똑똑보카 룰렛이벤트!,,,3초 퀴즈 후 카카오 로그인,N,2023-10-17 11:00:00,2029-11-29 00:00:00,2,100,70,2486800,NONE,2023-10-17 11:22:19
25890,FPrWi8YUqH,1298,1087764,9,0,클래스 : 방치형 파밍 RPG,,,모든 서브퀘스트 완료,N,2024-02-08 15:00:00,2025-12-31 00:00:00,2,0,36,2199700,NONE,2023-10-18 16:39:31
26001,ailcvESeP8,1220,1087748,9,6,서먼헌터 키우기: 방치형 RPG,,,모든 서브퀘스트 완료,N,2023-12-11 19:00:00,2025-12-31 00:00:00,2,0,571,2161600,NONE,2023-10-24 14:10:36
26117,KYxU61d7ci,50,353254,3,8,여보야 (남성),남성,,회원가입,N,2023-11-07 10:00:00,2029-11-29 00:00:00,1,800,640,2700200,NONE,2023-11-07 10:11:48
26416,9Bb06zz13Z,1276,1221876,3,8,바바더닷컴_D,30세 이상 여성,,최초 회원가입,N,2023-11-14 13:00:00,2025-09-01 00:00:00,2,1620,1440,2721800,NONE,2023-11-14 10:59:48
27374,3DvW9P5F7e,1265,1087749,9,6,머지스위츠,,,모든 서브퀘스트 완료,N,2023-12-15 10:00:00,2025-12-31 00:00:00,2,0,278,2168400,NONE,2023-12-14 14:29:31
27405,QQLmoM4D7E,1406,623961,9,6,"악마 집사와 검은 고양이: 스트레스 해소, 치유계 게임",,,모든 서브퀘스트 완료,N,2023-12-21 12:00:00,2030-12-31 00:00:00,2,0,178,2176200,NONE,2023-12-15 13:34:41
27572,955oLvqtif,220,357520,3,7,신한 SOL페이 퀴즈팡팡 퀴즈 풀면,,,이벤트 참여 완료,N,2023-12-21 15:00:00,2029-11-28 00:00:00,7,600,450,2289200,NONE,2023-12-21 15:38:56
27576,X1ZXBoHS06,1443,1087754,9,6,스낵스타운 : 합성 & 스토리 게임,,,모든 서브퀘스트 완료,N,2023-12-26 10:00:00,2025-12-31 00:00:00,2,0,428,2176600,NONE,2023-12-21 18:09:48
27611,FsJS5gRddB,614,1087755,9,6,영웅삼국,,,모든 서브퀘스트 완료,N,2023-12-27 10:00:00,2025-12-31 00:00:00,3,0,214,2177100,NONE,2023-12-24 19:28:16
27612,MYDlIVNByw,614,1087756,9,6,귀환병 전기 : 레트로RPG,,,모든 서브퀘스트 완료,N,2023-12-27 14:00:00,2025-12-31 00:00:00,3,0,214,2181700,NONE,2023-12-24 19:47:09
27633,9wJAI0Yh46,1415,1087758,9,6,빌런즈: 로봇 배틀로얄,,,모든 서브퀘스트 완료,N,2024-01-26 16:00:00,2025-12-31 00:00:00,2,0,107,2190300,NONE,2023-12-26 19:03:15
27674,4KdWfBx611,1039,358143,3,10,미세먼지 알리미 직과금,,"매월 3,900원",서비스 가입,N,2023-12-28 11:00:00,2029-11-28 00:00:00,7,1400,1100,2575500,NONE,2023-12-28 11:24:46
27844,kl1Oc57hBI,781,1087759,9,6,마이리틀호텔,,,모든 서브퀘스트 완료,N,2024-02-02 18:00:00,2025-12-31 00:00:00,2,0,421,2193700,NONE,2024-01-08 17:38:26
27879,gNl6T6dJYy,930,358797,12,11,대현헬스케어 눈건강 루테인지아잔틴,,59000,구매,N,2024-01-10 09:00:00,9999-12-31 00:00:00,7,20909,13500,1313323,REJOINABLE,2024-01-10 09:55:08
27963,4r4qfqDQhy,70,359132,3,8,"매력남녀의 데이팅앱, 더멤버스",35세~55세 참여,,계정생성 후 심사요청,N,2024-01-17 00:02:47,9999-12-31 23:59:59,2,2640,1980,2483700,NONE,2024-01-15 16:29:22
28014,Vm1LhWmCnj,404,359168,3,7,펀드정보,19세 이상,,서비스 가입,N,2024-01-17 15:00:00,2029-11-29 00:00:00,2,3000,2250,1667243,NONE,2024-01-17 15:27:53
28025,luNh03c2Df,404,1107640,3,8,게임 무료체험,,,참여,N,2024-01-18 15:00:00,2031-01-04 00:00:00,2,3500,2625,1668056,NONE,2024-01-18 15:03:55
28026,kL7EL9wCe7,404,1119610,3,8,판도라박스,,,참여,N,2024-01-18 15:00:00,2031-01-04 00:00:00,2,800,600,1672710,NONE,2024-01-18 15:05:03
28051,9Bb06zz13Z,1276,1221854,3,8,바바더닷컴_N,30세 이상 여성,,최초 회원가입,N,2024-01-19 11:00:00,2025-09-01 00:00:00,2,1350,1275,2722600,NONE,2024-01-19 11:53:53
28052,9Bb06zz13Z,1276,1221865,3,8,바바더닷컴_N,30세 이상 여성,,최초 회원가입,N,2024-01-19 11:00:00,2025-09-01 00:00:00,1,1350,1275,2722500,NONE,2024-01-19 11:54:11
28302,9Bb06zz13Z,1276,1221887,3,8,바바더닷컴_D,30세 이상 여성,,최초 회원가입,N,2024-02-01 00:00:00,2025-09-01 00:00:00,1,1620,1440,2721700,NONE,2024-01-31 15:51:59
28325,lzmtJ7rADP,1232,1087760,9,0,곰곰 햄버거 하우스,,,모든 서브퀘스트 완료,N,2024-02-05 13:00:00,2025-12-31 00:00:00,2,0,321,2196800,NONE,2024-02-01 13:39:29
28532,c7HcEm5cFd,1444,477321,12,11,[김소형원방] 귀리 호두 단백질 쉐이크 (18g x 50개입),,44100,구매,N,2024-02-08 13:45:05,9999-12-31 23:59:59,7,7249,5070,983490,REJOINABLE,2024-02-08 13:45:04
28781,EdNKMDeUBj,1460,865193,3,10,로보주식플러스,,"16,500",서비스 가입,N,2024-03-07 00:00:00,2031-01-01 00:00:00,7,12000,10000,2682900,NONE,2024-02-20 10:39:15
28928,af52Zi9lQB,1232,1087766,9,0,브레드 버거 하우스,,,모든 서브퀘스트 완료,N,2024-03-04 13:00:00,2025-12-31 00:00:00,2,0,300,2207200,NONE,2024-02-26 15:53:42
28947,fLFW3uBd3f,50,362083,3,3,쿠팡 로지스틱스 채용,20세~54세,,카카오톡 채널추가,N,2024-02-27 10:00:00,2027-05-01 00:00:00,7,230,180,2745900,NONE,2024-02-27 10:14:31
29044,LN8LVgaCme,1287,1087765,9,6,닌자 소녀 키우기,,,모든 서브퀘스트 완료,N,2024-02-29 13:00:00,2025-12-31 00:00:00,2,0,214,2200800,NONE,2024-02-28 19:02:26
29622,x1B4vHuJjC,1257,1087767,9,0,오 마이 앤,,,모든 서브퀘스트 완료,N,2024-03-21 11:00:00,2025-12-31 00:00:00,2,0,321,2212600,NONE,2024-03-20 17:18:29
29699,GbKhK4PGGs,791,367002,3,8,탑운세 7일 무료체험,,,무료체험 신청,N,2024-03-22 10:00:00,2030-01-01 00:00:00,7,2800,2200,2702100,NONE,2024-03-22 10:55:20
30022,UuFhn4SwJt,1232,1087768,9,0,브레드 카드 - 같은 그림 찾기!,,,모든 서브퀘스트 완료,N,2024-04-02 10:00:00,2025-12-31 00:00:00,2,0,371,2214800,NONE,2024-03-25 18:37:47
31179,XT0TtCFMsK,1452,1087772,9,0,크라운 럼블: 방치형 왕국 시뮬레이션,,,모든 서브퀘스트 완료,N,2024-05-03 16:00:00,2025-12-31 00:00:00,2,0,307,2260300,NONE,2024-04-05 14:25:02
31758,GBFkB9uZP6,618,1087770,9,6,소울 오프 링,,,모든 서브퀘스트 완료,N,2024-04-09 15:00:00,2025-12-31 00:00:00,2,0,421,2226800,NONE,2024-04-09 10:55:32
31867,OVAmJK1Kvh,1265,1087776,9,6,타임 워,,,모든 서브퀘스트 완료,N,2024-06-28 16:00:00,2025-12-31 00:00:00,2,0,428,2295200,NONE,2024-04-09 17:13:24
32194,vuLMionmUo,82,369456,3,5,Idle Lumber Empire,,,컴퓨터화 제재소에 도달,N,2024-04-11 15:00:00,2029-11-28 00:00:00,2,918,730,2349200,NONE,2024-04-11 15:47:09
32379,ZSmoNBQm9l,930,369720,12,11,스퀘어가든 퓨어 네이비 빨래바구니,,55000,구매,N,2024-04-12 10:00:00,9999-12-31 00:00:00,7,16363,10600,1204548,REJOINABLE,2024-04-12 10:28:55
32425,bS6C1HR7Tx,930,369776,12,11,[가이타이너] 퓨어클린 침구 진공청소기,,109000,구매,N,2024-04-12 14:00:00,9999-12-31 00:00:00,7,26363,17100,1362820,REJOINABLE,2024-04-12 14:04:59
34045,IhvxEGKBOh,50,373392,10,3,이마트 유튜브,2059 남녀,,구독 및 좋아요,N,2024-04-19 15:00:00,2029-11-01 00:00:00,7,230,160,2729400,NONE,2024-04-19 15:31:37
48584,4S4k0A6EXE,220,1186566,3,8,아이스크림 홈런 무료체험,30세 ~ 58세 여성,,무료체험 신청,N,2024-05-21 14:00:00,2029-11-29 00:00:00,7,1500,1120,2405300,NONE,2024-05-21 14:09:21
49983,0jj48Q6xDk,910,400969,2,1,사람인,,,최초 오픈,N,2024-06-01 13:00:00,2030-01-01 00:00:00,7,200,140,2748000,NONE,2024-05-31 13:50:52
49985,8LWZT4xKs1,1232,1087774,9,0,토마토마토 - 같은 그림 찾기!,,,모든 서브퀘스트 완료,N,2024-06-03 10:00:00,2025-12-31 00:00:00,2,0,371,2281700,NONE,2024-05-31 14:32:23
53592,Xq6yB5Yybe,836,406854,12,11,짐스낵 다이어트 간식 프로틴 단백질 쿠키 과자,,18000,구매,N,2024-06-21 10:00:00,9999-12-31 00:00:00,7,6818,4400,1554608,REJOINABLE,2024-06-21 10:44:52
53610,ErM32MbgHr,930,406876,12,11,스퀘어가든 라포레 IH 프라이팬 세트 3종,,159000,구매,N,2024-06-21 11:00:00,9999-12-31 00:00:00,7,73181,47500,1247235,REJOINABLE,2024-06-21 11:55:53
53624,vnZuOptcKr,930,406890,12,11,김소형 보감탕 30포 [쇼핑백포함],,44000,구매,N,2024-06-21 11:00:00,9999-12-31 00:00:00,7,13636,8800,1304665,REJOINABLE,2024-06-21 11:58:39
53629,9ipzMy1ZEl,930,406895,12,11,[뉴바이오]덴타골드치약 200gx2개 세트,,19800,구매,N,2024-06-21 11:00:00,9999-12-31 00:00:00,7,5727,3700,1138609,REJOINABLE,2024-06-21 11:59:47
55718,NcjKtTo6ao,50,409413,2,1,여신티켓,,,최초 오픈,N,2024-06-24 13:00:00,2029-11-29 00:00:00,1,230,180,2749800,NONE,2024-06-24 13:07:55
56225,xFwInhitco,50,410305,7,3,LG전자 인스타그램,19~44세 유저만 참여 가능,,팔로우,N,2024-06-25 11:00:00,2029-11-29 00:00:00,7,230,180,2729000,NONE,2024-06-25 11:45:34
57013,q1k0ss6vXK,930,411234,12,11,[아이리버] 종아리 EMS 마사지기 CE010,,36000,구매,N,2024-06-26 10:00:00,9999-12-31 00:00:00,7,9000,5800,1363321,REJOINABLE,2024-06-26 10:48:26
57056,MwAWlRiWaX,50,411283,2,1,리본카,30세 이상 신규 유저,,최초 오픈,N,2024-06-26 11:00:00,2029-11-29 00:00:00,1,230,180,2750900,NONE,2024-06-26 11:51:48
70424,BXKhMn7Itx,874,1087777,9,6,돌격 소녀 키우기,,,모든 서브퀘스트 완료,N,2024-07-15 16:00:00,2025-12-31 00:00:00,2,0,107,2297600,NONE,2024-07-15 14:45:25
72057,HAJ6b22dOM,930,438761,12,11,[삼성제약] 삼성쌩쌩관절보단 4g X 60환,,129000,구매,N,2024-07-17 11:00:00,9999-12-31 00:00:00,7,53636,34800,1154840,REJOINABLE,2024-07-17 11:51:08
72969,E0kr3Inw4j,753,440550,3,7,KB다이렉트 자녀보험,,,KB다이렉트 자녀보험 가입,N,2024-07-18 17:00:00,2030-01-01 00:00:00,7,30000,18000,2701800,NONE,2024-07-18 16:20:09
73878,B2IExr4Etq,791,615233,3,8,굿툰 7일 무료체험,,,무료체험 신청,N,2024-07-19 13:00:00,2025-10-01 00:00:00,7,4000,3200,2708200,NONE,2024-07-19 13:37:25
80973,2YvTodHSxt,50,456392,3,7,올바른 내보험 지킴이 서비스,1956~1995년생 유저만 참여 가능,,상담,N,2024-08-01 16:00:00,2029-11-29 00:00:00,7,1000,750,1662768,NONE,2024-08-01 16:43:29
86708,rICmMfimBS,583,1213071,3,8,케이뱅크 최초 회원 가입,,,최초 회원가입,N,2024-08-08 00:00:00,2029-11-29 00:00:00,7,1650,1230,2701200,NONE,2024-08-08 13:31:36
93023,Spv4OIF0aP,1495,1087780,9,6,샥샥샥 군단,,,모든 서브퀘스트 완료,N,2024-08-29 10:00:00,2025-12-31 00:00:00,2,0,614,2340900,NONE,2024-08-28 15:53:15
93240,T5WsVm8lMw,1403,1087789,9,6,삼켜라 드래곤,,,모든 서브퀘스트 완료,N,2024-08-29 16:00:00,2025-12-31 00:00:00,2,0,614,2347100,NONE,2024-08-29 16:15:31
93247,ctjR6qqE1h,1278,1087790,9,6,로드모바일: 킹덤 워즈,,,모든 서브퀘스트 완료,N,2024-08-29 00:00:00,2025-12-31 00:00:00,2,0,429,2347700,NONE,2024-08-29 17:21:14
93248,jon8C9vxuQ,335,1161299,3,7,미래에셋증권 신규고객 이벤트,,,미래에셋증권 계좌개설 완료,N,2024-09-01 00:00:00,9999-12-31 23:59:59,7,10000,7500,2481900,NONE,2024-08-29 17:31:08
93419,5vIkExypk0,930,481006,12,11,가이타이너 자우버 플러스 핸디스팀다리미,,77000,구매,N,2024-08-30 13:00:00,9999-12-31 00:00:00,7,24545,15900,1248148,REJOINABLE,2024-08-30 13:19:43
95751,0WAiBfvo91,50,487625,2,1,[오픈하기] 여신티켓,,,최초 오픈,N,2024-09-10 10:44:45,9999-12-31 23:59:59,2,230,180,2750400,NONE,2024-09-10 10:44:45
95791,BAxJeVoKyF,70,487688,3,8,골드스푼,,,계정 생성 후 심사요청 진행,N,2024-09-10 00:00:00,2031-01-04 00:00:00,1,2640,1980,2485800,NONE,2024-09-10 13:29:06
95878,w4rmBx07Gz,724,1087792,9,6,용호상박,,,모든 서브퀘스트 완료,N,2024-09-10 00:00:00,2025-12-31 00:00:00,2,0,357,2356200,NONE,2024-09-10 17:36:07
96531,dWnELo2zfT,220,489105,3,10,휴대폰안심서비스,,"부가세포함 월 3,300원",서비스 가입,N,2024-09-12 14:00:00,2029-11-28 00:00:00,7,2100,1570,1681651,NONE,2024-09-12 14:36:04
96532,n0qNkJkD2B,1403,1087793,9,6,마왕만만세,,,모든 서브퀘스트 완료,N,2024-09-12 14:00:00,2025-12-31 00:00:00,2,0,471,2356800,NONE,2024-09-12 14:49:24
96590,iduQrfSUVW,1520,1087795,9,6,일당백 히어로입니당,,,모든 서브퀘스트 완료,N,2024-09-16 10:00:00,2025-12-31 00:00:00,2,0,381,2357900,NONE,2024-09-12 17:47:44
96790,R3Ll3NdqKN,1309,1087803,9,6,전설 여우 키우기,,,모든 서브퀘스트 완료,N,2025-01-03 12:00:00,2025-12-31 00:00:00,2,0,321,2412000,NONE,2024-09-13 13:15:41
96793,I8Px5zK2kJ,1495,1087794,9,6,2X,,,모든 서브퀘스트 완료,N,2024-09-13 14:00:00,2025-12-31 00:00:00,2,0,400,2357700,NONE,2024-09-13 14:30:40
100098,uiWA8tBSR5,12,495569,3,8,개발실테스트_참여형_아이브코리아,,,참여,N,2024-09-25 18:00:00,2025-08-23 00:00:00,7,100,80,2383700,ADS_CODE_DAILY_UPDATE,2024-09-25 18:48:43
102017,NWPcrczdhk,335,499387,3,7,자동차보험 상담신청,,,상담신청,N,2024-09-30 14:00:00,2029-11-28 00:00:00,7,2500,1870,2494800,NONE,2024-09-30 14:53:03
103599,ytxT3EyH7I,50,502644,3,10,로보주식플랜,,"월 16,500원",서비스 가입,N,2024-10-04 16:00:00,2029-11-29 00:00:00,7,7000,5250,1673457,NONE,2024-10-04 16:38:43
104300,upxZdcnnJy,930,503887,12,11,[수앤리빙] 마호가니 사각도마,,29000,구매,N,2024-10-07 13:00:00,9999-12-31 00:00:00,7,9090,5900,1247757,REJOINABLE,2024-10-07 13:42:16
104301,5gYNhF0hv5,930,503888,12,11,셰퍼 에디번 전기 그릴 JSK-N4005,,98000,구매,N,2024-10-07 13:00:00,9999-12-31 00:00:00,7,44545,28900,1359032,REJOINABLE,2024-10-07 13:42:25
107066,aOur4iCbOP,1550,1087796,9,6,메이지스시크릿,,,모든 서브퀘스트 완료,N,2024-10-18 13:00:00,2025-12-31 00:00:00,2,0,214,2358300,NONE,2024-10-17 18:43:21
111078,S4M79HsQVj,50,516100,3,7,교보생명 놓친보험금 찾기,25세 이상 신규 유저,,내 보험금 확인하기,N,2024-10-29 15:00:00,2029-11-29 00:00:00,7,1000,750,2510800,NONE,2024-10-29 15:16:03
111396,PtxoWsRcZ3,519,1087798,9,6,장사천재 백사장,,,모든 서브퀘스트 완료,N,2024-10-31 11:00:00,2025-12-31 00:00:00,2,0,571,2375600,NONE,2024-10-30 14:15:38
111400,4Zs9w1aBZN,1403,1087797,9,6,드래곤즈 토템,,,모든 서브퀘스트 완료,N,2024-10-30 14:00:00,2025-12-31 00:00:00,2,0,357,2370700,NONE,2024-10-30 14:33:19
111622,omQLngoLcF,50,517330,2,1,우리동네GS,,,최초 오픈,N,2024-10-31 10:35:55,9999-12-31 23:59:59,2,230,180,2751900,NONE,2024-10-31 10:35:55
111691,TLMNaCsmkG,614,1087799,9,6,픽셀몬 키우기 : 방치형RPG,,,모든 서브퀘스트 완료,N,2024-11-01 10:00:00,2025-12-31 00:00:00,2,0,377,2376900,NONE,2024-10-31 16:20:34
111881,Mto7tnyjI2,1585,519465,3,10,체크플러스,,"3,300",월 자동결제,N,2024-11-01 10:00:00,2030-01-01 00:00:00,7,2000,1400,2591700,NONE,2024-11-01 10:33:07
113001,dMXl3jZGBo,1200,1087800,9,6,Dust Adventure,,,모든 서브퀘스트 완료,N,2024-11-06 10:00:00,2025-12-31 00:00:00,2,0,435,2377000,NONE,2024-11-05 11:52:00
117026,uqk0yEMsmV,220,527206,3,8,비상교육 온리원(30세~58세 여성),,,참여,N,2024-11-18 18:00:00,2030-12-27 00:00:00,7,1200,900,2496300,NONE,2024-11-18 18:06:23
119141,Zf3EKnHQqN,930,530940,12,11,휴라이프 에브리원 헤어드라이어JSK-N4050,,59000,구매,N,2024-11-25 16:00:00,9999-12-31 00:00:00,7,23636,15300,1369044,REJOINABLE,2024-11-25 16:13:00
119866,DKfmBArEoW,82,933572,3,5,한게임 포커,,,한게임 포커 최초 가입 후 7포커 15판 플레이 완료 시,N,2024-11-29 11:00:00,2031-01-03 00:00:00,2,3200,2400,2412900,NONE,2024-11-29 11:54:36
119959,FKzx3Jy9px,50,532376,1,2,70억 좀비 - 라스트워,,,받기,N,2024-11-30 01:00:00,2029-11-29 00:00:00,1,170,120,2757800,NONE,2024-11-29 15:40:56
119999,is0LqkjhBB,1602,1218905,3,8,팬더티비 회원가입+본인인증(남성만 참여가능),,,회원가입+본인인증,N,2024-11-29 16:00:00,2025-08-27 00:00:00,2,1200,800,2728800,NONE,2024-11-29 16:09:04
127894,XM4YeoYuOm,1039,601355,3,8,포춘텔러 무료체험,,,서비스 가입,N,2024-12-12 14:00:00,2029-11-29 00:00:00,7,3000,2100,2574000,NONE,2024-12-12 13:45:16
127899,O73V4J45z2,1621,543823,12,11,[일반] 5만 투표권,,16300,구매,N,2024-12-12 14:00:00,2025-12-13 00:00:00,7,14344,500,2720500,REJOINABLE,2024-12-12 14:05:04
127906,ekM3Uxnl46,1621,543836,12,11,[일반] 10만 투표권 + 1만 보너스,,32500,구매,N,2024-12-12 14:00:00,2025-12-13 00:00:00,7,28600,1100,2721600,REJOINABLE,2024-12-12 14:18:00
127907,JVgDv85ZHw,1621,543838,12,11,[일반] 1만 투표권,,3300,구매,N,2024-12-12 14:00:00,2025-12-13 00:00:00,7,2904,100,2720600,REJOINABLE,2024-12-12 14:18:59
127908,pjr3VCcCct,1621,543840,12,11,[일반] 30만 투표권 + 4만 보너스,,97500,구매,N,2024-12-12 14:00:00,2025-12-13 00:00:00,7,85800,3400,2720000,REJOINABLE,2024-12-12 14:20:12
128557,I0a2rBVOMz,614,1087801,9,6,픽셀 영웅전설 : 방치형 파티플RPG,,,모든 서브퀘스트 완료,N,2024-12-13 13:00:00,2025-12-31 00:00:00,2,0,328,2379100,NONE,2024-12-13 12:05:59
130081,bt2mo1PjKN,1621,547647,12,11,[실버] 5만 투표권 + 500 등급 보너스,,16300,구매,N,2024-12-18 18:00:00,2025-12-19 00:00:00,7,14482,505,2701500,REJOINABLE,2024-12-18 18:27:32
130646,yz85Bs6Ju4,1597,596917,3,8,Crypto Miner Tycoon,,,NFT 수집,N,2024-12-20 15:00:00,2031-01-04 00:00:00,2,7200,5300,2443700,NONE,2024-12-20 15:38:21
131204,gFzM8HiBi8,84,1220701,1,2,"the EndAnd, 디자이너 브랜드 중고거래",,,받기,N,2024-12-23 00:00:00,2025-08-29 00:00:00,1,190,120,2759600,NONE,2024-12-23 15:12:08
131233,BB62hcDJ5V,1597,1069054,3,5,Supreme King: Earn Money,,,앱에서 아무 게임이나 45분 동안 플레이하고 바우처를 획득,N,2024-12-23 17:00:00,2031-01-03 00:00:00,2,2040,1500,2442000,NONE,2024-12-23 17:17:14
131360,bua4hUopbI,1462,1087802,9,6,운빨 키우기,,,모든 서브퀘스트 완료,N,2024-12-24 15:00:00,2025-12-31 00:00:00,2,0,257,2380600,NONE,2024-12-24 10:29:08
133706,bVY5w7LS7b,753,1205664,3,8,어센틱금융그룹 내보험조회,,,내 보험 조회,N,2025-01-03 16:00:00,2025-09-04 00:00:00,7,1500,1100,2682700,NONE,2025-01-03 16:36:57
135570,GwMLypPI94,1597,559813,3,2,Survivor Idle Run,,,퀘스트 #150 완료,N,2025-01-08 10:00:00,2031-01-04 00:00:00,2,9000,4800,2445600,NONE,2025-01-08 10:36:57
136445,IQC8rLq0pP,1613,1087804,9,6,APEX GIRLS,,,모든 서브퀘스트 완료,N,2025-01-09 10:00:00,2025-12-31 00:00:00,2,0,429,2428600,NONE,2025-01-09 10:36:04
138935,BpxkFQSGkF,724,1087805,9,6,정력 「正力」,,,모든 서브퀘스트 완료,N,2025-01-14 20:00:00,2025-12-31 00:00:00,2,0,464,2430400,NONE,2025-01-14 19:57:46
139969,5FYFxvJklH,578,1087807,9,6,로스트소드,,,모든 서브퀘스트 완료,N,2025-01-16 17:00:00,2025-12-31 00:00:00,2,0,428,2430900,NONE,2025-01-16 11:39:58
140001,rby4ensuAu,777,1087806,9,6,로얄볼트 : 스크류 퍼즐,,,모든 서브퀘스트 완료,N,2025-01-16 15:00:00,2025-12-31 00:00:00,2,0,429,2430800,NONE,2025-01-16 13:51:27
140016,NaSIlOVUQx,220,640977,3,8,빗썸,,,최초 회원가입 후 계좌등록,N,2025-01-16 14:00:00,2031-01-03 00:00:00,2,5000,3750,2496700,NONE,2025-01-16 14:37:27
140831,xHsrPrOo0s,1597,568252,3,5,RAID: Shadow Legends,,,영웅 6성 업그레이드,N,2025-01-17 10:00:00,2030-12-27 00:00:00,2,18000,13000,2446300,NONE,2025-01-17 10:40:06
140832,TNXPs263rn,1597,1209807,3,5,MONEY CASH - 게임 플레이 및 돈 벌기,,,Money Cash 앱에서 아무 게임이나 45분 동안 플레이하고 바우처 회득,N,2025-01-17 10:00:00,2031-01-04 00:00:00,2,9936,7400,2449900,NONE,2025-01-17 10:44:50
146307,FazIjI3PRI,1495,1087808,9,6,다크엔젤 : 심연의 날개,,,모든 서브퀘스트 완료,N,2025-01-22 18:00:00,2025-12-31 00:00:00,2,0,436,2435100,NONE,2025-01-22 17:17:37
146797,p5LJ3M8UNa,1615,580848,12,11,면세점입점 나틴다 승무원팩트 실키커버 23호,,18710.0,구매,N,2025-01-23 17:00:00,9999-12-31 00:00:00,7,6090,3900,1534924,REJOINABLE,2025-01-23 17:39:26
150733,8ygikxCmsr,1615,588657,12,11,화곡원 여주해죽순돼지감자차 30티백,,10900.0,구매,N,2025-01-31 09:00:00,9999-12-31 00:00:00,7,5636,3600,1314985,REJOINABLE,2025-01-31 09:24:13
150737,6c0MpFqT9d,1615,588663,12,11,나틴다 콜라겐 수분채움 크림 200ml,,18810.0,구매,N,2025-01-31 09:00:00,9999-12-31 00:00:00,7,7827,5000,1525335,REJOINABLE,2025-01-31 09:59:09
150746,Ql7GlOBuQr,1615,588728,12,11,라끄시안 화이트 퍼퓸 핸드크림 100ml,,6260.0,구매,N,2025-01-31 10:00:00,9999-12-31 00:00:00,7,3236,2100,1536308,REJOINABLE,2025-01-31 10:03:43
150752,7EtV8sE6FM,1615,588846,12,11,굿매너 롱앤소프트 화장지 (40m x 30롤),,31000.0,구매,N,2025-01-31 10:00:00,9999-12-31 00:00:00,7,10454,6700,1363369,REJOINABLE,2025-01-31 10:07:11
150754,3GcPGqLb2l,1615,588848,12,11,굿매너 뽑아쓰는 키친타올 3겹(100매×9팩),,17500.0,구매,N,2025-01-31 10:00:00,9999-12-31 00:00:00,7,5909,3800,1363633,REJOINABLE,2025-01-31 10:07:59
150763,zeBL2zppmO,1615,588857,12,11,[여드름성 피부특화] 카밍 리프래쉬 클렌징 폼,,15000.0,구매,N,2025-01-31 10:00:00,9999-12-31 00:00:00,7,6000,3900,1541612,REJOINABLE,2025-01-31 10:12:06
150779,cPFhtwAGJN,1615,588901,12,11,류현진 데이렉스 엑소좀겔 마사지 크림 50g,,12000.0,구매,N,2025-01-31 10:00:00,9999-12-31 00:00:00,7,4454,2800,1544829,REJOINABLE,2025-01-31 10:57:17
152575,k5ZBovvoJC,335,592533,3,5,머지아일랜더스,,,day 8을 완료,N,2025-02-04 15:00:00,2029-11-29 00:00:00,2,3000,2250,2412800,NONE,2025-02-04 15:47:11
155279,akZbjBJiAR,70,1191673,3,8,쿠팡 회원가입하면 0원에 구매 가능,,,최초 회원가입,N,2025-02-13 14:00:00,2031-01-04 00:00:00,2,1440,1080,2530100,NONE,2025-02-13 14:59:10
157236,LSEAAp48mX,1505,601246,3,4,[플레이스 저장] 키워드랩 (12434),,,플레이스 저장 하기,N,2025-02-17 10:23:37,9999-12-31 23:59:59,7,30,20,1366256,NONE,2025-02-17 10:23:37
157242,vRYuc0n012,930,601254,12,11,2+1 블랙앵거스 양념 LA갈비1kg+500g,,29800.0,구매,N,2025-02-17 11:00:00,9999-12-31 00:00:00,7,6181,4000,1623922,REJOINABLE,2025-02-17 11:10:10
157250,Jzn4Bncsku,930,601262,12,11,몬타 5분 점보솥밥 플러스 3-4인용,,109000.0,구매,N,2025-02-17 11:00:00,9999-12-31 00:00:00,7,21818,14100,1247841,REJOINABLE,2025-02-17 11:17:41
157258,452tnuP5hI,930,601270,12,11,휴라이프 슬림업 바디마사지기 화이트,,119000.0,구매,N,2025-02-17 11:00:00,9999-12-31 00:00:00,7,41363,26800,1368589,REJOINABLE,2025-02-17 11:23:36
157260,9OAWfGVY7x,930,601272,12,11,[스위스밀리터리] 이지쿡 1구 인덕션,,79000.0,구매,N,2025-02-17 11:00:00,9999-12-31 00:00:00,7,21818,14100,1247726,REJOINABLE,2025-02-17 11:23:58
158699,ITr9HcWYFw,1615,604030,12,11,노블레스 천연벌꿀 28스틱 (쇼핑백동봉),,76000.0,구매,N,2025-02-20 10:00:00,9999-12-31 00:00:00,7,53454,34700,1316148,REJOINABLE,2025-02-20 10:13:16
163047,4JfzgSgu8P,1355,613832,3,5,Waffle Puffle,,,레스토랑5 도달,N,2025-02-27 16:00:00,2035-01-01 00:00:00,2,1920,1440,2480100,NONE,2025-02-26 16:04:53
163130,IBNaGNEZv4,1355,613855,3,5,슬라임 성 - 아이들 타워 디펜스,,,"Chapter3,wave1도달",N,2025-02-27 16:00:00,2035-01-01 00:00:00,2,1600,1200,2459400,NONE,2025-02-26 16:31:50
163132,X2EJcQA27E,1355,613720,3,5,Brain Test All-Star: IQ Boost(레벨500 도달),,,레벨500 도달,N,2025-02-27 15:00:00,2035-01-01 00:00:00,2,2400,1800,2436500,NONE,2025-02-26 16:32:10
163137,gru3yTNRoM,1355,613862,3,5,My Gym(Level16 도달),,,Level16 도달,N,2025-02-27 16:00:00,2035-01-01 00:00:00,2,1280,960,2450700,NONE,2025-02-26 16:35:10
163140,vu1T8Bci8Z,1355,613865,3,5,마이 크루즈：보트 시뮬레이션 타이쿤,,,Level 30도달,N,2025-02-27 16:00:00,2035-01-01 00:00:00,2,2240,1680,2439100,NONE,2025-02-26 16:35:36
163156,Nseaypb5sb,1355,613880,3,5,스매시 파티(Smash Party),,,노말모드에서 월드8 클리어,N,2025-02-27 16:00:00,2035-01-01 00:00:00,2,8000,6000,2445000,NONE,2025-02-26 16:47:04
163177,tM4nUytA6h,1355,613900,3,5,Gemdoku: 나무 블록 퍼즐,,,레벨 500 클리어,N,2025-02-27 16:00:00,2035-01-01 00:00:00,2,3600,2700,2435600,NONE,2025-02-26 17:02:51
163183,xQhc6rYSPS,1355,613906,3,5,로얄매치(Royal Match),,,19번 장소 도달,N,2025-02-27 16:00:00,2035-01-01 00:00:00,2,13600,10200,2473200,NONE,2025-02-26 17:05:57
163198,e5RUkdisvp,1355,1154266,3,5,Big Card Solitaire(레벨100 도달),,,레벨100 도달,N,2025-02-27 16:00:00,2031-01-03 00:00:00,2,960,720,2445300,NONE,2025-02-26 17:17:43
163207,jF6XfT0T0y,1355,627198,3,5,Crazy Sort,,,레벨100 도달,N,2025-02-27 16:00:00,2031-01-03 00:00:00,2,2400,1800,2455800,NONE,2025-02-26 17:24:34
163208,6SHVLfe6YQ,1355,613930,3,5,군사 거물 프로젝트(헬리콥터 운항 구역 해제),,,헬리콥터 운항 구역 해제,N,2025-02-27 16:00:00,2035-01-01 00:00:00,1,1680,1260,2471000,NONE,2025-02-26 17:25:20
163209,RQc2HyHO4Z,1355,613931,3,5,군사 거물 프로젝트(헬리콥터 운항 구역 해제),,,헬리콥터 운항 구역 해제,N,2025-02-27 16:00:00,2031-01-04 16:50:00,2,1680,1260,2444000,NONE,2025-02-26 17:25:22
163211,SLx7pNjv97,1355,649658,3,5,Block Joy,,,Journey 모드로 레벨 51 도달,N,2025-02-27 16:00:00,2029-11-29 00:00:00,1,800,600,2464500,NONE,2025-02-26 17:25:54
163214,OMqemMlZ6O,1355,613936,3,5,Block Joy,,,Journey 모드로 레벨 51 도달,N,2025-02-27 16:00:00,2035-01-01 00:00:00,2,1040,780,2461700,NONE,2025-02-26 17:26:54
163225,Zfq5GykxYv,1355,1190532,3,5,Pizza Perfect!,,,레스토랑 5도달,N,2025-02-27 16:00:00,9999-12-31 23:59:59,2,1680,1260,2454500,NONE,2025-02-26 17:32:15
163237,yYOMfX3exZ,1355,1146433,3,5,샤크 샤크 진화론(Lv.40 돌묵상어 해제하기),,,Lv.40 돌묵상어 해제하기,N,2025-02-27 16:00:00,2031-01-03 00:00:00,2,2000,1500,2442400,NONE,2025-02-26 17:42:30
163238,cXAiYyHcKs,1355,1146432,3,5,샤크 샤크 진화론(Lv.40 돌묵상어 해제하기),,,Lv.40 돌묵상어 해제하기,N,2025-02-27 16:00:00,2031-01-03 00:00:00,1,2000,1500,2444900,NONE,2025-02-26 17:42:31
163244,dPj4sZ6GbT,1355,613966,3,5,황야의 생존자,,,"난이도1,최고웨이브 300도달",N,2025-02-27 16:00:00,2035-01-01 00:00:00,2,2240,1680,2422400,NONE,2025-02-26 17:46:58
163247,m2KbabP113,1355,613969,3,5,Go Candy!,,,900M에 도달,N,2025-02-27 16:00:00,2035-01-01 00:00:00,2,2400,1800,2439400,NONE,2025-02-26 17:49:27
163254,r78MSmvuQk,1355,1185452,3,5,Save the Pets,,,깊이 850M 도달,N,2025-02-27 16:00:00,2031-01-03 00:00:00,1,1440,1080,2450800,NONE,2025-02-26 17:57:33
163255,sVp71w4j9s,1355,1135508,3,5,디자인 하우스(머지 게임),,,레벨12 도달,N,2025-02-27 16:00:00,2029-11-29 00:00:00,2,3600,2700,2427400,NONE,2025-02-26 17:57:52
168828,CxZ48rIVgS,930,623827,12,11,더 퍼스트 프리미엄 골드 스팀 헤어팩 마스크,,32000,구매,N,2025-03-07 11:00:00,9999-12-31 00:00:00,7,11818,7600,1552933,REJOINABLE,2025-03-07 11:35:47
168829,NoA60Iy0yp,930,623828,12,11,이희 헤리티지 딥 그린 샴푸 480ml,,47000,구매,N,2025-03-07 11:00:00,9999-12-31 00:00:00,7,19090,12400,1552935,REJOINABLE,2025-03-07 11:35:51
168830,hwpc2MnLCU,930,623829,12,11,이희 퀸즈골드 케라틴 키퍼 120ml,,37000,구매,N,2025-03-07 11:00:00,9999-12-31 00:00:00,7,15454,10000,1552792,REJOINABLE,2025-03-07 11:35:54
168831,OiRZvHH6Ll,930,623830,12,11,라에스떼 셀토닝샷 그래핀 필링 패드,,49000,구매,N,2025-03-07 11:00:00,9999-12-31 00:00:00,7,19090,12400,1552096,REJOINABLE,2025-03-07 11:35:59
168902,qjNwV2tv0c,724,1087809,9,6,붉은 신화 : 나타,,,모든 서브퀘스트 완료,N,2025-03-07 15:00:00,2025-12-31 00:00:00,2,0,536,2472600,NONE,2025-03-07 15:15:11
174797,wqJzO8XJFc,1615,635069,12,11,코스모팜 포스트 그린RTG오메가3 (6개월분),,170000,구매,N,2025-03-14 18:00:00,9999-12-31 00:00:00,7,63636,41300,1307502,REJOINABLE,2025-03-14 18:19:21
177927,MWJPb9G42Q,1622,1087811,9,6,같은 돌이니 아이돌 하겠습니다 : 아이돌 키우기,,,모든 서브퀘스트 완료,N,2025-03-21 11:56:00,2025-12-31 00:00:00,2,0,429,2482000,NONE,2025-03-19 16:09:31
178898,S4kLYYlRBC,598,1087810,9,6,스피릿 테일즈,,,모든 서브퀘스트 완료,N,2025-03-20 15:00:00,2025-12-31 00:00:00,2,0,464,2481800,NONE,2025-03-20 15:28:54
179092,8nYbdmScdJ,318,643322,3,4,초이스 맞추기 3.20,,,퀴즈 맞추기,N,2025-03-20 19:06:51,9999-12-31 23:59:59,7,13,9,1368422,NONE,2025-03-20 19:06:51
182421,VscWFvnLqm,874,1087812,9,6,로스트 템플,,,모든 서브퀘스트 완료,N,2025-03-25 14:30:00,2025-12-31 00:00:00,2,0,250,2482300,NONE,2025-03-24 18:05:41
183572,vW29CAyb1Z,1355,1104346,3,5,Train Miner: 놀면서 철도 게임,,,Bamboo Forest 클리어,N,2025-03-25 18:00:00,2031-01-03 00:00:00,2,2000,1500,2477700,NONE,2025-03-25 18:23:56
183575,mlEsh2YyXY,1355,651755,3,5,시험지를 숨겨라!,,,랜덤 모드 100스테이지 클리어,N,2025-03-25 18:00:00,2029-11-29 00:00:00,1,800,640,2457000,NONE,2025-03-25 18:25:04
210162,c55IXnJeaz,82,714975,3,10,로보주식픽(만 20세 이상),만 20세 이상 참여 가능,,서비스 가입 완료,N,2025-03-28 16:00:00,2031-01-03 00:00:00,7,10000,7500,1678902,NONE,2025-03-28 16:38:05
243651,wilYtNg7MU,220,792663,3,10,쿠팡 2만원 이상 구매하기,,,쿠팡 2만원 이상 구매,N,2025-04-01 16:00:00,2030-12-27 00:00:00,2,400,300,2476500,ADS_CODE_DAILY_UPDATE,2025-04-01 16:55:11
243653,udOf9WHnUs,220,792672,3,10,쿠팡 4만원 이상 구매하기,,,쿠팡 4만원 이상 구매,N,2025-04-01 17:00:00,2030-12-28 00:00:00,2,800,600,2476300,ADS_CODE_DAILY_UPDATE,2025-04-01 16:59:00
254782,DM8giVu8SH,1615,818942,12,11,[설수련] 진 한방 농축 스킨케어 5종세트,,133000.0,구매,N,2025-04-02 10:00:00,9999-12-31 00:00:00,7,105909,68800,1529035,REJOINABLE,2025-04-02 10:14:37
254794,1fyh6d2kxb,1615,818959,12,11,퍼니트 하루하나 유기농 레자몽 14포,,12900.0,구매,N,2025-04-02 10:00:00,9999-12-31 00:00:00,7,4363,2800,1626800,REJOINABLE,2025-04-02 10:36:28
254798,Lrybkwe5du,1615,818963,12,11,맛다움 프리미엄 짜장 350g,,8000.0,구매,N,2025-04-02 10:00:00,9999-12-31 00:00:00,7,3181,2000,1557981,REJOINABLE,2025-04-02 10:39:52
254799,ceCjk42s5l,1615,818964,12,11,맛다움 해물짬뽕 450g,,8500.0,구매,N,2025-04-02 10:00:00,9999-12-31 00:00:00,7,2909,1800,1637023,REJOINABLE,2025-04-02 10:39:56
254820,g0fTAJSm4Y,1042,1069179,9,6,드래곤빌리지 컬렉션,,,모든 서브퀘스트 완료,N,2025-04-02 15:40:00,2025-12-31 23:59:00,2,0,464,2487400,NONE,2025-04-02 11:34:30
264263,qpOOSqZIJ7,1355,1188515,3,5,Berry Factory Tycoon(캔디컴바인으로 이동)(Android),,,캔디컴바인으로 이동,N,2025-04-03 11:02:00,2031-01-04 00:00:00,2,4480,3360,2444600,NONE,2025-04-03 11:02:44
264408,0eoe2MRlyY,1597,1092316,3,5,마비노기 모바일,,,레벨 5 달성 완료,N,2025-04-03 16:00:00,2031-01-04 00:00:00,2,2040,1500,2451000,NONE,2025-04-03 16:19:08
264409,qSO3YQfGzX,1597,841544,3,5,Battle Night: Cyberpunk RPG,,,오렌지 영웅 1명 모으기,N,2025-04-03 16:00:00,2031-01-03 00:00:00,2,5400,3800,2447400,NONE,2025-04-03 16:20:42
313780,8EYLjzemoH,1597,959775,3,5,The Farmers,,,레벨 50 완료,N,2025-04-09 10:00:00,2031-01-03 00:00:00,2,6000,4500,2447700,NONE,2025-04-09 10:39:25
313781,pEdrA6aQNh,1597,959774,3,5,The Farmers,,,레벨 50 완료,N,2025-04-09 10:00:00,2030-12-27 00:00:00,1,9000,6500,2448600,NONE,2025-04-09 10:40:18
314077,VeMK53O0wY,1355,1132714,3,5,여행 이야기: 병합된 여정,,,레벨12 도달,N,2025-04-10 09:40:00,2029-11-29 00:00:00,2,3200,2400,1536067,NONE,2025-04-10 09:40:19
314085,GuRKvN3pwU,724,1102398,9,6,여소,,,모든 서브퀘스트 완료,N,2025-05-20 18:00:00,2025-12-31 23:59:00,2,0,464,2548100,NONE,2025-04-10 11:02:43
314153,dxAh8jfYxM,220,960468,3,10,쿠팡 4만원 이상 구매하기,,,참여,N,2025-04-10 15:00:00,2030-12-27 00:00:00,1,800,600,2480300,NONE,2025-04-10 15:38:50
314180,9Ig16ZYf7x,1637,1087813,9,6,천년어게인,,,모든 서브퀘스트 완료,N,2025-04-10 18:00:00,2025-12-31 00:00:00,2,0,464,2490200,NONE,2025-04-10 17:50:53
334540,3klpQP05kc,735,1222226,3,8,꿀밤티비,성인인증,,최초 오픈 후 성인 컨텐츠에서 인증,N,2025-04-14 17:00:00,2025-08-31 00:00:00,2,1500,1000,2729500,NONE,2025-04-14 17:23:44
334542,3RWdqVuBes,735,1222216,3,8,꿀물티비,성인인증,,최초 오픈 후 성인 컨텐츠에서 인증,N,2025-04-14 17:00:00,2025-08-31 00:00:00,2,1500,1000,2729600,NONE,2025-04-14 17:29:09
334543,dPdD08CEBi,735,1222204,3,8,핑크티비,성인인증,,최초 오픈 후 성인 컨텐츠에서 인증,N,2025-04-14 17:00:00,2025-08-31 00:00:00,2,1500,1000,2731900,NONE,2025-04-14 17:31:05
339422,yCD2ikMgc6,1597,1096733,3,5,윈조이 포커,,,플레이 100 회,N,2025-04-15 10:00:00,2031-01-03 00:00:00,2,4800,3600,2453300,NONE,2025-04-15 10:26:11
349591,R2mZWKJvLV,1355,1168233,3,5,라이즈 오브 킹덤즈(시청 16레벨 달성),,,시청 16레벨 달성,N,2025-04-17 16:50:00,2031-01-04 00:00:00,2,13600,10200,2472100,NONE,2025-04-17 16:50:24
350415,9VIbFmxcD8,1595,1056097,9,6,포켓시티빌더,,,모든 서브퀘스트 완료,N,2025-04-18 14:00:00,2025-12-31 23:59:00,2,0,357,2492300,NONE,2025-04-18 11:45:17
351170,5OYV3DotIi,1597,1220952,3,5,Cash Cow,,,15K 코인 획득,N,2025-04-21 10:00:00,2031-01-04 00:00:00,2,9600,7200,2449400,NONE,2025-04-21 10:14:02
351202,hKdPGnAFfv,618,1081175,9,6,신마 천명: 불여우뎐,,,모든 서브퀘스트 완료,N,2025-05-07 18:00:00,2025-12-31 23:59:00,2,0,464,2493700,NONE,2025-04-21 14:01:55
351224,8XvSIJ5sz7,335,1057453,3,10,USIM스마트인증 서비스,,,USIM스마트인증 가입,N,2025-04-21 15:00:00,2029-11-28 00:00:00,7,900,720,2530800,NONE,2025-04-21 15:27:08
355220,wxkYFmuFCL,335,1066659,3,8,뉴스캐시,,,회원가입,N,2025-04-23 18:00:00,2029-11-29 00:00:00,7,500,400,2544100,NONE,2025-04-23 18:02:34
355749,ScNmQpyXs5,293,1067588,2,1,업비트 최초 열기,,,최초 오픈,N,2025-04-25 09:22:47,9999-12-31 23:59:59,2,240,190,2750800,NONE,2025-04-25 09:22:47
355780,SyQ1YsLyAm,335,1212485,3,8,롯데호텔 리워즈,20세~55세,,회원가입,N,2025-04-25 11:00:00,2031-01-04 00:00:00,2,1000,750,2700700,NONE,2025-04-25 11:50:03
355782,BWtwgNjMPO,614,1071156,9,6,둥둥삼국: 수집 방치형 RPG,,,모든 서브퀘스트 완료,N,2025-05-01 10:00:00,2025-12-31 23:59:00,3,0,250,2494400,NONE,2025-04-25 11:52:29
356686,Eee4DpAaFM,50,1069279,3,8,후엠아이,,,회원가입,N,2025-04-28 15:00:00,2029-11-29 00:00:00,1,1000,750,2683600,NONE,2025-04-28 15:38:55
356716,IrzJBbE0QT,1407,1222296,3,3,충청남도 페이스북,,,팔로잉,N,2025-04-28 16:00:00,2025-08-23 00:00:00,7,280,120,2760400,NONE,2025-04-28 16:48:30
356956,1UNE1La9yv,1512,1069761,3,13,쿠팡 출석체크 [재참여가능],,,클릭 후 3초동안 상품구경,N,2025-04-29 00:00:00,2025-09-30 23:59:00,7,5,5,2734500,ADS_CODE_DAILY_UPDATE,2025-04-29 08:07:06
357626,ZtsbKQFLtc,70,1071168,3,7,삼성화재 다이렉트 내 차 보험료 확인,,,내 차 보험료 조회하면,N,2025-04-30 16:00:00,2030-12-31 00:00:00,7,2800,2100,2700600,NONE,2025-04-30 16:11:51
360191,J4KNzc5rRU,1597,1075553,3,5,Merge Islanders: Magic Puzzle,,,15일차 완료,N,2025-05-08 10:00:00,2031-01-03 00:00:00,1,9000,6700,2449800,NONE,2025-05-08 10:45:33
360192,GNV6XpPUoi,1597,1075547,3,5,Merge Islanders: Magic Puzzle,,,15일차 완료,N,2025-05-08 10:00:00,2031-01-03 00:00:00,2,6000,4500,2449700,NONE,2025-05-08 10:47:13
360377,JfGMPU7Xi1,1637,1211249,9,6,라테일 플러스,,,모든 서브퀘스트 완료,N,2025-05-16 16:00:00,2025-12-31 23:59:00,2,0,321,2521500,NONE,2025-05-08 14:26:07
361165,yk3o4M1huc,1355,1077143,3,5,Color Sort Water Purrfect Puzzle,,,Challenge 7 클리어,N,2025-05-09 15:12:15,9999-12-31 23:59:59,2,2560,1920,2457700,NONE,2025-05-09 15:12:14
361334,TGsJvoI6RY,335,1077433,3,5,캐리비안의해적,,,요새 레벨 13을 달성,N,2025-05-09 18:00:00,2029-11-29 00:00:00,2,2000,1500,2454000,NONE,2025-05-09 18:43:09
361335,hPfeI4pSMI,335,1077432,3,5,캐리비안의해적,,,요새 레벨 13을 달성,N,2025-05-09 18:00:00,2029-11-29 00:00:00,1,2000,1500,2459300,NONE,2025-05-09 18:43:29
362647,ueGbK1QkBY,1615,1079592,12,11,쿨링조이 냉감 패드 K,,107500,구매,N,2025-05-12 10:00:00,9999-12-31 00:00:00,7,47727,31000,1352125,REJOINABLE,2025-05-12 10:10:43
362823,vUfwCDhlvA,70,1079874,3,8,여보야 (여성),,,회원가입 후 프로필 완성,N,2025-05-12 16:00:00,2030-12-31 00:00:00,2,1400,1050,2591800,NONE,2025-05-12 16:21:03
363043,z4gwT1Udfj,910,1080234,3,8,파블로,,,회원가입,N,2025-05-13 10:00:00,2032-01-01 00:00:00,2,800,640,2510500,NONE,2025-05-13 10:13:45
363121,ssW4eIJkEo,82,1080354,3,5,패션 배틀,,,레벨 300 완료,N,2025-05-13 12:00:00,2030-12-27 00:00:00,2,4500,3370,2423000,NONE,2025-05-13 11:59:40
363122,qUMq0t7b9R,82,1080355,3,5,드릴 앤 콜렉트,,,50 에리어 완료,N,2025-05-13 12:00:00,2030-12-27 00:00:00,2,18500,13800,2426400,NONE,2025-05-13 12:00:54
364104,FVwzOWCcJd,1597,1081960,3,5,헬로 타운,,,레벨 60 완료,N,2025-05-15 10:00:00,2031-01-03 00:00:00,1,18000,12000,2452500,NONE,2025-05-15 10:17:54
364106,OnaECFOwGL,791,1088741,3,10,미툰 코인 구매 (5천원 이상),,,코인 구매,N,2025-05-15 14:00:00,2031-01-04 00:00:00,7,4000,3200,2719400,NONE,2025-05-15 10:42:24
364170,s3JqIUxmyc,119,1102389,9,6,나 혼자 네크로맨서 키우기 : 방치형 RPG,,,모든 서브퀘스트 완료,N,2025-05-20 11:00:00,2025-12-31 23:59:00,2,0,464,2544500,NONE,2025-05-15 14:10:36
364671,c9GnZgmq9s,1597,1082956,3,5,Merge Sweets,,,레벨 45를 완료,N,2025-05-16 10:00:00,2031-01-04 00:00:00,2,9600,7000,2451600,NONE,2025-05-16 10:18:31
365009,nVqE3v4haV,50,1222543,3,8,뤼튼,,,"회원가입 후, 메인 화면 접속",N,2025-05-16 16:00:00,2029-11-29 00:00:00,2,800,600,2548300,NONE,2025-05-16 16:23:58
366118,dMLDnAu8fe,50,1222544,3,8,뤼튼,,,"회원가입 후, 메인 화면 접속",N,2025-05-19 10:00:00,2029-11-29 00:00:00,1,800,600,2547400,NONE,2025-05-19 10:02:09
366703,Q98exoD41h,1495,1087583,9,6,아케론:종말의서곡,,,모든 서브퀘스트 완료,N,2025-05-23 10:00:00,2025-12-31 23:59:00,2,0,257,2548600,NONE,2025-05-20 11:33:25
366704,XTF4ywPlHw,50,1086524,3,8,[회원가입] 후엠아이,,,회원가입,N,2025-05-20 11:00:00,2029-11-29 00:00:00,2,1000,750,2700100,NONE,2025-05-20 11:47:35
368106,3FMA8fDSgF,318,1089000,3,4,닥터초이스맞추기 5.23,,,퀴즈 맞추기,N,2025-05-23 13:07:47,9999-12-31 23:59:59,7,16,11,1369044,NONE,2025-05-23 13:07:47
368471,QLAImZDWLc,1644,1115940,9,6,캣앤캐치: 앨리의 낚시 이야기,,,모든 서브퀘스트 완료,N,2025-06-09 14:00:00,2025-12-31 23:59:00,2,0,214,2559200,NONE,2025-05-23 16:59:42
368474,CUGL3s8SCN,1597,1089749,3,5,드래곤 엠파이어,,,영주성 레벨 23 진입 및 인앱 결제 3회 완료,N,2025-05-23 17:00:00,2031-01-04 00:00:00,2,33600,25000,2454800,NONE,2025-05-23 17:03:15
369816,MpXT11IBSl,1597,1092083,3,5,Time Master,,,Complete Location 50,N,2025-05-26 18:00:00,2029-11-28 00:00:00,2,3600,2700,2454600,NONE,2025-05-26 18:14:09
369820,DK0fAehXtD,1597,1092090,3,5,Hero Wars: Alliance,,,Complete Level 50,N,2025-05-26 18:00:00,2029-11-29 00:00:00,2,12000,9000,2453700,NONE,2025-05-26 18:36:56
370807,HpRAQ8z0N3,318,1093872,3,4,90포 흑염소헬스 맞추기 5.28,,,퀴즈 맞추기,N,2025-05-28 13:07:56,9999-12-31 23:59:59,7,16,11,1369139,NONE,2025-05-28 13:07:56
372305,x1ZeqhJwFs,1597,1096740,3,5,"Happy Color® - 컬러링북, 숫자 색칠 게임",,,그림 250개 색칠,N,2025-05-30 10:00:00,2031-01-04 00:00:00,1,20400,14000,2455500,NONE,2025-05-30 10:08:17
372307,oj212GwFsd,1597,1192353,3,5,"Happy Color® - 컬러링북, 숫자 색칠 게임",,,그림 250개 색칠,N,2025-05-30 10:00:00,2031-01-03 00:00:00,2,15600,11700,2456300,NONE,2025-05-30 10:09:21
372782,53Z9vSufPi,910,1207661,2,1,일상비일상의틈,,,최초 오픈,N,2025-06-01 00:00:00,2029-11-29 00:00:00,2,200,160,2747600,NONE,2025-05-30 16:28:32
373073,NMxunYzTYv,1596,1097914,3,4,[정답입력] 춘천맛집,,,네이버 플레이스 지도 거리 입력하기,N,2025-05-30 19:32:15,9999-12-31 23:59:59,7,18,12,1369139,ADS_CODE_DAILY_UPDATE,2025-05-30 19:32:15
375597,8lj4EGPILk,1615,1102432,12,11,[고단백 칼슘우유] 오트오브맘 바나나 24팩,,23900,구매,N,2025-06-02 16:00:00,9999-12-31 00:00:00,7,5181,3300,1554770,REJOINABLE,2025-06-02 16:09:20
375600,tyw10LGrzt,1615,1102435,12,11,[체지방감소 인정] 오브맘 다이어트유산균30P,,48720,구매,N,2025-06-02 16:00:00,9999-12-31 00:00:00,7,29290,19000,1541374,REJOINABLE,2025-06-02 16:09:40
382937,7xskkD1ECc,1597,1115739,3,2,Castle Duels: PvP Arena Battle,,,아레나 13 잠금 해제,N,2025-06-09 10:00:00,2031-01-04 00:00:00,2,9600,7200,2455100,NONE,2025-06-09 10:11:36
383037,s7MdODstKB,1646,1222581,3,8,블랙야크 신세계센텀 카카오톡 간편 회원가입,,,카카오 간편 회원가입 후 카톡 친구 추가 메시지 캡쳐 후 제출,N,2025-06-09 14:00:00,2025-08-24 00:00:00,7,1200,600,2762900,NONE,2025-06-09 14:28:59
383077,VUNgedhbfq,50,1116017,3,10,롯데마트 제타,,,2만원이상 첫 구매,N,2025-06-09 17:00:00,2030-12-28 00:00:00,2,2400,1800,2544400,NONE,2025-06-09 17:04:10
384191,7SxQmIZKmB,1596,1117847,3,4,[정답입력] 노량진맛집,,,네이버 플레이스 지도 거리 입력하기,N,2025-06-10 21:27:09,9999-12-31 23:59:59,7,18,12,1369271,ADS_CODE_DAILY_UPDATE,2025-06-10 21:27:09
384690,4eSKgWmOcT,335,1118793,2,2,알바천국,,,최초 오픈,N,2025-06-11 13:32:37,9999-12-31 23:59:59,2,230,180,2746800,NONE,2025-06-11 13:32:36
385707,hcXTNfCz7Y,1615,1120691,12,11,[청담 헤어샵] 아론샵 실크 리페어 샴푸 1L,,50000,구매,N,2025-06-12 15:00:00,9999-12-31 00:00:00,7,20909,13500,1369773,REJOINABLE,2025-06-12 15:14:14
385711,kiNHgHThNe,1615,1120695,12,11,아론샵 원스텝 스트레이트 펌 매직약 150ml,,15000,구매,N,2025-06-12 15:00:00,9999-12-31 00:00:00,7,6363,4100,1369941,REJOINABLE,2025-06-12 15:14:53
386182,BtU3p6QutQ,1597,1219928,3,5,Cash Giraffe: Surveys & Perks,,,12000코인 획득,N,2025-06-13 10:00:00,2031-01-03 00:00:00,1,18000,13000,2456400,NONE,2025-06-13 10:06:52
386998,DAOkyvpDNM,1596,1122988,3,4,[정답입력]광명맛집,,,네이버 플레이스 지도 거리 입력하기,N,2025-06-13 19:22:30,9999-12-31 23:59:59,7,18,12,1369379,ADS_CODE_DAILY_UPDATE,2025-06-13 19:22:30
387001,zfhtQVBdDA,1596,1122994,3,4,[정답입력] 범계맛집,,,네이버 플레이스 지도 거리 입력하기,N,2025-06-13 19:42:18,9999-12-31 23:59:59,7,18,12,1369379,ADS_CODE_DAILY_UPDATE,2025-06-13 19:42:18
388973,iEDtl2c3GN,1597,1201872,3,5,Nut Sort: Color Sorting Game,,,레벨 300 완료,N,2025-06-16 10:00:00,2031-01-04 00:00:00,1,2400,1800,2465600,NONE,2025-06-16 10:14:12
388989,VjxSR83XLA,1597,1126697,3,5,Idle Bank Tycoon: Money Empire,,,뱅크7 진입,N,2025-06-16 10:00:00,2030-12-28 00:00:00,2,24000,16000,2457500,NONE,2025-06-16 10:45:59
389085,DCGWfd1Slr,777,1127130,9,6,마트 소트 : 굿즈 퍼즐,,,모든 서브퀘스트 완료,N,2025-06-16 18:00:00,2025-12-31 23:59:00,2,0,293,2592500,NONE,2025-06-16 15:01:08
389104,6TknSJuipc,910,1127072,3,8,인크루트,,,회원가입,N,2025-06-16 16:00:00,2029-11-29 00:00:00,2,900,700,2700500,NONE,2025-06-16 15:29:41
390251,dwTKp4rDcR,82,1129072,3,5,버스 퍼즐: 주차 체증,,,레벨 500 완료,N,2025-06-17 15:00:00,2030-12-27 00:00:00,2,2520,1890,2426100,NONE,2025-06-17 15:00:23
391165,VfoZmzvPFX,1407,1214218,3,3,충청남도 카카오스토리 소식받기,,,카카오스토리 소식받기,N,2025-06-18 17:00:00,2025-08-31 00:00:00,7,280,180,2761200,NONE,2025-06-18 17:29:18
391224,roRLTt6sMP,1596,1130892,3,4,[정답입력] 문산맛집,,,네이버 플레이스 지도 거리 입력하기,N,2025-06-18 22:42:30,9999-12-31 23:59:59,7,18,12,1369379,ADS_CODE_DAILY_UPDATE,2025-06-18 22:42:30
392149,VTbf7YsEl8,1597,1132662,3,5,We Are Warriors!,,,외계 시대 2 완료 - 타임라인 21,N,2025-06-19 10:00:00,2029-11-29 00:00:00,2,6600,4950,2457600,NONE,2025-06-19 10:05:27
393624,zSuTn0lxzo,1597,1135503,3,5,Random TD,,,레벨 13 오렌지 타워 1개 수집,N,2025-06-20 10:00:00,2029-11-28 00:00:00,2,21600,16200,2459500,NONE,2025-06-20 10:13:49
393760,PrQLCWsvFs,335,1135694,3,3,풀무원 PM1 스튜디오 유튜브,25세~50세,,구독,N,2025-06-20 11:00:00,2029-11-29 00:00:00,1,230,180,2592200,NONE,2025-06-20 11:48:32
393761,akTVGYih6h,335,1135693,3,3,풀무원 PM1 스튜디오 유튜브,25세~50세,,구독,N,2025-06-20 11:00:00,2029-11-29 00:00:00,2,230,180,2592300,NONE,2025-06-20 11:48:54
394085,G49Lgc1Rdc,1596,1136296,3,4,[정답입력] 진해석동맛집,,,네이버 플레이스 지도 거리 입력하기,N,2025-06-20 20:17:57,9999-12-31 23:59:59,7,18,12,1369379,ADS_CODE_DAILY_UPDATE,2025-06-20 20:17:56
394113,ZM8PL8LBaI,1596,1136333,3,4,[정답입력] 발산역술집,,,네이버 플레이스 지도 거리 입력하기,N,2025-06-20 21:32:12,9999-12-31 23:59:59,7,18,12,1369379,ADS_CODE_DAILY_UPDATE,2025-06-20 21:32:12
399217,PsF6JVGWmK,50,1144182,3,5,대한민국 대표 포커게임 : 챔프포커,,,홀덤 or 바카라 10판 플레이,N,2025-06-23 15:00:00,2029-11-28 00:00:00,2,800,640,2544600,NONE,2025-06-23 15:56:30
400093,dF04Fmar4e,318,1145250,3,4,피토메스남자화장품의 일이와삼 맞추기 6.24,,,퀴즈 맞추기,N,2025-06-24 13:03:03,9999-12-31 23:59:59,7,18,12,1369365,NONE,2025-06-24 13:03:02
401901,PYMRwUefq2,1596,1148405,3,4,[정답입력] 배곧 맛집,,,네이버 플레이스 지도 거리 입력하기,N,2025-06-25 21:17:54,9999-12-31 23:59:59,7,18,12,1369379,ADS_CODE_DAILY_UPDATE,2025-06-25 21:17:54
403560,1huGUkRJwA,10,1150945,3,8,한화 자동차 보험 상담신청하기,,,상담 신청,N,2025-06-26 11:00:00,2029-11-28 00:00:00,2,800,640,2577300,NONE,2025-06-26 11:10:31
403634,mgihYomEQU,1596,1151062,3,4,[정답입력] 예술의전당맛집,,,네이버 플레이스 지도 거리 입력하기,N,2025-06-26 15:09:54,9999-12-31 23:59:59,7,18,12,1369486,ADS_CODE_DAILY_UPDATE,2025-06-26 15:09:53
403864,pVV9yShI6R,318,1151444,3,4,사주링 맞추기 6.26,,,퀴즈 맞추기,N,2025-06-26 16:57:58,9999-12-31 23:59:59,7,90,62,1369486,NONE,2025-06-26 16:57:58
405610,X4mISjXGSO,1597,1220493,3,5,LUDUS - Merge Arena PvP,,,아레나 5 정복 및 인앱 결제,N,2025-06-27 11:00:00,2031-01-03 00:00:00,2,26400,19800,2462800,NONE,2025-06-27 11:02:05
408070,phLpQIv39Y,1596,1157874,3,4,[정답입력] 광주 동명동 맛집,,,네이버 플레이스 지도 거리 입력하기,N,2025-06-28 02:13:47,9999-12-31 23:59:59,7,18,12,1369407,ADS_CODE_DAILY_UPDATE,2025-06-28 02:13:47
411407,dYb9XLq4mU,1659,1192630,9,6,던전앤브레이커,,,모든 서브퀘스트 완료,N,2025-07-01 16:00:00,2025-12-31 00:00:00,2,0,393,2702300,NONE,2025-07-01 16:19:02
411630,7DuJQuAiCH,1596,1163616,3,4,[정답입력] 수분크림,,,네이버 쇼핑 상품번호 입력하기,N,2025-07-01 20:13:45,9999-12-31 23:59:59,7,18,12,1369409,ADS_CODE_DAILY_UPDATE,2025-07-01 20:13:45
412767,qkBrgYZyS6,1596,1165370,3,4,[정답입력] 붙박이장 모음전,,,네이버 쇼핑 상품번호 입력하기,N,2025-07-02 23:22:38,9999-12-31 23:59:59,7,18,12,1369486,ADS_CODE_DAILY_UPDATE,2025-07-02 23:22:38
412784,1bhOjsr08t,1596,1165398,3,4,[정답입력]리타 드레스룸 옷장,,,네이버 쇼핑 상품번호 입력하기,N,2025-07-02 23:57:42,9999-12-31 23:59:59,7,18,12,1369486,ADS_CODE_DAILY_UPDATE,2025-07-02 23:57:41
412785,bpRVNYzqbf,1596,1165400,3,4,[정답입력]ㄹㅅ무볼딩 붙박이장,,,네이버 쇼핑 상품번호 입력하기,N,2025-07-02 23:57:45,9999-12-31 23:59:59,7,18,12,1369486,ADS_CODE_DAILY_UPDATE,2025-07-02 23:57:45
412872,LWpgse66wI,1596,1165555,3,4,[정답입력]조엔 침대 프레임,,,네이버 쇼핑 상품번호 입력하기,N,2025-07-03 00:18:26,9999-12-31 23:59:59,7,18,12,1369486,ADS_CODE_DAILY_UPDATE,2025-07-03 00:18:25
413133,HjMoQDowa4,1596,1166073,3,4,[정답입력]가죽소파 3인용 스툴,,,네이버 쇼핑 상품번호 입력하기,N,2025-07-03 01:06:08,9999-12-31 23:59:59,7,18,12,1369486,ADS_CODE_DAILY_UPDATE,2025-07-03 01:06:07
413294,PkgRSDps39,1596,1166395,3,4,[정답입력]코코 더블침대,,,네이버 쇼핑 상품번호 입력하기,N,2025-07-03 01:48:55,9999-12-31 23:59:59,7,18,12,1369486,ADS_CODE_DAILY_UPDATE,2025-07-03 01:48:54
413297,dcOAtgEZO7,1596,1166401,3,4,[정답입력]편백나무침대,,,네이버 쇼핑 상품번호 입력하기,N,2025-07-03 01:49:06,9999-12-31 23:59:59,7,18,12,1369486,ADS_CODE_DAILY_UPDATE,2025-07-03 01:49:05
414034,QG6a0XXIYz,883,1167403,3,8,내고 계신 보험료 절약하고 홍삼선물 받아가세요.,,,참여,N,2025-07-03 14:00:00,2029-11-29 00:00:00,7,800,640,2545600,NONE,2025-07-03 14:58:49
414073,r94uSqWl2y,724,1193499,9,6,용칼이 키우기,,,모든 서브퀘스트 완료,N,2025-07-03 15:00:00,2025-12-31 00:00:00,2,0,464,2708300,NONE,2025-07-03 15:31:27
416261,ddujVlHKYO,335,1170547,2,1,알바천국,,,최초 오픈,N,2025-07-04 16:00:00,2029-11-29 00:00:00,1,230,180,2751600,NONE,2025-07-04 16:21:33
416294,wkFefh1LvR,1355,1223684,3,5,궁도 요새: 캐슬 워,,,Lv.91 도달,N,2025-07-04 17:11:00,2031-01-04 00:00:00,2,1600,1200,2472000,NONE,2025-07-04 17:11:08
422958,NClDGWehYK,1596,1179559,3,4,[정답입력] 휴룸 렌지대,,,네이버 쇼핑 상품번호 입력하기,N,2025-07-07 17:41:39,9999-12-31 23:59:59,7,18,12,1369486,ADS_CODE_DAILY_UPDATE,2025-07-07 17:41:39
424747,hrwDuHcnm1,1596,1181893,3,4,[정답입력] 대학로 맛집,,,네이버 플레이스 지도 거리 입력하기,N,2025-07-08 00:49:24,9999-12-31 23:59:59,7,18,12,1369484,ADS_CODE_DAILY_UPDATE,2025-07-08 00:49:23
425180,pf2LwwVI8a,1321,1182934,9,6,라그나로크: Back to Glory,,,모든 서브퀘스트 완료,N,2025-07-08 16:00:00,2025-12-31 23:59:00,2,0,321,2721000,NONE,2025-07-08 10:43:09
426307,jsYTycEtMJ,1355,1184377,3,5,Block Blitz: Gems Puzzle,,,Journey모드로 레벨51 도달,N,2025-07-09 17:12:50,9999-12-31 23:59:59,2,640,480,2475400,NONE,2025-07-09 17:12:50
426363,Jlm0jBJ7sa,318,1184533,3,4,활성형엽산비타민d 맞추기 4.15,,,퀴즈 맞추기,N,2025-07-09 18:17:23,9999-12-31 23:59:59,7,18,12,1369524,NONE,2025-07-09 18:17:23
426583,fnGeKtuaQw,82,1184982,3,1,도형그리기 (매일 참여 가능),,,미션 참여하기,N,2025-07-10 13:00:00,2030-12-27 00:00:00,7,3,2,2746100,ADS_CODE_DAILY_UPDATE,2025-07-10 13:14:35
426584,pbPDvhHhtH,82,1184984,3,1,박스찾기 (매일 참여 가능),,,미션 참여하기,N,2025-07-10 13:00:00,2030-12-27 00:00:00,7,3,2,2746300,ADS_CODE_DAILY_UPDATE,2025-07-10 13:18:16
426585,UQjv97lEpG,82,1184983,3,1,시간잡기 (매일 참여 가능),,,미션 참여하기,N,2025-07-10 13:00:00,2031-01-03 00:00:00,7,3,2,2746200,ADS_CODE_DAILY_UPDATE,2025-07-10 13:18:34
426586,Y7TuErQtl4,1407,1222295,3,3,충청남도 X(트위터),,,팔로잉,N,2025-07-10 13:00:00,2025-08-23 00:00:00,7,280,120,2761000,NONE,2025-07-10 13:35:52
426806,Jl7uYh0oSq,84,1185435,3,8,[리뷰] 스마트캐디,,,참여,N,2025-07-10 18:00:00,2031-01-04 00:00:00,7,1000,750,2728700,NONE,2025-07-10 18:01:36
426811,8jPMqwKAeg,335,1185444,3,5,흔해빠진 직업으로 세계최강,,,"25일 내 스테이지 3,500 층 도달",N,2025-07-10 18:00:00,2029-11-29 00:00:00,7,13600,10200,2546300,NONE,2025-07-10 18:13:36
426812,a7g7PSDpti,335,1185443,3,5,마법선생 네기마!,,,25일 내 레벨 120 달성,N,2025-07-10 18:00:00,2029-11-29 00:00:00,7,13600,10200,2546500,NONE,2025-07-10 18:14:00
426813,XWsOBiMWVQ,335,1185442,3,5,"거미입니다만, 문제라도?",,,25일 내 레벨 95 달성,N,2025-07-10 18:00:00,2029-11-29 00:00:00,7,13600,10200,2546200,NONE,2025-07-10 18:14:18
427404,2p6Xl7Rr0O,1657,1202291,9,6,헬좀비,,,모든 서브퀘스트 완료,N,2025-07-11 14:00:00,2025-12-31 23:59:00,2,0,357,2729800,NONE,2025-07-11 14:44:19
429011,1R6jvJzyLe,335,1188512,3,2,웰로 고향사랑기부,,,기부완료(10만원) > 배송완료+구매확정,N,2025-07-11 16:00:00,2029-11-29 00:00:00,7,1360,1020,2545500,NONE,2025-07-11 16:21:34
429019,wqgLPrfQYj,1650,1188525,9,6,"슬라임 쓰러뜨리고 300년, 모르는 사이에 레벨 MAX가 되었습니다 마치 크래프트",,,모든 서브퀘스트 완료,N,2025-07-11 17:00:00,2025-12-31 23:59:00,7,0,286,2730000,NONE,2025-07-11 17:26:51
429020,USg2uuyPAL,335,1188526,3,8,운세 보면 리워드+네이버페이 지급,,,운세 보기,N,2025-07-11 17:00:00,2029-11-29 00:00:00,7,16,11,2591400,NONE,2025-07-11 17:27:33
430086,QFbhQvRMed,1596,1190524,3,4,[저장하기] 노량진고시원,,,네이버 플레이스 저장하기,N,2025-07-14 10:17:53,9999-12-31 23:59:59,7,20,14,1369610,ADS_CODE_DAILY_UPDATE,2025-07-14 10:17:53
430098,QxGeLZwzbW,1654,1202292,9,6,우주 마녀 키우기 : 마법이 부족해서 정령과 손잡았다,,,모든 서브퀘스트 완료,N,2025-07-14 14:00:00,2025-12-31 23:59:00,2,0,464,2730800,NONE,2025-07-14 11:53:48
430132,0DxVTXGZDJ,614,1190630,9,6,거절하기엔 너무 큰돈이었다,,,모든 서브퀘스트 완료,N,2025-07-14 15:00:00,2025-12-31 23:59:00,2,0,286,2730900,NONE,2025-07-14 15:13:21
430399,k6sAamt6JW,50,1191095,1,2,편의점 정리왕 3D,,,받기,N,2025-07-15 12:12:22,9999-12-31 23:59:59,1,170,120,2759200,NONE,2025-07-15 12:12:22
430452,cfaPAvk7mt,614,1191185,9,6,미확인 용사단,,,모든 서브퀘스트 완료,N,2025-07-15 15:00:00,2025-12-31 23:59:00,2,0,286,2731300,NONE,2025-07-15 15:48:45
430763,bZW6VrIDkN,318,1191764,3,4,철물파크 905s 도무스방문손잡이 맞추기 7.16,,,퀴즈 맞추기,N,2025-07-16 13:07:34,9999-12-31 23:59:59,7,16,11,1369551,NONE,2025-07-16 13:07:33
430801,LS0hJg8uTz,1596,1191833,3,4,[정답입력] 휴룸 렌지대,,,네이버 상품 해시태그,N,2025-07-16 15:22:18,9999-12-31 23:59:59,7,18,12,1369551,ADS_CODE_DAILY_UPDATE,2025-07-16 15:22:18
431126,FS6DsZPo9z,777,1192487,9,6,블록 파크 : 퍼즐,,,모든 서브퀘스트 완료,N,2025-07-17 14:00:00,2025-12-31 00:00:00,2,0,357,2732800,NONE,2025-07-17 14:17:58
431620,wWJecik2I4,119,1193743,9,6,환생 마검사 키우기: 검과 마법의 전략 전투,,,모든 서브퀘스트 완료,N,2025-07-22 12:00:00,2025-10-15 23:59:00,2,0,393,2733100,NONE,2025-07-18 11:21:59
431625,VSWackRObM,1355,1193431,3,5,Playdoku: 블록 퍼즐,,,여행 모드에서 레벨126 도달,N,2025-07-18 12:47:26,9999-12-31 23:59:59,2,2080,1560,2461900,NONE,2025-07-18 12:47:25
431630,eH5gQ9FYxS,318,1193440,3,4,럭스엑스팟 용가리 맞추기 7.18,,,퀴즈 맞추기,N,2025-07-18 13:07:19,9999-12-31 23:59:59,7,16,11,1369551,NONE,2025-07-18 13:07:19
431661,6xPvQczNmR,318,1193497,3,4,팰리세이드튜닝 맞추기 7.18,,,퀴즈 맞추기,N,2025-07-18 14:22:22,9999-12-31 23:59:59,7,16,11,1369551,NONE,2025-07-18 14:22:22
432473,uln1s866Ui,1655,1195076,3,4,[호환] TSI LG 공기청정기 필터 엘지 퓨리케어 360 일반형 153468,,,네이버스마트스토어 퀴즈,N,2025-07-19 01:24:46,9999-12-31 23:59:59,7,18,12,1369551,ADS_CODE_DAILY_UPDATE,2025-07-19 01:24:45
432475,Eb5RHDVQ2N,1655,1195080,3,4,[호환] TSI 삼성 공기청정기 필터 CFX-G100D 블루스카이6000 일반형 15657,,,네이버스마트스토어 퀴즈,N,2025-07-19 01:24:47,9999-12-31 23:59:59,7,18,12,1369551,ADS_CODE_DAILY_UPDATE,2025-07-19 01:24:47
432523,qoqLjESxCc,1655,1195176,3,4,"닥터바이 레날 강아지 신장 요로 크랜베리 영양제 30개입, 1개 158772",,,네이버스마트스토어 퀴즈,N,2025-07-19 01:25:29,9999-12-31 23:59:59,7,18,12,1369551,ADS_CODE_DAILY_UPDATE,2025-07-19 01:25:29
432560,AcPgAKswEC,1655,1195250,3,4,올스텐 싱크대배수구 교체 세트 고니 배수통 배수관 159844,,,네이버스마트스토어 퀴즈,N,2025-07-19 01:25:59,9999-12-31 23:59:59,7,18,12,1369551,ADS_CODE_DAILY_UPDATE,2025-07-19 01:25:59
432565,1tDQ7rnUHY,1655,1195260,3,4,플로랑 대용량 오브제 인테리어 디퓨저 실내방향제 향기뿜뿜 500ML 선물세트 160208,,,네이버스마트스토어 퀴즈,N,2025-07-19 01:26:06,9999-12-31 23:59:59,7,18,12,1369551,ADS_CODE_DAILY_UPDATE,2025-07-19 01:26:05
433930,yPuff2BlKt,1655,1198266,3,4,7번방 홍대점 166669,,,네이버플레이스 퀴즈,N,2025-07-19 13:52:43,9999-12-31 23:59:59,7,18,12,1369544,ADS_CODE_DAILY_UPDATE,2025-07-19 13:52:42
433996,T5Q3YLNHPF,1655,1198397,3,4,정답 미션 161679,,,일반정답미션,N,2025-07-19 23:51:46,9999-12-31 23:59:59,7,18,12,1369544,ADS_CODE_DAILY_UPDATE,2025-07-19 23:51:45
434497,3HQzI2wBOw,1597,1199392,3,5,삼국지 전략판,,,Chapter 4 달성,N,2025-07-21 10:00:00,2031-01-04 00:00:00,1,4800,3600,2460100,NONE,2025-07-21 10:23:28
434503,USRfv8mAav,1597,1199412,3,5,MISTPLAY: Play to Earn Rewards,,,프로필 레벨 5 달성 및 설치한 앱 최소 한개에서 결제,N,2025-07-21 11:00:00,2030-12-27 00:00:00,2,18000,13000,2466400,NONE,2025-07-21 10:38:24
434507,0TumcrzavP,82,1199417,3,4,스시타다시 (블로그 리뷰 클릭 후 플레이스 저장),,,블로그 리뷰 클릭 후 플레이스 저장,N,2025-07-21 11:07:30,9999-12-31 23:59:59,7,19,8,1369550,NONE,2025-07-21 11:07:30
434571,T5XyiBBejk,1655,1199541,3,4,하나로정형외과의원 167064,,,네이버플레이스 퀴즈,N,2025-07-21 14:32:25,9999-12-31 23:59:59,7,18,12,1369610,ADS_CODE_DAILY_UPDATE,2025-07-21 14:32:25
434735,2ctQ2tqcmm,82,1199877,3,4,한우국거리 (리뷰 전체보기 클릭 후 URL 제출),,,리뷰 전체보기 클릭 후 URL 제출,N,2025-07-22 00:07:53,9999-12-31 23:59:59,7,17,8,1369610,NONE,2025-07-22 00:07:53
434737,vuAyGNuGdV,82,1199879,3,4,한우선물세트 (리뷰 전체보기 클릭 후 URL 제출),,,리뷰 전체보기 클릭 후 URL 제출,N,2025-07-22 00:07:55,9999-12-31 23:59:59,7,17,8,1369610,NONE,2025-07-22 00:07:55
434818,9ALoSLYxKx,82,1200001,3,4,상구네솥뚜껑삼겹살&샤브샤브&편백찜 덕소직영점 (검색 후 플레이스 저장),,,검색 후 플레이스 저장,N,2025-07-22 00:13:40,9999-12-31 23:59:59,7,16,8,1369610,NONE,2025-07-22 00:13:40
435212,eRCq1Mi5hT,82,1200683,3,4,상구네솥뚜껑삼겹살 오산궐동점 (검색 후 플레이스 저장),,,검색 후 플레이스 저장,N,2025-07-22 18:07:43,9999-12-31 23:59:59,7,16,8,1369610,NONE,2025-07-22 18:07:43
435305,0ZvRz7HyeX,1655,1200859,3,4,블랙야크 피즈 손등 쿨토시 무봉제 팔토시 여름 자외선차단 골프 자전거 스포츠 토시 1674,,,네이버스마트스토어 퀴즈,N,2025-07-23 00:19:38,9999-12-31 23:59:59,7,18,12,1369610,ADS_CODE_DAILY_UPDATE,2025-07-23 00:19:37
435307,gdydPLE5mE,1655,1200863,3,4,인피테 레이저 골프 거리측정기 초경량 미니 IXG2000PRO 167476,,,네이버스마트스토어 퀴즈,N,2025-07-23 00:19:40,9999-12-31 23:59:59,7,18,12,1369610,ADS_CODE_DAILY_UPDATE,2025-07-23 00:19:39
435308,7q725BaYiC,1655,1200865,3,4,히커 유리 두유제조기 1.5L 글라스 두유기 죽제조기 메이커 167477,,,네이버스마트스토어 퀴즈,N,2025-07-23 00:19:40,9999-12-31 23:59:59,7,18,12,1369610,ADS_CODE_DAILY_UPDATE,2025-07-23 00:19:40
435309,Q3SXaGsYrz,1655,1200867,3,4,리포소홈 폴더매트 층간소음 아기매트 거실 놀이방 200x240 빅매트 아이보리 167478,,,네이버스마트스토어 퀴즈,N,2025-07-23 00:19:41,9999-12-31 23:59:59,7,18,12,1369610,ADS_CODE_DAILY_UPDATE,2025-07-23 00:19:41
435311,BNSzriAwdn,1655,1200871,3,4,브릭 여행용캐리어 68cm(24인치) 튼튼한 캐리어 폴리카보네이트 167481,,,네이버스마트스토어 퀴즈,N,2025-07-23 00:19:43,9999-12-31 23:59:59,7,18,12,1369610,ADS_CODE_DAILY_UPDATE,2025-07-23 00:19:43
435392,P821QdhIHK,1623,1201027,3,4,[퀴즈] 제주 외도동 물회,,,퀴즈 맞추기,N,2025-07-23 11:28:43,9999-12-31 23:59:59,7,15,10,1369610,NONE,2025-07-23 11:28:42
435397,jEtNLpv7Q9,1623,1201037,3,4,[퀴즈] 외도동 횟집,,,퀴즈 맞추기,N,2025-07-23 12:09:28,9999-12-31 23:59:59,7,15,10,1369610,NONE,2025-07-23 12:09:28
435459,1ILGeRCdzZ,1596,1201153,3,4,[정답입력]MIAMIA고양이밥그릇식탁물그릇강아지-20250723-9,,,네이버 쇼핑 상품번호 입력하기,N,2025-07-23 15:37:56,9999-12-31 23:59:59,7,18,12,1369610,ADS_CODE_DAILY_UPDATE,2025-07-23 15:37:56
435502,7NHeGzHyN1,1596,1201239,3,4,[정답입력]MIAMIA펠트고양이숨숨집-20250723-4,,,네이버 쇼핑 상품번호 입력하기,N,2025-07-23 15:38:32,9999-12-31 23:59:59,7,18,12,1369610,ADS_CODE_DAILY_UPDATE,2025-07-23 15:38:32
435511,o9lrqsLA3w,1596,1201257,3,4,[정답입력]MIAMIA미로고양이숨숨집동굴-20250723-5,,,네이버 쇼핑 상품번호 입력하기,N,2025-07-23 15:38:39,9999-12-31 23:59:59,7,18,12,1369610,ADS_CODE_DAILY_UPDATE,2025-07-23 15:38:39
435539,foXHLdaOCb,1596,1201313,3,4,[정답입력]MIAMIA높이조절고양이밥그릇-20250723-8,,,네이버 쇼핑 상품번호 입력하기,N,2025-07-23 15:43:01,9999-12-31 23:59:59,7,18,12,1369610,ADS_CODE_DAILY_UPDATE,2025-07-23 15:43:01
435605,KQu9SQcmD7,1355,1201430,3,5,Bubble Pop Shooter,,,Lv.8 도달,N,2025-07-23 16:47:14,9999-12-31 23:59:59,2,2000,1500,1529726,NONE,2025-07-23 16:47:14
435606,CuXozHbgzK,1355,1201431,3,5,Bubble Pop Shooter - Kawaii,,,Lv.8 도달,N,2025-07-23 16:47:21,9999-12-31 23:59:59,1,2000,1500,1529727,NONE,2025-07-23 16:47:21
435706,cg94ZBRwHA,318,1201624,3,4,팰리세이드호환튜닝용품 맞추기 8.16,,,퀴즈 맞추기,N,2025-07-24 00:07:33,9999-12-31 23:59:59,7,18,12,1369610,NONE,2025-07-24 00:07:32
435742,s1holLcUHY,1655,1201694,3,4,닥터바이 리퀴드밀 강아지 퓨레 습식 사료 소화불량 구토 설사 유동식 전연령 167676,,,네이버스마트스토어 퀴즈,N,2025-07-24 00:10:02,9999-12-31 23:59:59,7,18,12,1369610,ADS_CODE_DAILY_UPDATE,2025-07-24 00:10:01
435828,c37gFuZZq0,1597,1201956,3,5,넛 소트: 컬러 소팅 게임,,,레벨 1000 완료,N,2025-07-24 10:00:00,2030-12-28 00:00:00,2,9600,7200,2465300,NONE,2025-07-24 10:15:06
435837,bjqDTAjJmg,1597,1201961,3,5,벌룬 마스터 3D - 매치 3D,,,레벨 300 완료,N,2025-07-24 10:00:00,2031-01-04 00:00:00,1,5400,4000,2465800,NONE,2025-07-24 10:20:11
435868,tJInnFSPek,1596,1201990,3,4,[정답입력]청담워치-20250723-3,,,네이버 플레이스 장소명 입력하기,N,2025-07-24 11:42:37,9999-12-31 23:59:59,7,18,12,1369610,ADS_CODE_DAILY_UPDATE,2025-07-24 11:42:37
435906,wNmB5mfSOj,910,1202060,3,13,삼성닷컴 (방문하기),,,클릭,N,2025-07-24 13:00:00,2030-12-28 00:00:00,2,10,7,2732500,NONE,2025-07-24 13:24:36
435910,wLM4t3Yi65,1666,1212388,3,13,띠운세 (1일 1회 재참여 가능),,,참여,N,2025-08-06 10:00:00,2031-01-04 00:00:00,7,2,2,2763800,ADS_CODE_DAILY_UPDATE,2025-07-24 14:08:55
435921,yVK2kd2LpI,618,1202083,9,6,﻿드래곤 블러드: 레이더,,,모든 서브퀘스트 완료,N,2025-07-24 15:00:00,2025-12-31 23:59:00,2,0,286,2735400,NONE,2025-07-24 15:20:11
435959,iACRTgivjl,1596,1202158,3,4,[정답입력] 경성대맛집,,,네이버 플레이스 지도 거리 입력하기,N,2025-07-24 16:23:04,9999-12-31 23:59:59,7,18,12,1369610,ADS_CODE_DAILY_UPDATE,2025-07-24 16:23:04
436068,xo5wAAJtTH,318,1202364,3,4,블루키워드 맞추기 7.24,,,퀴즈 맞추기,N,2025-07-24 19:02:48,9999-12-31 23:59:59,7,16,11,1369610,NONE,2025-07-24 19:02:48
436161,q44449EHkt,1655,1202543,3,4,전자담배액상 전담액상 말론 발라리안 에어 젤로 맥스 호환 무니코틴 니코틴 무 망고 1679,,,네이버스마트스토어 퀴즈,N,2025-07-25 00:15:34,9999-12-31 23:59:59,7,18,12,1369610,ADS_CODE_DAILY_UPDATE,2025-07-25 00:15:34
436200,GPMvCmWc3y,1596,1202623,3,4,[정답입력] 강릉중앙시장맛집,,,네이버 플레이스 지도 거리 입력하기,N,2025-07-25 01:04:20,9999-12-31 23:59:59,7,18,12,1369610,ADS_CODE_DAILY_UPDATE,2025-07-25 01:04:20
436203,QUmGj3aUBE,1596,1202629,3,4,[정답입력] 역삼역맛집,,,네이버 플레이스 지도 거리 입력하기,N,2025-07-25 01:13:57,9999-12-31 23:59:59,7,18,12,1369610,ADS_CODE_DAILY_UPDATE,2025-07-25 01:13:56
436238,JQeGgrOril,1631,1202699,3,4,누수,,,정답입력,N,2025-07-25 03:02:46,9999-12-31 23:59:59,7,20,14,1369610,ADS_CODE_DAILY_UPDATE,2025-07-25 03:02:45
436239,OoWs8IIJBd,1631,1202701,3,4,누수,,,정답입력,N,2025-07-25 03:02:47,9999-12-31 23:59:59,7,20,14,1369610,ADS_CODE_DAILY_UPDATE,2025-07-25 03:02:46
436271,wc3aP6ytXZ,335,1202746,1,1,공시 기출문제는 공풀!,,,받기,N,2025-07-25 09:47:15,9999-12-31 23:59:59,1,170,120,2760100,NONE,2025-07-25 09:47:15
436643,drcbDlOweT,1597,1222152,3,5,PLAYTIME - 게임으로 돈 벌기,,,아무 게임이나 다운받고 첫 리워드 받기,N,2025-07-25 18:00:00,2029-11-29 00:00:00,2,13320,10000,2467400,NONE,2025-07-25 18:53:56
436648,DVa2xV4pwe,1596,1203456,3,4,[정답입력] 양주 맛집,,,네이버 플레이스 지도 거리 입력하기,N,2025-07-25 19:52:12,9999-12-31 23:59:59,7,18,12,1369610,ADS_CODE_DAILY_UPDATE,2025-07-25 19:52:11
436653,lejnJm6Eyi,1596,1203466,3,4,[저장하기]물만난한우파주맛집-20250725-18,,,네이버 플레이스 저장하기,N,2025-07-25 19:52:15,9999-12-31 23:59:59,7,20,14,1369610,ADS_CODE_DAILY_UPDATE,2025-07-25 19:52:15
437599,SRAUz0ixy8,1655,1205305,3,4,지리산 흑염소 진액 엑기스 국내산 토종 흑염소즙 30포 이경제적 169111,,,네이버스마트스토어 퀴즈,N,2025-07-27 20:57:18,9999-12-31 23:59:59,7,18,12,1369610,ADS_CODE_DAILY_UPDATE,2025-07-27 20:57:17
437651,LUY7ghUv1R,1655,1205407,3,4,이온음료 분말 가루 타먹는 마시는 수액 포도당 링거 30포 169137,,,네이버스마트스토어 퀴즈,N,2025-07-28 09:08:58,9999-12-31 23:59:59,7,18,12,1369610,ADS_CODE_DAILY_UPDATE,2025-07-28 09:08:58
437652,vsTTeyRejJ,318,1205409,3,4,해님UVLED젖병소독기4세대 맞추기 7.28,,,퀴즈 맞추기,N,2025-07-28 10:07:25,9999-12-31 23:59:59,7,16,11,1369610,NONE,2025-07-28 10:07:25
437711,Z87a7ZsBfL,318,1205532,3,4,에어힐러자차청정기 맞추기 7.28,,,퀴즈 맞추기,N,2025-07-28 13:07:58,9999-12-31 23:59:59,7,16,11,1369590,NONE,2025-07-28 13:07:57
437727,4IcTGwIqh2,930,1205551,12,11,백년약방 염색 가인(천연 염색제) /내츄럴블랙,,26900,구매,N,2025-07-28 13:00:00,9999-12-31 00:00:00,7,11727,7600,1528425,REJOINABLE,2025-07-28 13:40:26
437740,ZdxI2JiC2t,318,1205568,3,4,해님 젖병소독기 맞추기 7.28,,,퀴즈 맞추기,N,2025-07-28 15:07:18,9999-12-31 23:59:59,7,16,11,1369722,NONE,2025-07-28 15:07:17
437753,hxvk1fD3o8,1275,1217202,2,2,군주 키우기 : 방치형 RPG,,,최초 오픈,N,2025-07-30 14:00:00,2025-08-27 00:00:00,1,280,180,2761700,NONE,2025-07-28 16:31:47
437772,lpXTj46MVW,1596,1205627,3,4,[정답입력]인천오늘의간판-20250725-16,,,네이버 플레이스 장소명 입력하기,N,2025-07-28 17:02:46,9999-12-31 23:59:59,7,18,12,1369722,ADS_CODE_DAILY_UPDATE,2025-07-28 17:02:46
437780,hjA4Vwz5W2,1355,1205642,3,5,Eat Repeat,,,깊이850M도달,N,2025-07-28 17:12:18,9999-12-31 23:59:59,2,1280,960,2447400,NONE,2025-07-28 17:12:17
437847,z6qFczv77e,1596,1205802,3,4,[정답입력] 영도맛집,,,네이버 플레이스 지도 거리 입력하기,N,2025-07-28 18:37:25,9999-12-31 23:59:59,7,18,12,1369722,ADS_CODE_DAILY_UPDATE,2025-07-28 18:37:25
437857,6M2qywjOkT,318,1205823,3,4,용가리전자담배 베이포레소에이 맞추기 8.21,,,퀴즈 맞추기,N,2025-07-28 19:02:29,9999-12-31 23:59:59,7,18,12,1369620,NONE,2025-07-28 19:02:29
437871,QoCIKGqCkT,318,1205850,3,4,철물파크 도무스 트랜치 맞추기 9.11,,,퀴즈 맞추기,N,2025-07-29 00:07:49,9999-12-31 23:59:59,7,16,11,1369722,NONE,2025-07-29 00:07:49
437886,G0bHPIVoZ4,1623,1205876,3,4,배곧맛집,,,퀴즈 맞추기,N,2025-07-29 00:10:30,9999-12-31 23:59:59,7,15,10,1369658,NONE,2025-07-29 00:10:30
437990,08c4QYmbdM,1655,1206054,3,4,토성유황오리 169377,,,네이버플레이스 퀴즈,N,2025-07-29 00:14:14,9999-12-31 23:59:59,7,18,12,1369622,ADS_CODE_DAILY_UPDATE,2025-07-29 00:14:14
438010,Z7sCpiFOzM,1655,1206092,3,4,노트북파우치 맥북에어 맥북프로 M4 삼성 갤럭시북5 LG그램 슬리브13P 호환세로 1694,,,네이버스마트스토어 퀴즈,N,2025-07-29 00:14:28,9999-12-31 23:59:59,7,18,12,1369622,ADS_CODE_DAILY_UPDATE,2025-07-29 00:14:28
438011,a8r1mfvsm0,1655,1206094,3,4,차량용 소화기 나이아드 자동차겸용 ABC 분말소화기 1kg 능력2단위 가정용 캠핑용 차량,,,네이버스마트스토어 퀴즈,N,2025-07-29 00:14:29,9999-12-31 23:59:59,7,18,12,1369622,ADS_CODE_DAILY_UPDATE,2025-07-29 00:14:28
438019,LVRufjktht,1655,1206110,3,4,삼정물산 왕타 백선생 베이직 칫솔 10개입 1개 169435,,,네이버스마트스토어 퀴즈,N,2025-07-29 00:14:34,9999-12-31 23:59:59,7,18,12,1369622,ADS_CODE_DAILY_UPDATE,2025-07-29 00:14:34
438040,txFqNtXzIl,1655,1206152,3,4,소금맨션 169518,,,네이버플레이스 퀴즈,N,2025-07-29 00:14:44,9999-12-31 23:59:59,7,18,12,1369622,ADS_CODE_DAILY_UPDATE,2025-07-29 00:14:44
438050,AXY49XXBEG,82,1206173,3,4,호텔프로포즈 (리뷰 전체보기 클릭 후 URL 제출),,,리뷰 전체보기 클릭 후 URL 제출,N,2025-07-29 01:07:39,9999-12-31 23:59:59,7,17,8,1369622,NONE,2025-07-29 01:07:39
438099,iwYcpAk8cZ,1596,1206259,3,4,[정답입력] 마곡나루 맛집,,,네이버 플레이스 지도 거리 입력하기,N,2025-07-29 09:57:37,9999-12-31 23:59:59,7,18,12,1369622,ADS_CODE_DAILY_UPDATE,2025-07-29 09:57:37
438111,Wz6ImIS4np,1615,1206273,12,11,도킹형 보조배터리(lite) C타입_파스텔핑크,,21900,구매,N,2025-07-29 10:00:00,9999-12-31 00:00:00,7,7090,4600,1360973,REJOINABLE,2025-07-29 10:03:59
438117,s9EiXPRo0o,1615,1206279,12,11,어글리파스텔 니치향수 묘사 55ml,,30600,구매,N,2025-07-29 10:00:00,9999-12-31 00:00:00,7,9636,6200,1303016,REJOINABLE,2025-07-29 10:05:14
438123,iMIQ1XpPtM,318,1206285,3,4,실리콘 수영가방 맞추기 5.30,,,퀴즈 맞추기,N,2025-07-29 10:07:35,9999-12-31 23:59:59,7,18,12,1369622,NONE,2025-07-29 10:07:34
438162,j45uyRNs9i,1596,1206361,3,4,[정답입력] 고잔동 맛집,,,네이버 플레이스 지도 거리 입력하기,N,2025-07-29 11:07:56,9999-12-31 23:59:59,7,18,12,1369622,ADS_CODE_DAILY_UPDATE,2025-07-29 11:07:55
438219,ge4VKgFO6N,1615,1206471,12,11,키친플래그 오일 스프레이 4종 세트,,27900,구매,N,2025-07-29 13:00:00,9999-12-31 00:00:00,7,12636,8200,1555191,REJOINABLE,2025-07-29 13:59:29
438222,T20sMqmXET,1615,1206474,12,11,제주탄산수 탄산오름 250ml 12병(플레인),,36000,구매,N,2025-07-29 14:00:00,9999-12-31 00:00:00,7,14090,9100,1671554,REJOINABLE,2025-07-29 14:00:17
438226,qfpV1tl2YU,1615,1206478,12,11,제주탄산수 탄산오름 250ml 12병(혼합),,36000,구매,N,2025-07-29 14:00:00,9999-12-31 00:00:00,7,14090,9100,1648373,REJOINABLE,2025-07-29 14:00:40
438227,8T5rwIFiZD,930,1206479,12,11,라에스테 셀코어샷 바이탈 로즈 앰플 50ml,,49000,구매,N,2025-07-29 14:00:00,9999-12-31 00:00:00,7,20909,13500,1547719,REJOINABLE,2025-07-29 14:00:44
438272,2DJwjJEJEd,318,1206579,3,4,안벗겨지는양말남자 맞추기 8.23,,,퀴즈 맞추기,N,2025-07-29 17:06:39,9999-12-31 23:59:59,7,18,12,1369722,NONE,2025-07-29 17:06:39
438273,uEcXST5hyg,318,1206581,3,4,목문용방문손잡이 맞추기 7.29,,,퀴즈 맞추기,N,2025-07-29 17:06:40,9999-12-31 23:59:59,7,16,11,1369722,NONE,2025-07-29 17:06:40
438334,3NF0RuXYQ3,82,1206729,3,4,모기퇴치기 (리뷰 전체보기 클릭 후 URL 제출),,,리뷰 전체보기 클릭 후 URL 제출,N,2025-07-29 19:12:12,9999-12-31 23:59:59,7,17,8,1369722,NONE,2025-07-29 19:12:11
438382,4oAKlz4NB1,82,1206813,3,4,평촌더끌림입시미술전문학원 (플레이스 URL 입력),,,퀴즈 정답 맞추기,N,2025-07-30 00:13:51,9999-12-31 23:59:59,7,16,8,1369722,NONE,2025-07-30 00:13:51
438436,PZLtxuFcqA,910,1206918,2,1,알바몬,,,최초 오픈,N,2025-07-30 10:00:00,2029-11-29 00:00:00,7,200,160,2754400,NONE,2025-07-30 10:14:09
438440,kCTqhjg5hG,1623,1206925,3,4,삼성 G100D,,,퀴즈 맞추기,N,2025-07-30 10:37:47,9999-12-31 23:59:59,7,15,10,1369722,NONE,2025-07-30 10:37:46
438441,PnfotZCXD3,1623,1206927,3,4,삼성 H170D,,,퀴즈 맞추기,N,2025-07-30 10:37:47,9999-12-31 23:59:59,7,15,10,1369722,NONE,2025-07-30 10:37:47
438442,xtwJ1WM1BN,1623,1206929,3,4,삼성 F100D,,,퀴즈 맞추기,N,2025-07-30 10:37:48,9999-12-31 23:59:59,7,15,10,1369722,NONE,2025-07-30 10:37:48
438515,sYWo8fIVHI,1655,1207075,3,4,결혼식답례품 결혼 답례품 핸드워시 회사 선물 170081,,,네이버스마트스토어 퀴즈,N,2025-07-30 11:27:51,9999-12-31 23:59:59,7,18,12,1369722,ADS_CODE_DAILY_UPDATE,2025-07-30 11:27:50
438540,jZuBGoIh2U,1655,1207124,3,4,드립백 답례품 드립 커피 결혼식 답례품 선물 세트 170090,,,네이버스마트스토어 퀴즈,N,2025-07-30 12:10:17,9999-12-31 23:59:59,7,18,12,1369722,ADS_CODE_DAILY_UPDATE,2025-07-30 12:10:16
438561,qXVtBLftwN,1623,1207158,3,4,[정답입력]밭솥 렌지대,,,퀴즈 맞추기,N,2025-07-30 13:13:23,9999-12-31 23:59:59,7,15,10,1369722,NONE,2025-07-30 13:13:22
438564,KBAmW4pT2c,1655,1207164,3,4,강남타토아의원 170102,,,네이버플레이스 퀴즈,N,2025-07-30 13:23:01,9999-12-31 23:59:59,7,18,12,1369697,ADS_CODE_DAILY_UPDATE,2025-07-30 13:23:01
438717,978EHf08iw,1623,1207438,3,4,충주 치과,,,퀴즈 맞추기,N,2025-07-31 00:10:12,9999-12-31 23:59:59,7,15,10,1369722,NONE,2025-07-31 00:10:12
438883,ybCO1YYbWz,1596,1207791,3,4,[정답입력] 부천술집,,,네이버 플레이스 리뷰찾기,N,2025-07-31 11:42:37,9999-12-31 23:59:59,7,18,12,1369706,ADS_CODE_DAILY_UPDATE,2025-07-31 11:42:37
438897,U7uN8DHm3N,930,1207813,12,11,[동원] 야채참치 90g x 8캔,,19800,구매,N,2025-07-31 11:00:00,9999-12-31 00:00:00,7,3909,2500,1639403,REJOINABLE,2025-07-31 11:48:17
438925,3zuX6FWjUM,1655,1207860,3,4,세레니끄방배사당점 170487,,,네이버플레이스 저장하기 미션,N,2025-07-31 13:02:58,9999-12-31 23:59:59,7,28,20,1369722,NONE,2025-07-31 13:02:57
438932,2F4d2ug0mt,1655,1207872,3,4,세레니끄산본점 170491,,,네이버플레이스 저장하기 미션,N,2025-07-31 13:13:02,9999-12-31 23:59:59,7,28,20,1369722,NONE,2025-07-31 13:13:02
438942,tXO1neCRf0,1668,1207892,3,10,좋은이름 만들기,,,회원가입 후 결제,N,2025-07-31 14:00:00,2031-01-03 00:00:00,7,2300,1725,2403300,NONE,2025-07-31 14:14:02
438973,yQGnn9l1BQ,1668,1207953,3,10,DNA 인사이트,,,회원가입 후 결제,N,2025-08-05 14:00:00,2031-01-04 00:00:00,7,4000,3000,2396100,NONE,2025-07-31 14:40:21
439078,wL8cUaKZX5,1655,1208157,3,4,이천누수탐지하수구막힘변기막힘해빙24시긴급설비 170663,,,네이버플레이스 저장하기 미션,N,2025-07-31 19:31:39,9999-12-31 23:59:59,7,28,20,1369722,NONE,2025-07-31 19:31:39
439160,R4Ki2kiw6d,1655,1208305,3,4,박승광해물손칼국수 원주점 167937,,,네이버플레이스 퀴즈,N,2025-08-01 00:11:12,9999-12-31 23:59:59,7,18,12,1369722,ADS_CODE_DAILY_UPDATE,2025-08-01 00:11:11
439162,CyE7Z1aE6r,1655,1208309,3,4,박승광해물손칼국수 원주점 167941,,,네이버플레이스 퀴즈,N,2025-08-01 00:11:13,9999-12-31 23:59:59,7,18,12,1369722,ADS_CODE_DAILY_UPDATE,2025-08-01 00:11:13
439163,H8egksjJE3,335,1208311,2,0,더핀,,,최초 오픈,N,2025-08-01 00:12:42,9999-12-31 23:59:59,2,230,180,2747300,NONE,2025-08-01 00:12:42
439166,PNC8Epd1XF,1655,1208316,3,4,제주 불로초 감귤 농장 황금향 신비향 사백일향 카라향 고당도 타이벡 비가림 하우스 귤 17,,,네이버스마트스토어 퀴즈,N,2025-08-01 00:13:17,9999-12-31 23:59:59,7,18,12,1369722,ADS_CODE_DAILY_UPDATE,2025-08-01 00:13:17
439177,hyp9F89Cpl,1655,1208338,3,4,서울우유 수험생 중학생 영양제 어린이 비타민 젤리 스틱 170642,,,네이버스마트스토어 퀴즈,N,2025-08-01 00:13:27,9999-12-31 23:59:59,7,18,12,1369722,ADS_CODE_DAILY_UPDATE,2025-08-01 00:13:27
439179,Qn56h1UIHz,1655,1208342,3,4,서울우유 면역 탄탄 키 즈 영양제 건강하게 크는 성장기 청소년 어린이 우유칼슘 170644,,,네이버스마트스토어 퀴즈,N,2025-08-01 00:13:28,9999-12-31 23:59:59,7,18,12,1369722,ADS_CODE_DAILY_UPDATE,2025-08-01 00:13:28
439216,cAQOXvOBjq,335,1208407,2,0,돈버는 날씨서비스,,,최초 오픈,N,2025-08-01 00:17:57,9999-12-31 23:59:59,2,230,180,2747100,NONE,2025-08-01 00:17:57
439405,1IG4qKkvO6,84,1208784,3,8,[N영화리뷰] G155731,,,참여,N,2025-08-01 11:00:00,2031-01-04 00:00:00,7,200,150,2729700,NONE,2025-08-01 10:55:47
439411,xxsAD7UApJ,84,1208783,3,8,[찜하기] GP36504_강서,,,참여,N,2025-08-01 11:00:00,2030-12-27 00:00:00,7,200,150,2731800,NONE,2025-08-01 10:58:04
439412,o1PxtCDROz,84,1208782,3,8,[스토어찜] 킹테라피 (수원),,,참여,N,2025-08-01 11:00:00,2029-12-06 00:00:00,7,200,150,2496900,NONE,2025-08-01 10:58:29
439425,QHs6naajVM,1596,1208804,3,4,[저장하기]사상구축구교실-20250731-18,,,네이버 플레이스 저장하기,N,2025-08-01 11:32:25,9999-12-31 23:59:59,7,20,14,1369827,ADS_CODE_DAILY_UPDATE,2025-08-01 11:32:25
439443,2GgeNBLWw3,318,1208838,3,4,강아지계단 올웨이즈 맞추기 8.1,,,퀴즈 맞추기,N,2025-08-01 13:07:05,9999-12-31 23:59:59,7,16,11,1369827,NONE,2025-08-01 13:07:05
439449,FENXS5bbbT,318,1208849,3,4,동동마켓 엘리카 인덕션 벨벳 맞추기 8.1,,,퀴즈 맞추기,N,2025-08-01 13:11:57,9999-12-31 23:59:59,7,16,11,1369827,NONE,2025-08-01 13:11:56
439452,iYKwvcqN4H,318,1208855,3,4,동동마켓 엘리카 인덕션 핏60 맞추기 8.1,,,퀴즈 맞추기,N,2025-08-01 13:12:03,9999-12-31 23:59:59,7,16,11,1369827,NONE,2025-08-01 13:12:03
439495,bOQhTEcqNj,82,1208928,3,4,서울강아지분양 헬스독 (블로그 리뷰 클릭 후 플레이스 저장),,,블로그 리뷰 클릭 후 플레이스 저장,N,2025-08-01 15:27:36,9999-12-31 23:59:59,7,19,8,1369827,NONE,2025-08-01 15:27:36
439563,nhVX9aKw1B,1655,1209082,3,4,행궁동 안작란 171083,,,네이버플레이스 저장하기 미션,N,2025-08-01 23:17:02,9999-12-31 23:59:59,7,28,20,1369827,NONE,2025-08-01 23:17:02
439579,M8t30X6zah,1623,1209106,3,4,유막제거제,,,퀴즈 맞추기,N,2025-08-02 00:09:17,9999-12-31 23:59:59,7,15,10,1369827,NONE,2025-08-02 00:09:16
439604,0udEaqyxg8,1655,1209156,3,4,애니원119 소화기 스프레이 초기진압용 미니소화기 간이 스탠다드390g 171061,,,네이버스마트스토어 퀴즈,N,2025-08-02 00:13:11,9999-12-31 23:59:59,7,18,12,1369827,ADS_CODE_DAILY_UPDATE,2025-08-02 00:13:11
439606,9hv57cFs7I,1655,1209160,3,4,무타공 도어스토퍼 현관 문 스토퍼 말발굽 말굽 국산 171063,,,네이버스마트스토어 퀴즈,N,2025-08-02 00:13:13,9999-12-31 23:59:59,7,18,12,1369827,ADS_CODE_DAILY_UPDATE,2025-08-02 00:13:13
439759,3S9lUp8KBK,1655,1209464,3,4,샤인머스켓 망고포도 고당도 거봉 당일수확 산지직송 추석 선물세트 171358,,,네이버스마트스토어 퀴즈,N,2025-08-02 16:10:17,9999-12-31 23:59:59,7,18,12,1369827,ADS_CODE_DAILY_UPDATE,2025-08-02 16:10:17
439761,EpCNP7szJ7,1655,1209468,3,4,자두 대석 피자두 후무사 도담 추희 171360,,,네이버스마트스토어 퀴즈,N,2025-08-02 16:10:19,9999-12-31 23:59:59,7,18,12,1369827,ADS_CODE_DAILY_UPDATE,2025-08-02 16:10:19
439781,US7d06U206,1655,1209507,3,4,서울니어치과 171442,,,네이버플레이스 저장하기 미션,N,2025-08-02 20:31:59,9999-12-31 23:59:59,7,28,20,1369827,NONE,2025-08-02 20:31:59
439846,mK299RkF3H,1655,1209631,3,4,인디실용음악학원 171739,,,네이버플레이스 저장하기 미션,N,2025-08-03 14:26:54,9999-12-31 23:59:59,7,28,20,1369827,NONE,2025-08-03 14:26:54
439911,ZflNYcE27M,1655,1209761,3,4,전자담배액상 전담 액상 발라리안 맥스 프로 젤로 호환 무니코틴 알로에베라 니코틴 무 171,,,네이버스마트스토어 퀴즈,N,2025-08-04 00:14:04,9999-12-31 23:59:59,7,18,12,1369827,ADS_CODE_DAILY_UPDATE,2025-08-04 00:14:03
439912,B7qdNdGcYq,1655,1209763,3,4,네이버쇼핑 정답 미션 171596,,,네이버스마트스토어 퀴즈,N,2025-08-04 00:14:17,9999-12-31 23:59:59,7,18,12,1369827,ADS_CODE_DAILY_UPDATE,2025-08-04 00:14:17
439922,TjNjvx6D9F,1623,1209783,3,4,가정동 케이크,,,퀴즈 맞추기,N,2025-08-04 07:37:26,9999-12-31 23:59:59,7,15,10,1369827,NONE,2025-08-04 07:37:26
439973,fS8oz4GQ5k,1439,1210235,3,7,대신증권 크레온,,,계좌 개설,N,2025-08-04 11:00:00,2026-01-06 00:00:00,7,7200,5600,2732100,NONE,2025-08-04 11:12:12
439976,TUSVjcBYtK,1355,1209906,3,5,인생존망겜(레벨79 달성),,,레벨79 달성,N,2025-08-04 13:01:57,9999-12-31 23:59:59,2,10400,7800,2473100,NONE,2025-08-04 13:01:57
439982,SUTg0DfEE3,583,1222542,3,7,케이뱅크 사장님 부동산 담보대출 실행하고,,,사장님 부동산 담보대출 완료,N,2025-08-04 13:00:00,2029-11-29 00:00:00,7,240000,180000,2569500,NONE,2025-08-04 13:14:34
439988,BEjly9iRTd,82,1210207,3,13,LG전자 썸머 파이널 세일,,,클릭 후 10초 이상 체류,N,2025-08-04 14:00:00,2031-01-03 00:00:00,7,15,10,2733900,NONE,2025-08-04 14:26:29
439990,st11Ll0SVA,1668,1211748,3,10,하나손보 자동차 보험 가입,,,연간 보험료 30만원 이상 가입,N,2025-08-05 16:00:00,2031-01-03 00:00:00,7,24000,18000,2577100,NONE,2025-08-04 14:41:55
439991,QIrNqwFwfa,1668,1211779,3,10,헬스시그널,,,회원가입 후 결제,N,2025-08-05 17:00:00,2031-01-03 00:00:00,7,10000,7500,2395000,NONE,2025-08-04 14:48:38
439993,6wOeoZnNDK,1668,1211834,3,10,천신궁합,,,회원가입 후 결제,N,2025-08-05 17:00:00,2031-01-04 00:00:00,7,7000,5250,2373100,NONE,2025-08-04 15:01:23
439995,ou13IbZWOE,1668,1211889,3,10,체질마인드랩,,,회원가입 후 결제,N,2025-08-05 17:00:00,2031-01-04 00:00:00,7,10000,7500,2392600,NONE,2025-08-04 15:07:13
439998,I98G7FvAAI,1668,1211911,3,10,커리어 스캐닝,,,회원가입 후 결제,N,2025-08-05 17:00:00,2031-01-04 00:00:00,7,10000,7500,2392500,NONE,2025-08-04 15:14:14
439999,IRegtPoJ36,1355,1209996,3,5,카 아레나: 패스트 레이스 3D(레벨23 도달),,,레벨23 도달,N,2025-08-04 15:17:00,2025-08-26 23:59:00,2,2160,1620,2462900,NONE,2025-08-04 15:17:04
440000,fUOndwpiLI,1668,1211946,3,10,트립 시그날 데이터,,,회원가입 후 결제,N,2025-08-05 17:00:00,9999-08-06 00:00:00,7,10000,7500,2395100,NONE,2025-08-04 15:19:32
440018,mUoa8wOoZH,1668,1211928,3,10,신통방통 동전점,,,회원가입 후 결제,N,2025-08-05 17:00:00,9999-08-06 00:00:00,7,7000,5250,2383200,NONE,2025-08-04 15:25:38
440021,oWHJRWcjgA,1668,1211900,3,10,에코리마인드,,,회원가입 후 결제,N,2025-08-05 17:00:00,9999-08-06 00:00:00,7,10000,7500,2366000,NONE,2025-08-04 15:29:55
440034,gxgzChWSyf,1668,1211832,3,10,이상형 프로필 체크,,,회원가입 후 결제,N,2025-08-05 17:00:00,2030-12-31 00:00:00,7,10000,7500,2384700,NONE,2025-08-04 15:33:42
440035,gUsWLzAM45,1668,1211921,3,10,재미있는 COM소설,,,회원가입 후 결제,N,2025-08-05 17:00:00,2029-11-22 00:00:00,7,7000,5250,2402000,NONE,2025-08-04 15:35:55
440037,UEbczMuloi,1668,1211904,3,10,러브다이어리,,,회원가입 후 결제,N,2025-08-05 17:00:00,2029-11-22 00:00:00,7,10000,7500,2390600,NONE,2025-08-04 15:39:12
440048,kJlCecQ6je,1668,1211840,3,10,"마이카드포인트전환_23,000P",,,회원가입 후 포인트 조회 및 사용,N,2025-08-05 17:00:00,2029-11-29 00:00:00,7,7000,5250,2296100,NONE,2025-08-04 15:49:23
440055,Gj3CVcwFky,1668,1211805,3,10,매칭코드,,,회원가입 후 결제,N,2025-08-05 17:00:00,2029-11-29 00:00:00,7,10000,7500,2391100,NONE,2025-08-04 15:52:57
440077,JjZzUxqrKz,1668,1211842,3,10,대통운세,,,회원가입 후 결제,N,2025-08-05 17:00:00,9999-08-06 00:00:00,7,7000,5250,2401700,NONE,2025-08-04 16:15:15
440081,9D6C6uBxmG,1668,1211755,3,10,DB손해보험 가정보장보험,,,월납 1만원 이상 가입,N,2025-08-05 17:00:00,9999-08-06 00:00:00,7,14000,10500,2577500,NONE,2025-08-04 16:26:41
440082,vIefqDQRvT,1355,1210089,3,5,"스도쿠-스도쿠 퍼즐, 두뇌 게임, 숫자 게임",,,쉬운 레벨 200 도달,N,2025-08-04 16:32:01,9999-12-31 23:59:59,2,2000,1500,2458800,NONE,2025-08-04 16:32:00
440143,6kwCMncxKk,318,1210388,3,4,올바른고 메가알부민 맞추기 12.12,,,퀴즈 맞추기,N,2025-08-04 18:36:50,9999-12-31 23:59:59,7,16,11,1369941,NONE,2025-08-04 18:36:50
440151,YwxXfiCWSS,1655,1210398,3,4,결혼식 답례품 호두정과 140g 호두강정 답례품 조문 돌잔치 개업 172128,,,네이버스마트스토어 퀴즈,N,2025-08-04 20:42:08,9999-12-31 23:59:59,7,18,12,1369941,ADS_CODE_DAILY_UPDATE,2025-08-04 20:42:08
440152,rO5jKxx9Am,1655,1210400,3,4,결혼식 답례품 호두정과 140g 호두강정 답례품 보자기 조문 172129,,,네이버스마트스토어 퀴즈,N,2025-08-04 20:47:11,9999-12-31 23:59:59,7,18,12,1369941,ADS_CODE_DAILY_UPDATE,2025-08-04 20:47:11
440153,ZT4ZntZMgN,1655,1210402,3,4,홍삼스틱 선물 세트 보자기 답례품 홍삼즙 엑기스 20포 172132,,,네이버스마트스토어 퀴즈,N,2025-08-04 21:01:54,9999-12-31 23:59:59,7,18,12,1369941,ADS_CODE_DAILY_UPDATE,2025-08-04 21:01:54
440154,SQvrUsSEaX,1596,1210404,3,4,[정답입력] 킨텍스맛집,,,네이버 플레이스 지도 거리 입력하기,N,2025-08-04 21:26:58,9999-12-31 23:59:59,7,18,12,1369941,ADS_CODE_DAILY_UPDATE,2025-08-04 21:26:58
440167,nTPAtSWcjy,50,1210430,2,1,[오픈하기] KB차차차,,,최초 오픈,N,2025-08-05 00:07:08,9999-12-31 23:59:59,2,260,200,2747500,NONE,2025-08-05 00:07:07
440182,JaabDYr5bQ,1623,1210459,3,4,[정답입력]정통 숯불 꼬치,,,퀴즈 맞추기,N,2025-08-05 00:09:27,9999-12-31 23:59:59,7,15,10,1369941,NONE,2025-08-05 00:09:27
440212,UQrqlIo5zR,1631,1210503,3,4,"뉴트리하루 프리미엄 맥주효모 비오틴 15000 식약청인증 영양제 판토텐산 함유, 1개, 6",,,정답입력,N,2025-08-05 00:23:09,9999-12-31 23:59:59,7,16,10,1369941,ADS_CODE_DAILY_UPDATE,2025-08-05 00:23:09
440224,h3L220dvP0,1596,1210525,3,4,[저장하기]송리단길이자카야모토쿠라시-20250801-19,,,네이버 플레이스 저장하기,N,2025-08-05 06:08:06,9999-12-31 23:59:59,7,20,14,1369941,ADS_CODE_DAILY_UPDATE,2025-08-05 06:08:06
440236,vpHpLNCTHN,1596,1210549,3,4,[정답입력]구로디지털단지역 낙곱새 맛집,,,네이버 플레이스 지도 거리 입력하기,N,2025-08-05 06:12:27,9999-12-31 23:59:59,7,18,12,1369941,ADS_CODE_DAILY_UPDATE,2025-08-05 06:12:27
440244,eE4rkNiL5a,1596,1210565,3,4,[정답입력]구로디지털단지역 낙곱새,,,네이버 플레이스 지도 거리 입력하기,N,2025-08-05 06:12:42,9999-12-31 23:59:59,7,18,12,1369941,ADS_CODE_DAILY_UPDATE,2025-08-05 06:12:42
440308,SiKpiCSTKI,1596,1210693,3,4,[저장하기]남양주애견카페애견카페왕-20250801-22,,,네이버 플레이스 저장하기,N,2025-08-05 06:17:54,9999-12-31 23:59:59,7,20,14,1369941,ADS_CODE_DAILY_UPDATE,2025-08-05 06:17:54
440382,deAs7GlzmD,1596,1210841,3,4,[저장하기]대구심리상담센터-20250802-11,,,네이버 플레이스 저장하기,N,2025-08-05 06:32:23,9999-12-31 23:59:59,7,20,14,1369941,ADS_CODE_DAILY_UPDATE,2025-08-05 06:32:23
440410,EsnTwbPvwo,1596,1210897,3,4,[저장하기]무주맛집-20250801-15,,,네이버 플레이스 저장하기,N,2025-08-05 06:37:30,9999-12-31 23:59:59,7,20,14,1369941,ADS_CODE_DAILY_UPDATE,2025-08-05 06:37:29
440439,gf9v9Hj9JP,1596,1210955,3,4,[정답입력]구로디지털단지역 곱창,,,네이버 플레이스 지도 거리 입력하기,N,2025-08-05 06:42:47,9999-12-31 23:59:59,7,18,12,1369940,ADS_CODE_DAILY_UPDATE,2025-08-05 06:42:47
440549,pcJIhjzVXW,1655,1211175,3,4,웨딩 답례품 비타민 돌잔치 조문 답례품 개업 회사 고급 결혼식 172333,,,네이버스마트스토어 퀴즈,N,2025-08-05 09:52:10,9999-12-31 23:59:59,7,18,12,1369937,ADS_CODE_DAILY_UPDATE,2025-08-05 09:52:09
440636,cI8BHYJcXo,1596,1211350,3,4,[정답입력] 소프트사료,,,네이버 상품 그 외,N,2025-08-05 14:02:43,9999-12-31 23:59:59,7,18,12,1369937,ADS_CODE_DAILY_UPDATE,2025-08-05 14:02:42
440767,InCOFJXEdN,1655,1211613,3,4,하수구막힘 172508,,,네이버플레이스 퀴즈,N,2025-08-05 14:51:57,9999-12-31 23:59:59,7,18,12,1369936,ADS_CODE_DAILY_UPDATE,2025-08-05 14:51:56
440773,Lc3Vda8VmR,82,1211627,3,4,야자매트 (리뷰 전체보기 클릭 후 URL 제출),,,리뷰 전체보기 클릭 후 URL 제출,N,2025-08-05 15:01:51,9999-12-31 23:59:59,7,17,8,1369936,NONE,2025-08-05 15:01:50
440829,6y8jNNhCfa,318,1211808,3,4,구운계란 인생 맞추기 8.5,,,퀴즈 맞추기,N,2025-08-05 17:07:18,9999-12-31 23:59:59,7,16,11,1369936,NONE,2025-08-05 17:07:18
440833,zCcrG9hmSV,82,1211820,3,4,송도정안xxx (블로그 리뷰 클릭 후 플레이스 저장),,,블로그 리뷰 클릭 후 플레이스 저장,N,2025-08-05 17:07:44,9999-12-31 23:59:59,7,19,8,1369936,NONE,2025-08-05 17:07:43
440866,EajNn1EZBr,1623,1212017,3,4,패러글라이딩,,,퀴즈 맞추기,N,2025-08-06 00:09:26,9999-12-31 23:59:59,7,15,10,1369936,NONE,2025-08-06 00:09:26
440929,4xaViSDlOH,1655,1212153,3,4,해남 절임배추 20kg 김장배추 GAP인증 172582,,,네이버스마트스토어 퀴즈,N,2025-08-06 00:13:08,9999-12-31 23:59:59,7,18,12,1369837,ADS_CODE_DAILY_UPDATE,2025-08-06 00:13:08
440942,DVruaKkMGg,1596,1212177,3,4,[정답입력]메쉬배변패드-20250801-188,,,네이버 쇼핑 상품번호 입력하기,N,2025-08-06 06:12:18,9999-12-31 23:59:59,7,18,12,1369837,ADS_CODE_DAILY_UPDATE,2025-08-06 06:12:18
440955,J0I6m3Vm2U,1596,1212203,3,4,[저장하기]무주맛집-20250804-30,,,네이버 플레이스 저장하기,N,2025-08-06 06:17:40,9999-12-31 23:59:59,7,20,14,1369837,ADS_CODE_DAILY_UPDATE,2025-08-06 06:17:39
441013,DBnAFWELCR,1666,1212387,3,13,포춘쿠키 (1일 1회 재참여 가능),,,참여,N,2025-08-06 10:00:00,2030-12-27 00:00:00,7,2,2,2764300,ADS_CODE_DAILY_UPDATE,2025-08-06 10:12:22
441044,9jNVrlqSTr,1623,1212379,3,4,커리쉴 실키 오일 세럼 손상 모발용 피치블로썸향,,,퀴즈 맞추기,N,2025-08-06 10:52:17,9999-12-31 23:59:59,7,15,10,1369936,NONE,2025-08-06 10:52:17
441045,xHJ9luq9As,1623,1212381,3,4,커리쉴 쿨 허브 샴푸 1.6L,,,퀴즈 맞추기,N,2025-08-06 10:52:18,9999-12-31 23:59:59,7,15,10,1369936,NONE,2025-08-06 10:52:18
441047,KsgYEO0ugT,1623,1212385,3,4,커리쉴 새틴 앤 에어리 스프레이 300ml,,,퀴즈 맞추기,N,2025-08-06 10:52:20,9999-12-31 23:59:59,7,15,10,1369936,NONE,2025-08-06 10:52:20
441050,m10XPfrvNf,318,1212393,3,4,씽크어스 하트 맞추기 8.6,,,퀴즈 맞추기,N,2025-08-06 11:22:17,9999-12-31 23:59:59,7,18,12,1369936,NONE,2025-08-06 11:22:17
441062,xe8ElNHbqH,318,1212414,3,4,팰리세이드 쓰레기통 튜닝 맞추기 8.6,,,퀴즈 맞추기,N,2025-08-06 13:07:23,9999-12-31 23:59:59,7,16,11,1369936,NONE,2025-08-06 13:07:23
441073,V8h5mw8WIO,335,1212432,1,0,2X,,,받기,N,2025-08-06 14:27:10,9999-12-31 23:59:59,2,170,120,2754900,NONE,2025-08-06 14:27:10
441074,MjLbdyvv1v,335,1212433,1,0,다크엔젤:심연의 날개,,,받기,N,2025-08-06 14:27:11,9999-12-31 23:59:59,2,170,120,2753200,NONE,2025-08-06 14:27:11
441075,elCz9niS5W,335,1212434,1,0,아케론:종말의 서곡,,,받기,N,2025-08-06 14:27:12,9999-12-31 23:59:59,2,170,120,2753000,NONE,2025-08-06 14:27:12
441159,unyd2rhd4b,50,1212595,3,2,[사전예약] 더 스타라이트,,,사전예약,N,2025-08-06 15:00:00,2029-11-28 00:00:00,7,230,180,2752300,NONE,2025-08-06 15:38:15
441184,dDFDVGpRPo,1596,1212642,3,4,[정답입력] 목포 맛집,,,네이버 플레이스 지도 거리 입력하기,N,2025-08-06 17:17:42,9999-12-31 23:59:59,7,18,12,1369936,ADS_CODE_DAILY_UPDATE,2025-08-06 17:17:41
441203,JGnqJcM53h,1655,1212681,3,4,단백질 쉐이크 파우치 식물성 프로틴 쉐이크 아침 미숫가루 7개 172983,,,네이버스마트스토어 퀴즈,N,2025-08-06 19:01:57,9999-12-31 23:59:59,7,18,12,1369936,ADS_CODE_DAILY_UPDATE,2025-08-06 19:01:57
441208,cbVvFUWgfJ,82,1212691,3,4,인조잔디 (리뷰 전체보기 클릭 후 URL 제출),,,리뷰 전체보기 클릭 후 URL 제출,N,2025-08-06 20:12:13,9999-12-31 23:59:59,7,16,8,1369936,NONE,2025-08-06 20:12:13
441263,Kx5iHecCqy,1596,1212797,3,4,[정답입력]속초대포동아침식사-20250806-31,,,네이버 플레이스 장소명 입력하기,N,2025-08-07 06:18:10,9999-12-31 23:59:59,7,18,12,1369936,ADS_CODE_DAILY_UPDATE,2025-08-07 06:18:10
441269,1UKuQPthNn,1596,1212809,3,4,[정답입력]인천계산동횟집-20250806-28,,,네이버 플레이스 장소명 입력하기,N,2025-08-07 06:32:31,9999-12-31 23:59:59,7,18,12,1369936,ADS_CODE_DAILY_UPDATE,2025-08-07 06:32:31
441286,gBJZChp6qT,1655,1212843,3,4,아임비타 이뮨 플러스 7일 샷 멀티 비타민 선물 액상 아이엠 비타 이문 종합 173023,,,네이버스마트스토어 퀴즈,N,2025-08-07 07:42:37,9999-12-31 23:59:59,7,18,12,1369936,ADS_CODE_DAILY_UPDATE,2025-08-07 07:42:37
441306,cTg64fKMhv,1596,1212883,3,4,[정답입력] 수지구청맛집,,,네이버 플레이스 지도 거리 입력하기,N,2025-08-07 10:02:37,9999-12-31 23:59:59,7,18,12,1369936,ADS_CODE_DAILY_UPDATE,2025-08-07 10:02:36
441310,5AFWHafV8W,318,1212891,3,4,비엔엠코리아 10개옵션 맞추기 8.7,,,퀴즈 맞추기,N,2025-08-07 10:07:29,9999-12-31 23:59:59,7,16,11,1369936,NONE,2025-08-07 10:07:28
441329,gVG7JVKq9b,1597,1213043,3,5,I9: 인페르노 나인 - 만국 총력전,,,레벨 300 도달,N,2025-08-07 10:00:00,2031-01-03 00:00:00,2,7200,5400,2467600,NONE,2025-08-07 10:08:55
441356,J2dkSvnvPC,1596,1212981,3,4,[정답입력] 광주우육면,,,네이버 플레이스 지도 거리 입력하기,N,2025-08-07 10:17:36,9999-12-31 23:59:59,7,18,12,1369936,ADS_CODE_DAILY_UPDATE,2025-08-07 10:17:36
441402,t8qoOKwUho,1596,1213080,3,4,[정답입력] 성산펜션,,,네이버 플레이스 지도 거리 입력하기,N,2025-08-07 11:32:31,9999-12-31 23:59:59,7,18,12,1369936,ADS_CODE_DAILY_UPDATE,2025-08-07 11:32:31
441422,tCEwwLJX4R,318,1213108,3,4,이리와코리아 10개옵션 맞추기 8.7,,,퀴즈 맞추기,N,2025-08-07 13:07:18,9999-12-31 23:59:59,7,16,11,1369936,NONE,2025-08-07 13:07:18
441425,ZRUeEGpNej,318,1213114,3,4,동동마켓의 엘리카인덕션 블랙 맞추기 8.7,,,퀴즈 맞추기,N,2025-08-07 13:07:24,9999-12-31 23:59:59,7,16,11,1369936,NONE,2025-08-07 13:07:24
441441,Nl56F0R847,1596,1213144,3,4,[정답입력] 제주공항 근처 맛집,,,네이버 플레이스 지도 거리 입력하기,N,2025-08-07 14:23:06,9999-12-31 23:59:59,7,18,12,1369936,ADS_CODE_DAILY_UPDATE,2025-08-07 14:23:06
441447,r45e7olZSO,1596,1213156,3,4,[정답입력] 광안리 아구찜,,,네이버 플레이스 지도 거리 입력하기,N,2025-08-07 14:23:13,9999-12-31 23:59:59,7,18,12,1369936,ADS_CODE_DAILY_UPDATE,2025-08-07 14:23:13
441468,tPgJJ0LfVB,1655,1213198,3,4,루베르데 광교 173262,,,네이버플레이스 퀴즈,N,2025-08-07 14:32:45,9999-12-31 23:59:59,7,18,12,1369936,ADS_CODE_DAILY_UPDATE,2025-08-07 14:32:45
441531,xPhqdx2V5b,1623,1213319,3,4,[정답입력]슬라이딩 붙박이장,,,퀴즈 맞추기,N,2025-08-07 15:47:15,9999-12-31 23:59:59,7,15,10,1369936,NONE,2025-08-07 15:47:15
441597,cl6FUfuixa,84,1213448,3,8,[공유하기] 강혜니,,,참여,N,2025-08-07 16:00:00,2031-01-04 00:00:00,7,150,110,2731500,NONE,2025-08-07 16:56:49
441602,Dzjim1BTmE,82,1213456,3,4,강재인 (블로그 리뷰 클릭 후 플레이스 저장),,,블로그 리뷰 클릭 후 플레이스 저장,N,2025-08-07 17:32:00,9999-12-31 23:59:59,7,19,8,1369936,NONE,2025-08-07 17:31:59
441657,1U8kgIDCLX,1623,1213557,3,4,[퀴즈] 고양시 중앙로 철거,,,퀴즈 맞추기,N,2025-08-08 00:10:53,9999-12-31 23:59:59,7,15,10,1369936,NONE,2025-08-08 00:10:53
441692,9N2HUBw9Oy,1655,1213606,3,4,박승광해물손칼국수 원주점 172994,,,네이버플레이스 퀴즈,N,2025-08-08 00:14:23,9999-12-31 23:59:59,7,18,12,1369936,ADS_CODE_DAILY_UPDATE,2025-08-08 00:14:23
441701,JTKhBDVqrD,1655,1213624,3,4,와니룸 국내 맞춤 쉬폰커튼 먼지없는 항균 암막 도톰 거실 안방 차르르 나비주름 60x160,,,네이버스마트스토어 퀴즈,N,2025-08-08 00:14:39,9999-12-31 23:59:59,7,18,12,1369936,ADS_CODE_DAILY_UPDATE,2025-08-08 00:14:39
441711,4vL7n50Zss,1631,1213644,3,4,그래한의원 마곡,,,정답입력,N,2025-08-08 03:02:09,9999-12-31 23:59:59,7,20,14,1369936,ADS_CODE_DAILY_UPDATE,2025-08-08 03:02:09
441719,6U6l5YSqWo,1623,1213659,3,4,K자동우산,,,플레이스 저장,N,2025-08-08 06:09:12,9999-12-31 23:59:59,7,20,14,1369936,NONE,2025-08-08 06:09:11
441720,fRU6VBMNSG,1623,1213661,3,4,K자동우산2,,,플레이스 저장,N,2025-08-08 06:09:12,9999-12-31 23:59:59,7,20,14,1369936,NONE,2025-08-08 06:09:12
441721,0ynwpsB0cL,1623,1213663,3,4,K자동우산3,,,플레이스 저장,N,2025-08-08 06:09:13,9999-12-31 23:59:59,7,20,14,1369936,NONE,2025-08-08 06:09:13
441740,BTlME2bxZo,1596,1213701,3,4,[정답입력] 광안리 아구찜,,,네이버 플레이스 리뷰찾기,N,2025-08-08 06:22:37,9999-12-31 23:59:59,7,18,12,1369936,ADS_CODE_DAILY_UPDATE,2025-08-08 06:22:36
441790,e1Exqv5uDR,1596,1213801,3,4,[정답입력]서귀포두루치기-20250806-29,,,네이버 플레이스 장소명 입력하기,N,2025-08-08 07:12:30,9999-12-31 23:59:59,7,18,12,1369936,ADS_CODE_DAILY_UPDATE,2025-08-08 07:12:30
441792,5nTUVIhdlA,1596,1213805,3,4,[정답입력]서귀포백반-20250806-30,,,네이버 플레이스 장소명 입력하기,N,2025-08-08 07:17:28,9999-12-31 23:59:59,7,18,12,1369936,ADS_CODE_DAILY_UPDATE,2025-08-08 07:17:27
441817,NInk6LtmtL,318,1213851,3,4,오리젠사료 맞추기 8.8,,,퀴즈 맞추기,N,2025-08-08 10:12:22,9999-12-31 23:59:59,7,16,11,1369936,NONE,2025-08-08 10:12:22
441818,bZDiv0RURM,318,1213853,3,4,동동마켓의 엘리카 핏 83 맞추기 8.8,,,퀴즈 맞추기,N,2025-08-08 10:12:24,9999-12-31 23:59:59,7,16,11,1369936,NONE,2025-08-08 10:12:23
441888,VD08OjjFAZ,318,1213966,3,4,골프피규어 맞추기 8.8,,,퀴즈 맞추기,N,2025-08-08 13:07:27,9999-12-31 23:59:59,7,16,11,1369936,NONE,2025-08-08 13:07:26
441903,aMtcFFSEzf,318,1213983,3,4,베누스타 청소기 맞추기 8.8,,,퀴즈 맞추기,N,2025-08-08 13:12:16,9999-12-31 23:59:59,7,16,11,1369870,NONE,2025-08-08 13:12:15
441904,GlYgrvySyW,917,1213985,3,8,H.point 회원가입,,,회원가입,N,2025-08-08 13:00:00,2029-11-29 00:00:00,7,2650,1980,2532400,NONE,2025-08-08 13:30:59
441937,GAKe4O3Ghb,1596,1214050,3,4,[정답입력] 가수분해사료,,,네이버 상품 그 외,N,2025-08-08 13:37:41,9999-12-31 23:59:59,7,18,12,1369936,ADS_CODE_DAILY_UPDATE,2025-08-08 13:37:41
441945,ZfB1Tn2UD0,1596,1214066,3,4,[정답입력] 강아지 덴탈껌,,,네이버 상품 그 외,N,2025-08-08 13:37:49,9999-12-31 23:59:59,7,18,12,1369936,ADS_CODE_DAILY_UPDATE,2025-08-08 13:37:49
441961,7hKhx4Qptx,1623,1214098,3,4,메쓰크림,,,퀴즈 맞추기,N,2025-08-08 13:57:10,9999-12-31 23:59:59,7,15,10,1369870,NONE,2025-08-08 13:57:10
441962,7O358Mew0B,84,1214100,3,8,[리뷰] 코인피클,,,참여,N,2025-08-08 14:00:00,2030-12-21 00:00:00,7,1000,750,2731000,NONE,2025-08-08 14:03:21
441969,JDN7guUt0s,318,1214113,3,4,동동마켓 72 인덕션 맞추기 8.8,,,퀴즈 맞추기,N,2025-08-08 15:12:08,9999-12-31 23:59:59,7,16,11,1369936,NONE,2025-08-08 15:12:07
441974,a38p0KsZMj,1655,1214123,3,4,박승광해물손칼국수 원주점 174123,,,네이버플레이스 퀴즈,N,2025-08-08 15:37:04,9999-12-31 23:59:59,7,18,12,1369936,ADS_CODE_DAILY_UPDATE,2025-08-08 15:37:04
441977,p1tpRjqfLF,1623,1214129,3,4,[정답입력]문서세단기 SC-4205,,,퀴즈 맞추기,N,2025-08-08 15:42:20,9999-12-31 23:59:59,7,15,10,1369936,NONE,2025-08-08 15:42:20
441979,c5JmcKpy2X,1655,1214133,3,4,망고왁싱 범계점 174128,,,일반정답미션,N,2025-08-08 15:52:09,9999-12-31 23:59:59,7,18,12,1369936,ADS_CODE_DAILY_UPDATE,2025-08-08 15:52:08
441994,IAzwqHpVit,82,1214158,3,4,추어탕 (리뷰 전체보기 클릭 후 URL 제출),,,리뷰 전체보기 클릭 후 URL 제출,N,2025-08-08 16:42:06,9999-12-31 23:59:59,7,17,8,1369936,NONE,2025-08-08 16:42:05
441996,oKBNCvcKof,82,1214160,3,4,남원 더덕장어 맛집 해용집 (네이버맵 저장 후 길찾기_앱 설치 필수),,,네이버맵 저장 후 길찾기,N,2025-08-08 16:42:08,9999-12-31 23:59:59,7,18,8,1369936,NONE,2025-08-08 16:42:07
442111,gyOiJv9AQb,1623,1214424,3,4,휘게로 유럽미장,,,퀴즈 맞추기,N,2025-08-09 00:10:44,9999-12-31 23:59:59,7,15,10,1369936,NONE,2025-08-09 00:10:43
442129,AmLHrYeAA8,1623,1214460,3,4,닥터커피,,,퀴즈 맞추기,N,2025-08-09 00:11:06,9999-12-31 23:59:59,7,15,10,1369936,NONE,2025-08-09 00:11:06
442134,1qK2oWVBSs,1655,1214470,3,4,[중고] 삼성전자 갤럭시 S23 중고폰 공기계 리퍼폰 256기가 F등급 172977,,,네이버스마트스토어 퀴즈,N,2025-08-09 00:13:08,9999-12-31 23:59:59,7,18,12,1369936,ADS_CODE_DAILY_UPDATE,2025-08-09 00:13:08
442148,zORHWoqYZS,1655,1214487,3,4,네이버쇼핑 정답 미션 173367,,,네이버스마트스토어 퀴즈,N,2025-08-09 00:13:21,9999-12-31 23:59:59,7,18,12,1369936,ADS_CODE_DAILY_UPDATE,2025-08-09 00:13:21
442159,ZyCx7W3U6A,1655,1214504,3,4,네이버쇼핑 정답 미션 173373,,,네이버스마트스토어 퀴즈,N,2025-08-09 00:13:27,9999-12-31 23:59:59,7,18,12,1369936,ADS_CODE_DAILY_UPDATE,2025-08-09 00:13:27
442197,QjNWx8ykgO,1655,1214592,3,4,네이버쇼핑 정답 미션 173409,,,네이버스마트스토어 퀴즈,N,2025-08-09 00:13:57,9999-12-31 23:59:59,7,18,12,1369870,ADS_CODE_DAILY_UPDATE,2025-08-09 00:13:57
442204,cq1Q4f2ecJ,1655,1214610,3,4,네이버쇼핑 정답 미션 173414,,,네이버스마트스토어 퀴즈,N,2025-08-09 00:14:00,9999-12-31 23:59:59,7,18,12,1369870,ADS_CODE_DAILY_UPDATE,2025-08-09 00:13:59
442206,jR3LjKVRXF,1655,1214614,3,4,네이버쇼핑 정답 미션 173415,,,네이버스마트스토어 퀴즈,N,2025-08-09 00:14:00,9999-12-31 23:59:59,7,18,12,1369870,ADS_CODE_DAILY_UPDATE,2025-08-09 00:14:00
442208,5hvLvPrDi8,1655,1214618,3,4,네이버쇼핑 정답 미션 173416,,,네이버스마트스토어 퀴즈,N,2025-08-09 00:14:01,9999-12-31 23:59:59,7,18,12,1369870,ADS_CODE_DAILY_UPDATE,2025-08-09 00:14:01
442214,NaP9lANSEv,1655,1214630,3,4,네이버쇼핑 정답 미션 173419,,,네이버스마트스토어 퀴즈,N,2025-08-09 00:14:03,9999-12-31 23:59:59,7,18,12,1369870,ADS_CODE_DAILY_UPDATE,2025-08-09 00:14:03
442231,foc3H9d5jh,1655,1214676,3,4,네이버쇼핑 정답 미션 173430,,,네이버스마트스토어 퀴즈,N,2025-08-09 00:14:09,9999-12-31 23:59:59,7,18,12,1369870,ADS_CODE_DAILY_UPDATE,2025-08-09 00:14:08
442239,0X5dwwwXwV,1655,1214694,3,4,네이버쇼핑 정답 미션 173435,,,네이버스마트스토어 퀴즈,N,2025-08-09 00:14:12,9999-12-31 23:59:59,7,18,12,1369870,ADS_CODE_DAILY_UPDATE,2025-08-09 00:14:11
442247,9OsYKXvTqj,1655,1214710,3,4,네이버쇼핑 정답 미션 173439,,,네이버스마트스토어 퀴즈,N,2025-08-09 00:14:14,9999-12-31 23:59:59,7,18,12,1369870,ADS_CODE_DAILY_UPDATE,2025-08-09 00:14:14
442266,d921tWmHBo,1655,1214750,3,4,네이버쇼핑 정답 미션 173449,,,네이버스마트스토어 퀴즈,N,2025-08-09 00:14:20,9999-12-31 23:59:59,7,18,12,1369870,ADS_CODE_DAILY_UPDATE,2025-08-09 00:14:20
442279,Pm85afIEhP,1655,1214778,3,4,네이버쇼핑 정답 미션 173456,,,네이버스마트스토어 퀴즈,N,2025-08-09 00:14:25,9999-12-31 23:59:59,7,18,12,1369870,ADS_CODE_DAILY_UPDATE,2025-08-09 00:14:25
442285,Ms8JnYovcM,1655,1214790,3,4,네이버쇼핑 정답 미션 173459,,,네이버스마트스토어 퀴즈,N,2025-08-09 00:14:27,9999-12-31 23:59:59,7,18,12,1369870,ADS_CODE_DAILY_UPDATE,2025-08-09 00:14:27
442304,3C6r0a96Ij,1655,1214828,3,4,네이버쇼핑 정답 미션 173469,,,네이버스마트스토어 퀴즈,N,2025-08-09 00:14:33,9999-12-31 23:59:59,7,18,12,1369870,ADS_CODE_DAILY_UPDATE,2025-08-09 00:14:33
442307,pGBZfrKd5h,1655,1214834,3,4,네이버쇼핑 정답 미션 173471,,,네이버스마트스토어 퀴즈,N,2025-08-09 00:14:34,9999-12-31 23:59:59,7,18,12,1369870,ADS_CODE_DAILY_UPDATE,2025-08-09 00:14:34
442309,3xkxfkOdgX,1655,1214838,3,4,네이버쇼핑 정답 미션 173472,,,네이버스마트스토어 퀴즈,N,2025-08-09 00:14:35,9999-12-31 23:59:59,7,18,12,1369870,ADS_CODE_DAILY_UPDATE,2025-08-09 00:14:35
442312,D6FF5cabMd,1655,1214844,3,4,네이버쇼핑 정답 미션 173473,,,네이버스마트스토어 퀴즈,N,2025-08-09 00:14:36,9999-12-31 23:59:59,7,18,12,1369870,ADS_CODE_DAILY_UPDATE,2025-08-09 00:14:36
442313,03jBREtcin,1655,1214848,3,4,네이버쇼핑 정답 미션 173474,,,네이버스마트스토어 퀴즈,N,2025-08-09 00:14:36,9999-12-31 23:59:59,7,18,12,1369870,ADS_CODE_DAILY_UPDATE,2025-08-09 00:14:36
442314,AablO7Ldas,1655,1214850,3,4,네이버쇼핑 정답 미션 173475,,,네이버스마트스토어 퀴즈,N,2025-08-09 00:14:37,9999-12-31 23:59:59,7,18,12,1369870,ADS_CODE_DAILY_UPDATE,2025-08-09 00:14:37
442317,d0dDBuIuNq,1655,1214856,3,4,네이버쇼핑 정답 미션 173477,,,네이버스마트스토어 퀴즈,N,2025-08-09 00:14:38,9999-12-31 23:59:59,7,18,12,1369870,ADS_CODE_DAILY_UPDATE,2025-08-09 00:14:38
442319,YNHzyVwAyM,1655,1214862,3,4,네이버쇼핑 정답 미션 173478,,,네이버스마트스토어 퀴즈,N,2025-08-09 00:14:38,9999-12-31 23:59:59,7,18,12,1369870,ADS_CODE_DAILY_UPDATE,2025-08-09 00:14:38
442320,spqVkP40P4,1655,1214864,3,4,네이버쇼핑 정답 미션 173479,,,네이버스마트스토어 퀴즈,N,2025-08-09 00:14:39,9999-12-31 23:59:59,7,18,12,1369870,ADS_CODE_DAILY_UPDATE,2025-08-09 00:14:39
442322,ks4Dw5y5pB,1655,1214870,3,4,네이버쇼핑 정답 미션 173480,,,네이버스마트스토어 퀴즈,N,2025-08-09 00:14:40,9999-12-31 23:59:59,7,18,12,1369870,ADS_CODE_DAILY_UPDATE,2025-08-09 00:14:39
442330,s2sRZzaN2i,1655,1214888,3,4,네이버쇼핑 정답 미션 173485,,,네이버스마트스토어 퀴즈,N,2025-08-09 00:14:43,9999-12-31 23:59:59,7,18,12,1369870,ADS_CODE_DAILY_UPDATE,2025-08-09 00:14:43
442333,RwQDlCmVmF,1655,1214894,3,4,네이버쇼핑 정답 미션 173486,,,네이버스마트스토어 퀴즈,N,2025-08-09 00:14:44,9999-12-31 23:59:59,7,18,12,1369870,ADS_CODE_DAILY_UPDATE,2025-08-09 00:14:44
442335,NTDfm1IGcx,1655,1214898,3,4,네이버쇼핑 정답 미션 173487,,,네이버스마트스토어 퀴즈,N,2025-08-09 00:14:45,9999-12-31 23:59:59,7,18,12,1369870,ADS_CODE_DAILY_UPDATE,2025-08-09 00:14:45
442336,2wcaDMAmKW,1655,1214902,3,4,네이버쇼핑 정답 미션 173488,,,네이버스마트스토어 퀴즈,N,2025-08-09 00:14:45,9999-12-31 23:59:59,7,18,12,1369870,ADS_CODE_DAILY_UPDATE,2025-08-09 00:14:45
442341,sVE0YqBABn,1655,1214912,3,4,네이버쇼핑 정답 미션 173491,,,네이버스마트스토어 퀴즈,N,2025-08-09 00:14:47,9999-12-31 23:59:59,7,18,12,1369870,ADS_CODE_DAILY_UPDATE,2025-08-09 00:14:46
442346,junR34GouH,1655,1214922,3,4,네이버쇼핑 정답 미션 173493,,,네이버스마트스토어 퀴즈,N,2025-08-09 00:14:48,9999-12-31 23:59:59,7,18,12,1369870,ADS_CODE_DAILY_UPDATE,2025-08-09 00:14:48
442347,Gv1O85Jf15,1655,1214924,3,4,네이버쇼핑 정답 미션 173494,,,네이버스마트스토어 퀴즈,N,2025-08-09 00:14:48,9999-12-31 23:59:59,7,18,12,1369870,ADS_CODE_DAILY_UPDATE,2025-08-09 00:14:48
442349,DtXdVHSwSW,1655,1214928,3,4,네이버쇼핑 정답 미션 173495,,,네이버스마트스토어 퀴즈,N,2025-08-09 00:14:49,9999-12-31 23:59:59,7,18,12,1369870,ADS_CODE_DAILY_UPDATE,2025-08-09 00:14:49
442352,EArJAGzBH2,1655,1214934,3,4,네이버쇼핑 정답 미션 173496,,,네이버스마트스토어 퀴즈,N,2025-08-09 00:14:50,9999-12-31 23:59:59,7,18,12,1369870,ADS_CODE_DAILY_UPDATE,2025-08-09 00:14:50
442353,pNmfckZlFQ,1655,1214938,3,4,네이버쇼핑 정답 미션 173497,,,네이버스마트스토어 퀴즈,N,2025-08-09 00:14:50,9999-12-31 23:59:59,7,18,12,1369870,ADS_CODE_DAILY_UPDATE,2025-08-09 00:14:50
442355,fIA4lVA5IS,1655,1214942,3,4,네이버쇼핑 정답 미션 173498,,,네이버스마트스토어 퀴즈,N,2025-08-09 00:14:51,9999-12-31 23:59:59,7,18,12,1369870,ADS_CODE_DAILY_UPDATE,2025-08-09 00:14:51
442356,RNT9XTFNVM,1655,1214946,3,4,네이버쇼핑 정답 미션 173499,,,네이버스마트스토어 퀴즈,N,2025-08-09 00:14:51,9999-12-31 23:59:59,7,18,12,1369870,ADS_CODE_DAILY_UPDATE,2025-08-09 00:14:51
442358,EAZqf2R6dW,1655,1214950,3,4,네이버쇼핑 정답 미션 173500,,,네이버스마트스토어 퀴즈,N,2025-08-09 00:14:52,9999-12-31 23:59:59,7,18,12,1369870,ADS_CODE_DAILY_UPDATE,2025-08-09 00:14:52
442359,M0fN3Hj4Cr,1655,1214952,3,4,네이버쇼핑 정답 미션 173501,,,네이버스마트스토어 퀴즈,N,2025-08-09 00:14:52,9999-12-31 23:59:59,7,18,12,1369870,ADS_CODE_DAILY_UPDATE,2025-08-09 00:14:52
442361,NFmZcu26us,1655,1214958,3,4,네이버쇼핑 정답 미션 173502,,,네이버스마트스토어 퀴즈,N,2025-08-09 00:14:53,9999-12-31 23:59:59,7,18,12,1369869,ADS_CODE_DAILY_UPDATE,2025-08-09 00:14:53
442362,LT6fSSyYfK,1655,1214960,3,4,네이버쇼핑 정답 미션 173503,,,네이버스마트스토어 퀴즈,N,2025-08-09 00:14:53,9999-12-31 23:59:59,7,18,12,1369869,ADS_CODE_DAILY_UPDATE,2025-08-09 00:14:53
442364,kjKAQq3hmV,1655,1214964,3,4,네이버쇼핑 정답 미션 173504,,,네이버스마트스토어 퀴즈,N,2025-08-09 00:14:54,9999-12-31 23:59:59,7,18,12,1369869,ADS_CODE_DAILY_UPDATE,2025-08-09 00:14:54
442366,5yUaBNikGk,1655,1214970,3,4,네이버쇼핑 정답 미션 173505,,,네이버스마트스토어 퀴즈,N,2025-08-09 00:14:55,9999-12-31 23:59:59,7,18,12,1369869,ADS_CODE_DAILY_UPDATE,2025-08-09 00:14:55
442367,SS5NxNgmlC,1655,1214974,3,4,네이버쇼핑 정답 미션 173506,,,네이버스마트스토어 퀴즈,N,2025-08-09 00:14:55,9999-12-31 23:59:59,7,18,12,1369869,ADS_CODE_DAILY_UPDATE,2025-08-09 00:14:55
442368,wMm7M4mEbP,1655,1214978,3,4,네이버쇼핑 정답 미션 173507,,,네이버스마트스토어 퀴즈,N,2025-08-09 00:14:55,9999-12-31 23:59:59,7,18,12,1369869,ADS_CODE_DAILY_UPDATE,2025-08-09 00:14:55
442457,oQJqo6R7PG,1655,1215184,3,4,네이버쇼핑 정답 미션 173559,,,네이버스마트스토어 퀴즈,N,2025-08-09 00:15:25,9999-12-31 23:59:59,7,18,12,1369869,ADS_CODE_DAILY_UPDATE,2025-08-09 00:15:25
442474,Gg4NYNdduD,1655,1215228,3,4,네이버쇼핑 정답 미션 173570,,,네이버스마트스토어 퀴즈,N,2025-08-09 00:15:31,9999-12-31 23:59:59,7,18,12,1369869,ADS_CODE_DAILY_UPDATE,2025-08-09 00:15:31
442477,JSFgV7yEqN,1655,1215234,3,4,네이버쇼핑 정답 미션 173571,,,네이버스마트스토어 퀴즈,N,2025-08-09 00:15:32,9999-12-31 23:59:59,7,18,12,1369869,ADS_CODE_DAILY_UPDATE,2025-08-09 00:15:32
442478,4RIXVGTGv8,1655,1215238,3,4,네이버쇼핑 정답 미션 173572,,,네이버스마트스토어 퀴즈,N,2025-08-09 00:15:32,9999-12-31 23:59:59,7,18,12,1369869,ADS_CODE_DAILY_UPDATE,2025-08-09 00:15:32
442479,33evF40jWt,1655,1215240,3,4,네이버쇼핑 정답 미션 173573,,,네이버스마트스토어 퀴즈,N,2025-08-09 00:15:33,9999-12-31 23:59:59,7,18,12,1369869,ADS_CODE_DAILY_UPDATE,2025-08-09 00:15:32
442485,099duEWtot,1655,1215252,3,4,네이버쇼핑 정답 미션 173576,,,네이버스마트스토어 퀴즈,N,2025-08-09 00:15:35,9999-12-31 23:59:59,7,18,12,1369869,ADS_CODE_DAILY_UPDATE,2025-08-09 00:15:34
442487,dRPeAT2qLT,1655,1215256,3,4,네이버쇼핑 정답 미션 173577,,,네이버스마트스토어 퀴즈,N,2025-08-09 00:15:35,9999-12-31 23:59:59,7,18,12,1369869,ADS_CODE_DAILY_UPDATE,2025-08-09 00:15:35
442489,CQopeWpzXv,1655,1215260,3,4,네이버쇼핑 정답 미션 173578,,,네이버스마트스토어 퀴즈,N,2025-08-09 00:15:36,9999-12-31 23:59:59,7,18,12,1369869,ADS_CODE_DAILY_UPDATE,2025-08-09 00:15:36
442491,6Xu51f9NPm,1655,1215264,3,4,네이버쇼핑 정답 미션 173579,,,네이버스마트스토어 퀴즈,N,2025-08-09 00:15:37,9999-12-31 23:59:59,7,18,12,1369869,ADS_CODE_DAILY_UPDATE,2025-08-09 00:15:36
442497,vNIfH0BFMQ,1655,1215276,3,4,네이버쇼핑 정답 미션 173582,,,네이버스마트스토어 퀴즈,N,2025-08-09 00:15:39,9999-12-31 23:59:59,7,18,12,1369869,ADS_CODE_DAILY_UPDATE,2025-08-09 00:15:38
442522,xTitjGpEUb,1655,1215330,3,4,네이버쇼핑 정답 미션 173595,,,네이버스마트스토어 퀴즈,N,2025-08-09 00:15:47,9999-12-31 23:59:59,7,18,12,1369869,ADS_CODE_DAILY_UPDATE,2025-08-09 00:15:47
442523,c2Kgzm47QU,1655,1215334,3,4,네이버쇼핑 정답 미션 173596,,,네이버스마트스토어 퀴즈,N,2025-08-09 00:15:47,9999-12-31 23:59:59,7,18,12,1369869,ADS_CODE_DAILY_UPDATE,2025-08-09 00:15:47
442528,uOC6v2ioyy,1655,1215344,3,4,네이버쇼핑 정답 미션 173599,,,네이버스마트스토어 퀴즈,N,2025-08-09 00:15:49,9999-12-31 23:59:59,7,18,12,1369869,ADS_CODE_DAILY_UPDATE,2025-08-09 00:15:49
442532,n7qupUbfoN,1655,1215354,3,4,네이버쇼핑 정답 미션 173601,,,네이버스마트스토어 퀴즈,N,2025-08-09 00:15:50,9999-12-31 23:59:59,7,18,12,1369869,ADS_CODE_DAILY_UPDATE,2025-08-09 00:15:50
442644,UPvQkTcy3O,1655,1215592,3,4,엑시멀 스노쿨링 마스크 물안경 프리다이빙 장비 세트 마린웨이브 174157,,,네이버스마트스토어 퀴즈,N,2025-08-09 00:16:51,9999-12-31 23:59:59,7,18,12,1369869,ADS_CODE_DAILY_UPDATE,2025-08-09 00:16:51
442650,oUJx8m9naz,1655,1215604,3,4,글래쉬 착붙 속눈썹 노글루 기본구성 부분 연장 셀프 174174,,,네이버스마트스토어 퀴즈,N,2025-08-09 00:16:56,9999-12-31 23:59:59,7,18,12,1369869,ADS_CODE_DAILY_UPDATE,2025-08-09 00:16:56
442651,6DvmEHm0fV,1655,1215606,3,4,삼돌박이수라육간 174175,,,네이버플레이스 퀴즈,N,2025-08-09 00:16:57,9999-12-31 23:59:59,7,18,12,1369869,ADS_CODE_DAILY_UPDATE,2025-08-09 00:16:57
442668,a8t0l4mg9a,1596,1215639,3,4,[저장하기]가평상면바베큐맛집-20250807-25,,,네이버 플레이스 저장하기,N,2025-08-09 06:22:27,9999-12-31 23:59:59,7,20,14,1369869,ADS_CODE_DAILY_UPDATE,2025-08-09 06:22:26
442719,ymg7BWtbNu,1596,1215735,3,4,[정답입력]돌체앤가바나라이트블루-20250808-255,,,네이버 쇼핑 상품번호 입력하기,N,2025-08-09 12:08:24,9999-12-31 23:59:59,7,18,12,1369869,ADS_CODE_DAILY_UPDATE,2025-08-09 12:08:24
442720,gEY3DXNSj5,1596,1215737,3,4,[정답입력]캠핑전선릴-20250808-240,,,네이버 쇼핑 상품번호 입력하기,N,2025-08-09 12:08:25,9999-12-31 23:59:59,7,18,12,1369869,ADS_CODE_DAILY_UPDATE,2025-08-09 12:08:25
442724,1Xi9aIU9fK,1596,1215745,3,4,[정답입력]랄프로렌로맨스-20250808-253,,,네이버 쇼핑 상품번호 입력하기,N,2025-08-09 12:08:28,9999-12-31 23:59:59,7,18,12,1369869,ADS_CODE_DAILY_UPDATE,2025-08-09 12:08:27
442725,yrVYidVlSk,1596,1215747,3,4,[정답입력]존바바토스아티산퓨어75ml-20250808-250,,,네이버 쇼핑 상품번호 입력하기,N,2025-08-09 12:08:28,9999-12-31 23:59:59,7,18,12,1369869,ADS_CODE_DAILY_UPDATE,2025-08-09 12:08:28
442726,GfSzoGpuIa,1596,1215749,3,4,[정답입력]에르메스트윌리향수-20250808-269,,,네이버 쇼핑 상품번호 입력하기,N,2025-08-09 12:08:29,9999-12-31 23:59:59,7,18,12,1369869,ADS_CODE_DAILY_UPDATE,2025-08-09 12:08:28
442727,Uee5dKfuKb,1596,1215751,3,4,[정답입력]다비도프쿨워터맨-20250808-247,,,네이버 쇼핑 상품번호 입력하기,N,2025-08-09 12:08:29,9999-12-31 23:59:59,7,18,12,1369869,ADS_CODE_DAILY_UPDATE,2025-08-09 12:08:29
442728,STCpx717PW,1596,1215753,3,4,[정답입력]불가리블루뿌르옴므향수-20250808-268,,,네이버 쇼핑 상품번호 입력하기,N,2025-08-09 12:08:30,9999-12-31 23:59:59,7,18,12,1369869,ADS_CODE_DAILY_UPDATE,2025-08-09 12:08:30
442731,moAKxn1MP2,1596,1215759,3,4,[정답입력]페라가모향수-20250808-275,,,네이버 쇼핑 상품번호 입력하기,N,2025-08-09 12:08:32,9999-12-31 23:59:59,7,18,12,1369869,ADS_CODE_DAILY_UPDATE,2025-08-09 12:08:32
442732,dpIny7RHPp,1596,1215761,3,4,[정답입력]플라워바이겐조100ml-20250808-264,,,네이버 쇼핑 상품번호 입력하기,N,2025-08-09 12:08:33,9999-12-31 23:59:59,7,18,12,1369869,ADS_CODE_DAILY_UPDATE,2025-08-09 12:08:33
442733,lA81FmPReC,1596,1215763,3,4,[정답입력]몽블랑시그니처우먼-20250808-258,,,네이버 쇼핑 상품번호 입력하기,N,2025-08-09 12:08:34,9999-12-31 23:59:59,7,18,12,1369869,ADS_CODE_DAILY_UPDATE,2025-08-09 12:08:33
442736,Jk0Y6IiFHr,1596,1215769,3,4,[정답입력]불가리옴니아코럴향수100ml-20250808-263,,,네이버 쇼핑 상품번호 입력하기,N,2025-08-09 12:08:35,9999-12-31 23:59:59,7,18,12,1369869,ADS_CODE_DAILY_UPDATE,2025-08-09 12:08:35
442737,FT6OTEImqz,1596,1215771,3,4,[정답입력]불가리옴니아아메시스트향수-20250808-270,,,네이버 쇼핑 상품번호 입력하기,N,2025-08-09 12:08:36,9999-12-31 23:59:59,7,18,12,1369869,ADS_CODE_DAILY_UPDATE,2025-08-09 12:08:36
442738,ADlE4DMsgd,1596,1215773,3,4,[정답입력]접이식캠핑폴딩카트-20250808-241,,,네이버 쇼핑 상품번호 입력하기,N,2025-08-09 12:08:37,9999-12-31 23:59:59,7,18,12,1369869,ADS_CODE_DAILY_UPDATE,2025-08-09 12:08:36
442739,c2YxyJG3Ee,1596,1215775,3,4,[정답입력]버드가드-20250808-242,,,네이버 쇼핑 상품번호 입력하기,N,2025-08-09 12:08:37,9999-12-31 23:59:59,7,18,12,1369869,ADS_CODE_DAILY_UPDATE,2025-08-09 12:08:37
442744,QDh918VOAn,1596,1215785,3,4,[정답입력]조르지오아르마니아쿠아디지오-20250808-259,,,네이버 쇼핑 상품번호 입력하기,N,2025-08-09 12:08:40,9999-12-31 23:59:59,7,18,12,1369869,ADS_CODE_DAILY_UPDATE,2025-08-09 12:08:40
442746,ZOyGF99LLN,1596,1215789,3,4,[정답입력]롤리타렘피카향수100ml-20250808-249,,,네이버 쇼핑 상품번호 입력하기,N,2025-08-09 12:08:42,9999-12-31 23:59:59,7,18,12,1369869,ADS_CODE_DAILY_UPDATE,2025-08-09 12:08:41
442747,WB3JisOmKg,1596,1215791,3,4,[정답입력]캘빈클라인be향수-20250808-271,,,네이버 쇼핑 상품번호 입력하기,N,2025-08-09 12:08:42,9999-12-31 23:59:59,7,18,12,1369869,ADS_CODE_DAILY_UPDATE,2025-08-09 12:08:42
442750,h96zylJavf,1596,1215797,3,4,[정답입력]퓨핸뽀모도로타이머-20250808-284,,,네이버 쇼핑 상품번호 입력하기,N,2025-08-09 12:08:44,9999-12-31 23:59:59,7,18,12,1369869,ADS_CODE_DAILY_UPDATE,2025-08-09 12:08:44
442752,IeXapjf3vm,1596,1215801,3,4,[정답입력]카페빅사이즈앞치마-20250808-243,,,네이버 쇼핑 상품번호 입력하기,N,2025-08-09 12:08:46,9999-12-31 23:59:59,7,18,12,1369869,ADS_CODE_DAILY_UPDATE,2025-08-09 12:08:45
442753,G9eYs2iovW,1596,1215803,3,4,[정답입력]퓨핸점보롤케이스-20250808-283,,,네이버 쇼핑 상품번호 입력하기,N,2025-08-09 12:08:46,9999-12-31 23:59:59,7,18,12,1369869,ADS_CODE_DAILY_UPDATE,2025-08-09 12:08:46
442756,2lFzpFA1tW,1596,1215809,3,4,[정답입력]존바바토스아티산블랙75ml-20250808-272,,,네이버 쇼핑 상품번호 입력하기,N,2025-08-09 12:08:48,9999-12-31 23:59:59,7,18,12,1369869,ADS_CODE_DAILY_UPDATE,2025-08-09 12:08:48
442757,sHjcAltJFf,1596,1215811,3,4,[정답입력]층간소음실내화거실슬리퍼화-20250808-239,,,네이버 쇼핑 상품번호 입력하기,N,2025-08-09 12:08:49,9999-12-31 23:59:59,7,18,12,1369869,ADS_CODE_DAILY_UPDATE,2025-08-09 12:08:48
442760,Hvn0j8gEdR,1596,1215817,3,4,[정답입력]에르메스향수100ml-20250808-245,,,네이버 쇼핑 상품번호 입력하기,N,2025-08-09 12:08:50,9999-12-31 23:59:59,7,18,12,1369869,ADS_CODE_DAILY_UPDATE,2025-08-09 12:08:50
442761,c8MjVfagrS,1596,1215819,3,4,[정답입력]트라넥삼산앰플-20250808-282,,,네이버 쇼핑 상품번호 입력하기,N,2025-08-09 12:08:51,9999-12-31 23:59:59,7,18,12,1369869,ADS_CODE_DAILY_UPDATE,2025-08-09 12:08:51
442764,ROTuQYx6M1,1596,1215825,3,4,[정답입력]롤리타렘피카구형-20250808-257,,,네이버 쇼핑 상품번호 입력하기,N,2025-08-09 12:08:53,9999-12-31 23:59:59,7,18,12,1369869,ADS_CODE_DAILY_UPDATE,2025-08-09 12:08:52
442765,GJ1ZzvBIg9,1596,1215827,3,4,[정답입력]다비도프쿨워터리본-20250808-246,,,네이버 쇼핑 상품번호 입력하기,N,2025-08-09 12:08:53,9999-12-31 23:59:59,7,18,12,1369869,ADS_CODE_DAILY_UPDATE,2025-08-09 12:08:53
442767,uNjALt7O4s,1596,1215831,3,4,[정답입력]산리오썬캡시나모롤-20250808-280,,,네이버 쇼핑 상품번호 입력하기,N,2025-08-09 12:13:26,9999-12-31 23:59:59,7,18,12,1369869,ADS_CODE_DAILY_UPDATE,2025-08-09 12:13:26
442842,FQxQGoRquv,1655,1215979,3,4,제주공항그때그집 174523,,,일반정답미션,N,2025-08-09 19:17:16,9999-12-31 23:59:59,7,18,12,1369869,ADS_CODE_DAILY_UPDATE,2025-08-09 19:17:16
442853,7CIKtBW8rF,1623,1215999,3,4,쿠션,,,퀴즈 맞추기,N,2025-08-10 00:09:15,9999-12-31 23:59:59,7,15,10,1369869,NONE,2025-08-10 00:09:14
442854,9OWAWDBw4D,1623,1216001,3,4,아몬드,,,퀴즈 맞추기,N,2025-08-10 00:09:15,9999-12-31 23:59:59,7,15,10,1369869,NONE,2025-08-10 00:09:15
442864,G8Bax4xoHL,1623,1216021,3,4,[정답입력]델리,,,퀴즈 맞추기,N,2025-08-10 00:09:24,9999-12-31 23:59:59,7,15,10,1369869,NONE,2025-08-10 00:09:23
442866,ES4RuH6Rug,1623,1216025,3,4,[정답입력]휴대용 프린터,,,퀴즈 맞추기,N,2025-08-10 00:09:25,9999-12-31 23:59:59,7,15,10,1369869,NONE,2025-08-10 00:09:25
442867,01eARR4F7B,1623,1216027,3,4,[정답입력]켄싱턴 무선 트랙볼 마우스,,,퀴즈 맞추기,N,2025-08-10 00:09:26,9999-12-31 23:59:59,7,15,10,1369869,NONE,2025-08-10 00:09:26
442871,wKU0WtxB4c,1623,1216035,3,4,[정답입력]문서세단기 SC-7183,,,퀴즈 맞추기,N,2025-08-10 00:09:28,9999-12-31 23:59:59,7,15,10,1369869,NONE,2025-08-10 00:09:28
442872,kxNblOChL5,1623,1216037,3,4,[정답입력]문서세단기 SC-306CC,,,퀴즈 맞추기,N,2025-08-10 00:09:29,9999-12-31 23:59:59,7,15,10,1369869,NONE,2025-08-10 00:09:28
442880,3L6z15AiUN,1655,1216053,3,4,남자 슬랙스 남성 여름 정장 바지 스판 빅사이즈 9부 10부 히든 밴딩 슬랙스 174534,,,네이버스마트스토어 퀴즈,N,2025-08-10 00:09:36,9999-12-31 23:59:59,7,18,12,1369869,ADS_CODE_DAILY_UPDATE,2025-08-10 00:09:36
442881,2nFuCEzhFm,1655,1216055,3,4,남자 조거팬츠 남성 카고바지 여름 스판 건빵 반바지 밴딩 빅사이즈 파라슈트 고무줄 바지 1,,,네이버스마트스토어 퀴즈,N,2025-08-10 00:09:37,9999-12-31 23:59:59,7,18,12,1369869,ADS_CODE_DAILY_UPDATE,2025-08-10 00:09:36
442882,MqT7iV0pk5,1655,1216057,3,4,남자 반팔 니트 워셔블 라운드 카라 브이넥 여름 머슬핏 린넨 반팔티 174555,,,네이버스마트스토어 퀴즈,N,2025-08-10 00:09:37,9999-12-31 23:59:59,7,18,12,1369869,ADS_CODE_DAILY_UPDATE,2025-08-10 00:09:37
442884,lNj7oSNhw1,1655,1216061,3,4,무지 반팔티 기능성 반팔 면티 남자 흰티 레이어드 티셔츠 이너 오버핏 라운드 유넥 1745,,,네이버스마트스토어 퀴즈,N,2025-08-10 00:09:38,9999-12-31 23:59:59,7,18,12,1369869,ADS_CODE_DAILY_UPDATE,2025-08-10 00:09:38
442899,LMEl8DfYs6,1596,1216090,3,4,[저장하기]경남고성소고기특수부위-20250808-209,,,네이버 플레이스 저장하기,N,2025-08-10 06:08:09,9999-12-31 23:59:59,7,20,14,1369869,ADS_CODE_DAILY_UPDATE,2025-08-10 06:08:09
442904,TZUJ1Q8jaX,1623,1216100,3,4,윈도우11,,,퀴즈 맞추기,N,2025-08-10 06:08:22,9999-12-31 23:59:59,7,15,10,1369869,NONE,2025-08-10 06:08:21
442937,U9kA0RvhTM,1596,1216166,3,4,[저장하기]거제바다유람선예약-20250808-212,,,네이버 플레이스 저장하기,N,2025-08-10 06:22:38,9999-12-31 23:59:59,7,20,14,1369869,ADS_CODE_DAILY_UPDATE,2025-08-10 06:22:37
442940,f0Hx5eIdXX,1596,1216172,3,4,[정답입력]랑방향수루머2로즈우먼-20250808-252,,,네이버 쇼핑 상품번호 입력하기,N,2025-08-10 06:22:42,9999-12-31 23:59:59,7,18,12,1369869,ADS_CODE_DAILY_UPDATE,2025-08-10 06:22:41
442947,w3cfG3BlKR,1596,1216186,3,4,[저장하기]거제바다유람선추천-20250808-211,,,네이버 플레이스 저장하기,N,2025-08-10 06:28:08,9999-12-31 23:59:59,7,20,14,1369869,ADS_CODE_DAILY_UPDATE,2025-08-10 06:28:07
442975,cVQEfXfzMr,1596,1216242,3,4,[저장하기]경남고성게장맛집-20250808-210,,,네이버 플레이스 저장하기,N,2025-08-10 06:37:38,9999-12-31 23:59:59,7,20,14,1369869,ADS_CODE_DAILY_UPDATE,2025-08-10 06:37:38
443050,QTRrbftJN0,1655,1216392,3,4,서울열린치과 174688,,,네이버플레이스 저장하기 미션,N,2025-08-10 08:32:58,9999-12-31 23:59:59,7,28,20,1369869,NONE,2025-08-10 08:32:58
443063,85BfkvWDhS,318,1216418,3,4,동동마켓 엘리카 니콜라테슬라 벨벳83 맞추기 8.10,,,퀴즈 맞추기,N,2025-08-10 10:07:33,9999-12-31 23:59:59,7,16,11,1369869,NONE,2025-08-10 10:07:33
443064,KhrGr9RjXK,318,1216420,3,4,동동마켓 엘라카테슬라 맞추기 8.10,,,퀴즈 맞추기,N,2025-08-10 10:12:27,9999-12-31 23:59:59,7,16,11,1369869,NONE,2025-08-10 10:12:27
443087,ANiSiOo3ln,82,1216464,3,4,호두정과답례품 (리뷰 전체보기 클릭 후 URL 제출),,,리뷰 전체보기 클릭 후 URL 제출,N,2025-08-10 10:57:26,9999-12-31 23:59:59,7,17,8,1369869,NONE,2025-08-10 10:57:26
443091,052LxJtKEG,1655,1216470,3,4,누수탐지 하수구막힘 변기막힘 싱크대막힘 설비 174841,,,네이버플레이스 저장하기 미션,N,2025-08-10 11:27:22,9999-12-31 23:59:59,7,28,20,1369869,NONE,2025-08-10 11:27:22
443092,NysJcHK2XF,318,1216472,3,4,27US550 맞추기 8.10,,,퀴즈 맞추기,N,2025-08-10 13:07:26,9999-12-31 23:59:59,7,18,12,1369869,NONE,2025-08-10 13:07:25
443174,6tWuMhsTGq,1655,1216632,3,4,캐나다 햄프씨드오일 냉압착 대마종자유 효능 식물성 1000mg 30캡슐 174790,,,네이버스마트스토어 퀴즈,N,2025-08-10 20:08:56,9999-12-31 23:59:59,7,18,12,1369869,ADS_CODE_DAILY_UPDATE,2025-08-10 20:08:56
443177,FpND2UVNxE,1623,1216639,3,4,수모,,,퀴즈 맞추기,N,2025-08-11 00:09:55,9999-12-31 23:59:59,7,15,10,1369869,NONE,2025-08-11 00:09:54
443180,QVZeZRyuel,1623,1216645,3,4,테라리움,,,퀴즈 맞추기,N,2025-08-11 00:09:58,9999-12-31 23:59:59,7,15,10,1369869,NONE,2025-08-11 00:09:57
443182,ToXQXI9QPO,1623,1216649,3,4,도라지청,,,퀴즈 맞추기,N,2025-08-11 00:10:06,9999-12-31 23:59:59,7,15,10,1369869,NONE,2025-08-11 00:10:05
443183,AgkaA0rztM,1623,1216651,3,4,발마사지기,,,퀴즈 맞추기,N,2025-08-11 00:10:09,9999-12-31 23:59:59,7,15,10,1369869,NONE,2025-08-11 00:10:09
443233,4FU6NHe7uZ,1655,1216747,3,4,바비롱붙임머리 174930,,,일반정답미션,N,2025-08-11 07:32:28,9999-12-31 23:59:59,7,18,12,1369869,ADS_CODE_DAILY_UPDATE,2025-08-11 07:32:27
443234,Btn4186n7J,1655,1216749,3,4,바비롱붙임머리 174931,,,일반정답미션,N,2025-08-11 07:32:28,9999-12-31 23:59:59,7,18,12,1369869,ADS_CODE_DAILY_UPDATE,2025-08-11 07:32:28
443235,6MsLqrmtx7,1655,1216751,3,4,바비롱붙임머리 174932,,,네이버플레이스 저장하기 미션,N,2025-08-11 07:37:39,9999-12-31 23:59:59,7,28,20,1369869,NONE,2025-08-11 07:37:38
443237,ZhMYLSzMWt,1655,1216755,3,4,정답 미션 175010,,,일반정답미션,N,2025-08-11 08:13:44,9999-12-31 23:59:59,7,18,12,1369869,ADS_CODE_DAILY_UPDATE,2025-08-11 08:13:44
443277,JSglZ5JlI4,1655,1216835,3,4,네이버쇼핑 정답 미션 175130,,,네이버스마트스토어 퀴즈,N,2025-08-11 11:12:48,9999-12-31 23:59:59,7,18,12,1369869,ADS_CODE_DAILY_UPDATE,2025-08-11 11:12:48
443278,Gjakoqc7Qz,1623,1216837,3,4,스와들,,,퀴즈 맞추기,N,2025-08-11 11:37:13,9999-12-31 23:59:59,7,15,10,1369869,NONE,2025-08-11 11:37:13
443285,GdEgMugt5a,335,1216851,1,0,실사간 고령자 케어 헬로온,,,받기,N,2025-08-11 13:22:21,9999-12-31 23:59:59,2,170,120,2756200,NONE,2025-08-11 13:22:21
443293,Lj6CbWGj7p,1623,1216865,3,4,한남동맛집,,,플레이스 저장,N,2025-08-11 14:37:28,9999-12-31 23:59:59,7,20,14,1369869,NONE,2025-08-11 14:37:28
443297,PYiTvuru4v,1596,1216873,3,4,[정답입력]산후복대3종세트-20250810-39,,,네이버 쇼핑 상품번호 입력하기,N,2025-08-11 14:42:29,9999-12-31 23:59:59,7,18,12,1369869,ADS_CODE_DAILY_UPDATE,2025-08-11 14:42:29
443298,HiWIJlUTUf,1596,1216875,3,4,[정답입력]스트레치코드수영-20250810-63,,,네이버 쇼핑 상품번호 입력하기,N,2025-08-11 14:42:30,9999-12-31 23:59:59,7,18,12,1369869,ADS_CODE_DAILY_UPDATE,2025-08-11 14:42:29
443299,Bgmyr74Xfv,1596,1216877,3,4,[정답입력]밸런스보드-20250810-1,,,네이버 쇼핑 상품번호 입력하기,N,2025-08-11 14:42:30,9999-12-31 23:59:59,7,18,12,1369869,ADS_CODE_DAILY_UPDATE,2025-08-11 14:42:30
443300,mvFO3pHS0I,1596,1216879,3,4,[정답입력]점프박스-20250810-73,,,네이버 쇼핑 상품번호 입력하기,N,2025-08-11 14:42:31,9999-12-31 23:59:59,7,18,12,1369869,ADS_CODE_DAILY_UPDATE,2025-08-11 14:42:31
443301,UrJXHUNmIt,1596,1216881,3,4,[정답입력]게이밍의자-20250810-42,,,네이버 쇼핑 상품번호 입력하기,N,2025-08-11 14:42:32,9999-12-31 23:59:59,7,18,12,1369869,ADS_CODE_DAILY_UPDATE,2025-08-11 14:42:32
443304,ElQe73cROQ,1596,1216887,3,4,[정답입력]불가리안백-20250810-4,,,네이버 쇼핑 상품번호 입력하기,N,2025-08-11 14:42:35,9999-12-31 23:59:59,7,18,12,1369869,ADS_CODE_DAILY_UPDATE,2025-08-11 14:42:35
443305,RYiyTGH9XK,1596,1216889,3,4,[정답입력]단기간다이어트-20250810-76,,,네이버 쇼핑 상품번호 입력하기,N,2025-08-11 14:42:36,9999-12-31 23:59:59,7,18,12,1369869,ADS_CODE_DAILY_UPDATE,2025-08-11 14:42:35
443306,QVzme9NyRh,1596,1216891,3,4,[정답입력]아쿠아백-20250810-20,,,네이버 쇼핑 상품번호 입력하기,N,2025-08-11 14:42:37,9999-12-31 23:59:59,7,18,12,1369869,ADS_CODE_DAILY_UPDATE,2025-08-11 14:42:36
443307,GKyEeaXNOT,1596,1216893,3,4,[정답입력]CLT-K515S-20250810-16,,,네이버 쇼핑 상품번호 입력하기,N,2025-08-11 14:42:37,9999-12-31 23:59:59,7,18,12,1369869,ADS_CODE_DAILY_UPDATE,2025-08-11 14:42:37
443308,wuwUiFbqEy,1596,1216895,3,4,[정답입력]푸쉬업요가매트-20250810-24,,,네이버 쇼핑 상품번호 입력하기,N,2025-08-11 14:42:38,9999-12-31 23:59:59,7,18,12,1369869,ADS_CODE_DAILY_UPDATE,2025-08-11 14:42:38
443309,2lMHMORj2P,1596,1216897,3,4,[정답입력]글라이딩디스크-20250810-29,,,네이버 쇼핑 상품번호 입력하기,N,2025-08-11 14:42:39,9999-12-31 23:59:59,7,18,12,1369869,ADS_CODE_DAILY_UPDATE,2025-08-11 14:42:38
443310,YKoToKdT1w,1596,1216899,3,4,[정답입력]게이밍의자-20250810-46,,,네이버 쇼핑 상품번호 입력하기,N,2025-08-11 14:42:39,9999-12-31 23:59:59,7,18,12,1369869,ADS_CODE_DAILY_UPDATE,2025-08-11 14:42:39
443311,HjuaK5vfWO,1596,1216901,3,4,[정답입력]허리보호대QD-10-20250810-26,,,네이버 쇼핑 상품번호 입력하기,N,2025-08-11 14:42:40,9999-12-31 23:59:59,7,18,12,1369869,ADS_CODE_DAILY_UPDATE,2025-08-11 14:42:40
443313,3vBxdOEn3c,1596,1216905,3,4,[정답입력]게이밍의자-20250810-53,,,네이버 쇼핑 상품번호 입력하기,N,2025-08-11 14:42:42,9999-12-31 23:59:59,7,18,12,1369869,ADS_CODE_DAILY_UPDATE,2025-08-11 14:42:41
443315,RCoGpIE38W,1596,1216909,3,4,[정답입력]게이밍의자-20250810-58,,,네이버 쇼핑 상품번호 입력하기,N,2025-08-11 14:42:43,9999-12-31 23:59:59,7,18,12,1369869,ADS_CODE_DAILY_UPDATE,2025-08-11 14:42:43
443316,TzYKYKAkP9,1596,1216911,3,4,[정답입력]허리스트레칭기구-20250810-65,,,네이버 쇼핑 상품번호 입력하기,N,2025-08-11 14:42:44,9999-12-31 23:59:59,7,18,12,1369869,ADS_CODE_DAILY_UPDATE,2025-08-11 14:42:43
443317,sFJZmAHg9C,1596,1216913,3,4,[정답입력]불가리안스플릿스쿼트-20250810-69,,,네이버 쇼핑 상품번호 입력하기,N,2025-08-11 14:42:44,9999-12-31 23:59:59,7,18,12,1369869,ADS_CODE_DAILY_UPDATE,2025-08-11 14:42:44
443319,mGGkfCrj0I,1596,1216917,3,4,[정답입력]게이밍의자-20250810-56,,,네이버 쇼핑 상품번호 입력하기,N,2025-08-11 14:42:46,9999-12-31 23:59:59,7,18,12,1369869,ADS_CODE_DAILY_UPDATE,2025-08-11 14:42:46
443320,hGEGTmlYnY,1596,1216919,3,4,[정답입력]힙딥밴드-20250810-13,,,네이버 쇼핑 상품번호 입력하기,N,2025-08-11 14:42:47,9999-12-31 23:59:59,7,18,12,1369869,ADS_CODE_DAILY_UPDATE,2025-08-11 14:42:47
443321,6cESB3OvOh,1596,1216921,3,4,[정답입력]짐링-20250810-71,,,네이버 쇼핑 상품번호 입력하기,N,2025-08-11 14:42:48,9999-12-31 23:59:59,7,18,12,1369869,ADS_CODE_DAILY_UPDATE,2025-08-11 14:42:47
443322,CBLbLklML2,1596,1216923,3,4,[정답입력]푸쉬업바-20250810-17,,,네이버 쇼핑 상품번호 입력하기,N,2025-08-11 14:42:48,9999-12-31 23:59:59,7,18,12,1369869,ADS_CODE_DAILY_UPDATE,2025-08-11 14:42:48
443323,K57UTjUbFT,1596,1216925,3,4,[정답입력]피디알엔연어앰플-20250810-77,,,네이버 쇼핑 상품번호 입력하기,N,2025-08-11 14:42:49,9999-12-31 23:59:59,7,18,12,1369869,ADS_CODE_DAILY_UPDATE,2025-08-11 14:42:49
443324,rwX58OE4lX,1596,1216927,3,4,[정답입력]랜드마인-20250810-40,,,네이버 쇼핑 상품번호 입력하기,N,2025-08-11 14:42:50,9999-12-31 23:59:59,7,18,12,1369869,ADS_CODE_DAILY_UPDATE,2025-08-11 14:42:50
443325,Gp3TvM0oHg,1596,1216929,3,4,[정답입력]게이밍의자-20250810-51,,,네이버 쇼핑 상품번호 입력하기,N,2025-08-11 14:42:50,9999-12-31 23:59:59,7,18,12,1369869,ADS_CODE_DAILY_UPDATE,2025-08-11 14:42:50
443327,FiMccJrgDS,1596,1216933,3,4,[정답입력]임산부안전벨트-20250810-75,,,네이버 쇼핑 상품번호 입력하기,N,2025-08-11 14:42:52,9999-12-31 23:59:59,7,18,12,1369869,ADS_CODE_DAILY_UPDATE,2025-08-11 14:42:51
443328,4J9wdt9cYF,1596,1216935,3,4,[정답입력]게이밍의자-20250810-59,,,네이버 쇼핑 상품번호 입력하기,N,2025-08-11 14:42:52,9999-12-31 23:59:59,7,18,12,1369869,ADS_CODE_DAILY_UPDATE,2025-08-11 14:42:52
443329,9PCnY37mjw,1596,1216937,3,4,[정답입력]편안한수유나시-20250810-35,,,네이버 쇼핑 상품번호 입력하기,N,2025-08-11 14:42:53,9999-12-31 23:59:59,7,18,12,1369869,ADS_CODE_DAILY_UPDATE,2025-08-11 14:42:53
443331,g86RACbvhP,1596,1216941,3,4,[정답입력]문틀철봉70-100cm-20250810-5,,,네이버 쇼핑 상품번호 입력하기,N,2025-08-11 14:42:54,9999-12-31 23:59:59,7,18,12,1369869,ADS_CODE_DAILY_UPDATE,2025-08-11 14:42:54
443332,CpUPHwYzTb,1596,1216943,3,4,[정답입력]스쿼트발판-20250810-67,,,네이버 쇼핑 상품번호 입력하기,N,2025-08-11 14:42:55,9999-12-31 23:59:59,7,18,12,1369869,ADS_CODE_DAILY_UPDATE,2025-08-11 14:42:54
443334,EeeGH30Efi,1596,1216947,3,4,[정답입력]모래주머니-20250810-27,,,네이버 쇼핑 상품번호 입력하기,N,2025-08-11 14:42:56,9999-12-31 23:59:59,7,18,12,1369869,ADS_CODE_DAILY_UPDATE,2025-08-11 14:42:56
443335,IpoNv81XVd,1596,1216949,3,4,[정답입력]편안한임산부팬티-20250810-36,,,네이버 쇼핑 상품번호 입력하기,N,2025-08-11 14:42:57,9999-12-31 23:59:59,7,18,12,1369869,ADS_CODE_DAILY_UPDATE,2025-08-11 14:42:56
443336,1iOLxV9MLR,1596,1216951,3,4,[정답입력]미니폼롤러-20250810-11,,,네이버 쇼핑 상품번호 입력하기,N,2025-08-11 14:42:57,9999-12-31 23:59:59,7,18,12,1369869,ADS_CODE_DAILY_UPDATE,2025-08-11 14:42:57
443337,nTfOaeSQdz,1596,1216953,3,4,[정답입력]아쿠아볼-20250810-23,,,네이버 쇼핑 상품번호 입력하기,N,2025-08-11 14:42:58,9999-12-31 23:59:59,7,18,12,1369869,ADS_CODE_DAILY_UPDATE,2025-08-11 14:42:57
443338,fhT0nb3nfY,1596,1216955,3,4,[정답입력]밸런스패드-20250810-8,,,네이버 쇼핑 상품번호 입력하기,N,2025-08-11 14:42:58,9999-12-31 23:59:59,7,18,12,1369869,ADS_CODE_DAILY_UPDATE,2025-08-11 14:42:58
443339,ykRUyryH9R,1596,1216957,3,4,[정답입력]편안한수유브라-20250810-37,,,네이버 쇼핑 상품번호 입력하기,N,2025-08-11 14:42:59,9999-12-31 23:59:59,7,18,12,1369869,ADS_CODE_DAILY_UPDATE,2025-08-11 14:42:59
443340,7dzQddsWGN,1596,1216959,3,4,[정답입력]딥스바-20250810-3,,,네이버 쇼핑 상품번호 입력하기,N,2025-08-11 14:43:00,9999-12-31 23:59:59,7,18,12,1369869,ADS_CODE_DAILY_UPDATE,2025-08-11 14:43:00
443341,cf0tzybn7a,1596,1216961,3,4,[정답입력]운동용헬스장갑-20250810-21,,,네이버 쇼핑 상품번호 입력하기,N,2025-08-11 14:43:01,9999-12-31 23:59:59,7,18,12,1369869,ADS_CODE_DAILY_UPDATE,2025-08-11 14:43:01
443342,635vJXO2tU,1596,1216963,3,4,[정답입력]게이밍의자-20250810-55,,,네이버 쇼핑 상품번호 입력하기,N,2025-08-11 14:43:02,9999-12-31 23:59:59,7,18,12,1369869,ADS_CODE_DAILY_UPDATE,2025-08-11 14:43:01
443343,ETADDz3fdy,1596,1216965,3,4,[정답입력]게이밍의자-20250810-48,,,네이버 쇼핑 상품번호 입력하기,N,2025-08-11 14:43:03,9999-12-31 23:59:59,7,18,12,1369869,ADS_CODE_DAILY_UPDATE,2025-08-11 14:43:02
443345,V0pGaunx1u,1596,1216969,3,4,[정답입력]라텍스밴드150LB-20250810-6,,,네이버 쇼핑 상품번호 입력하기,N,2025-08-11 14:43:04,9999-12-31 23:59:59,7,18,12,1369869,ADS_CODE_DAILY_UPDATE,2025-08-11 14:43:03
443346,GXgxNqnbFV,1596,1216971,3,4,[정답입력]아령1kg-20250810-12,,,네이버 쇼핑 상품번호 입력하기,N,2025-08-11 14:43:04,9999-12-31 23:59:59,7,18,12,1369869,ADS_CODE_DAILY_UPDATE,2025-08-11 14:43:04
443347,YzI1Nle74x,1596,1216973,3,4,[정답입력]니슬리브7mm-20250810-19,,,네이버 쇼핑 상품번호 입력하기,N,2025-08-11 14:43:05,9999-12-31 23:59:59,7,18,12,1369869,ADS_CODE_DAILY_UPDATE,2025-08-11 14:43:05
443348,hqKbelZH43,1596,1216975,3,4,[정답입력]스쿼트패드-20250810-70,,,네이버 쇼핑 상품번호 입력하기,N,2025-08-11 14:43:06,9999-12-31 23:59:59,7,18,12,1369869,ADS_CODE_DAILY_UPDATE,2025-08-11 14:43:05
443349,OAQuydbc6h,1596,1216977,3,4,[정답입력]게이밍의자-20250810-45,,,네이버 쇼핑 상품번호 입력하기,N,2025-08-11 14:43:06,9999-12-31 23:59:59,7,18,12,1369869,ADS_CODE_DAILY_UPDATE,2025-08-11 14:43:06
443350,y9JEt9hKac,1596,1216979,3,4,[정답입력]바이퍼-20250810-31,,,네이버 쇼핑 상품번호 입력하기,N,2025-08-11 14:43:07,9999-12-31 23:59:59,7,18,12,1369869,ADS_CODE_DAILY_UPDATE,2025-08-11 14:43:06
443354,UKp2ItBNBD,1596,1216987,3,4,[정답입력]AB매트-20250810-62,,,네이버 쇼핑 상품번호 입력하기,N,2025-08-11 14:43:09,9999-12-31 23:59:59,7,18,12,1369869,ADS_CODE_DAILY_UPDATE,2025-08-11 14:43:09
443355,W9ZAML9CjT,1596,1216989,3,4,[정답입력]월볼-20250810-9,,,네이버 쇼핑 상품번호 입력하기,N,2025-08-11 14:43:10,9999-12-31 23:59:59,7,18,12,1369869,ADS_CODE_DAILY_UPDATE,2025-08-11 14:43:09
443356,pdRvjaf2Dj,1596,1216991,3,4,[정답입력]경량원판LP-50-20250810-7,,,네이버 쇼핑 상품번호 입력하기,N,2025-08-11 14:43:10,9999-12-31 23:59:59,7,18,12,1369869,ADS_CODE_DAILY_UPDATE,2025-08-11 14:43:10
443358,k4L7XFdblM,1596,1216995,3,4,[정답입력]헬스그립HE-T09-20250810-25,,,네이버 쇼핑 상품번호 입력하기,N,2025-08-11 14:43:12,9999-12-31 23:59:59,7,18,12,1369869,ADS_CODE_DAILY_UPDATE,2025-08-11 14:43:12
443359,gcHUMLM0sY,1596,1216997,3,4,[정답입력]보수볼-20250810-2,,,네이버 쇼핑 상품번호 입력하기,N,2025-08-11 14:43:13,9999-12-31 23:59:59,7,18,12,1369869,ADS_CODE_DAILY_UPDATE,2025-08-11 14:43:13
443360,ZiTyCox2O6,1596,1216999,3,4,[정답입력]게이밍의자-20250810-43,,,네이버 쇼핑 상품번호 입력하기,N,2025-08-11 14:43:14,9999-12-31 23:59:59,7,18,12,1369869,ADS_CODE_DAILY_UPDATE,2025-08-11 14:43:13
443361,q9GzSVSL5N,1596,1217001,3,4,[정답입력]EPP마사지볼싱글라크로스볼-20250810-30,,,네이버 쇼핑 상품번호 입력하기,N,2025-08-11 14:43:14,9999-12-31 23:59:59,7,18,12,1369869,ADS_CODE_DAILY_UPDATE,2025-08-11 14:43:14
443362,TrbgRwBrTt,1596,1217003,3,4,[정답입력]EMS복근-20250810-66,,,네이버 쇼핑 상품번호 입력하기,N,2025-08-11 14:43:15,9999-12-31 23:59:59,7,18,12,1369869,ADS_CODE_DAILY_UPDATE,2025-08-11 14:43:14
443363,AsSUgV9UMN,1596,1217005,3,4,[정답입력]엘보우슬리브-20250810-18,,,네이버 쇼핑 상품번호 입력하기,N,2025-08-11 14:43:15,9999-12-31 23:59:59,7,18,12,1369869,ADS_CODE_DAILY_UPDATE,2025-08-11 14:43:15
443364,EapcwgkA9Q,1596,1217007,3,4,[정답입력]팔굽혀펴기기구-20250810-22,,,네이버 쇼핑 상품번호 입력하기,N,2025-08-11 14:43:16,9999-12-31 23:59:59,7,18,12,1369869,ADS_CODE_DAILY_UPDATE,2025-08-11 14:43:16
443366,jPwkCPzH4s,1596,1217011,3,4,[정답입력]루프밴드-20250810-15,,,네이버 쇼핑 상품번호 입력하기,N,2025-08-11 14:43:17,9999-12-31 23:59:59,7,18,12,1369869,ADS_CODE_DAILY_UPDATE,2025-08-11 14:43:17
443368,V9owf6jhn3,1596,1217015,3,4,[정답입력]헬스손목보호대크로스핏리스트랩-20250810-33,,,네이버 쇼핑 상품번호 입력하기,N,2025-08-11 14:43:18,9999-12-31 23:59:59,7,18,12,1369869,ADS_CODE_DAILY_UPDATE,2025-08-11 14:43:18
443369,Qnkj9H58cH,1596,1217017,3,4,[정답입력]임산부드로즈-20250810-38,,,네이버 쇼핑 상품번호 입력하기,N,2025-08-11 14:43:19,9999-12-31 23:59:59,7,18,12,1369869,ADS_CODE_DAILY_UPDATE,2025-08-11 14:43:19
443370,y5T9tPLubk,1596,1217019,3,4,[정답입력]게이밍의자-20250810-44,,,네이버 쇼핑 상품번호 입력하기,N,2025-08-11 14:43:20,9999-12-31 23:59:59,7,18,12,1369869,ADS_CODE_DAILY_UPDATE,2025-08-11 14:43:20
443372,bBDixDmp8o,1596,1217023,3,4,[정답입력]EPP폼롤러-20250810-10,,,네이버 쇼핑 상품번호 입력하기,N,2025-08-11 14:43:21,9999-12-31 23:59:59,7,18,12,1369869,ADS_CODE_DAILY_UPDATE,2025-08-11 14:43:21
443373,uXBkPLKtLB,1596,1217025,3,4,[정답입력]원판거치대-20250810-14,,,네이버 쇼핑 상품번호 입력하기,N,2025-08-11 14:43:22,9999-12-31 23:59:59,7,18,12,1369869,ADS_CODE_DAILY_UPDATE,2025-08-11 14:43:22
443375,CpNoGDGpQg,318,1217029,3,4,팰리세이드튜닝142 맞추기 8.11,,,퀴즈 맞추기,N,2025-08-11 15:07:14,9999-12-31 23:59:59,7,16,11,1369869,NONE,2025-08-11 15:07:14
443439,EomkMggCCN,84,1217159,3,8,[29cm-상품찜] 루프트맨션 에코백 10colors,,,참여,N,2025-08-11 15:00:00,2030-01-04 00:00:00,7,150,100,2729200,NONE,2025-08-11 15:20:32
443448,1OMpMipqHm,82,1217167,3,4,문막 맛집 덕곡막국수 수육 (네이버맵 저장 후 길찾기_앱 설치 필수),,,네이버맵 저장 후 길찾기,N,2025-08-11 15:32:10,9999-12-31 23:59:59,7,18,8,1369936,NONE,2025-08-11 15:32:10
443450,WBeofTVbAi,84,1217178,1,1,밀스캔 - AI 식단 분석 & 다이어트 코치,,,받기,N,2025-08-11 00:00:00,2025-08-21 00:00:00,1,190,120,2758900,NONE,2025-08-11 15:43:19
443458,tpAVsgQFnD,1655,1217194,3,4,네이버쇼핑 정답 미션 175225,,,네이버스마트스토어 퀴즈,N,2025-08-11 16:11:58,9999-12-31 23:59:59,7,18,12,1369936,ADS_CODE_DAILY_UPDATE,2025-08-11 16:11:57
443461,fgHufHzcei,1275,1220464,2,2,군주 키우기 : 방치형 RPG,,,최초 오픈,N,2025-08-19 11:00:00,2025-08-20 00:00:00,2,280,180,2761900,NONE,2025-08-11 16:31:48
443463,aPqyNDeusj,82,1217203,3,4,충주 맛집 무드인소울 바베큐 (블로그 리뷰 클릭 후 플레이스 저장),,,블로그 리뷰 클릭 후 플레이스 저장,N,2025-08-11 16:56:58,9999-12-31 23:59:59,7,19,8,1369936,NONE,2025-08-11 16:56:57
443473,Iv5foWDsxn,1596,1217221,3,4,[정답입력]소소테이블칠순상대여-20250811-17,,,네이버 쇼핑 상품번호 입력하기,N,2025-08-11 17:31:56,9999-12-31 23:59:59,7,18,12,1369936,ADS_CODE_DAILY_UPDATE,2025-08-11 17:31:55
443474,bBj38wfJQr,1596,1217223,3,4,[정답입력]소소테이블칠순상대여-20250811-16,,,네이버 쇼핑 상품번호 입력하기,N,2025-08-11 17:31:56,9999-12-31 23:59:59,7,18,12,1369936,ADS_CODE_DAILY_UPDATE,2025-08-11 17:31:56
443479,D50sMloC2U,1655,1217233,3,4,힘샘피티 175302,,,네이버플레이스 퀴즈,N,2025-08-11 17:57:15,9999-12-31 23:59:59,7,18,12,1369936,ADS_CODE_DAILY_UPDATE,2025-08-11 17:57:15
443482,vL5QuMn20O,1596,1217239,3,4,[정답입력] 올림픽공원 맛집,,,네이버 플레이스 리뷰찾기,N,2025-08-11 18:41:55,9999-12-31 23:59:59,7,18,12,1369936,ADS_CODE_DAILY_UPDATE,2025-08-11 18:41:55
443484,Vqy0X8bk3U,1655,1217243,3,4,브루먼트 커피원두 홀빈 콩 사업자전용 1kg 당일로스팅 175318,,,네이버스마트스토어 퀴즈,N,2025-08-11 19:47:04,9999-12-31 23:59:59,7,18,12,1369936,ADS_CODE_DAILY_UPDATE,2025-08-11 19:47:03
443486,HvYBq9ddTA,1655,1217247,3,4,컨트로드 캐리어 화물용 금고형 연예인 렉트 24인치 28인치 175323,,,네이버스마트스토어 퀴즈,N,2025-08-11 21:27:07,9999-12-31 23:59:59,7,18,12,1369936,ADS_CODE_DAILY_UPDATE,2025-08-11 21:27:06
443493,s5kmsMrDiH,1655,1217261,3,4,비피젠 175333,,,네이버스마트스토어 퀴즈,N,2025-08-11 23:16:51,9999-12-31 23:59:59,7,18,12,1369936,ADS_CODE_DAILY_UPDATE,2025-08-11 23:16:51
443502,tP4Erp4QDS,1623,1217279,3,4,안전벨트,,,퀴즈 맞추기,N,2025-08-12 00:08:39,9999-12-31 23:59:59,7,15,10,1369936,NONE,2025-08-12 00:08:39
443515,kj6fPR9nK0,1655,1217305,3,4,HSH 스마트인 바디체중계 체지방 전자 디지털 175283,,,네이버스마트스토어 퀴즈,N,2025-08-12 00:08:53,9999-12-31 23:59:59,7,18,12,1369936,ADS_CODE_DAILY_UPDATE,2025-08-12 00:08:52
443516,NvNu7omYcR,1655,1217307,3,4,머슬렉스 가정용 문틀 철봉 턱걸이 운동기구 고급형 단축 풀업바 홈트레이닝 문 틈 봉 바 1,,,네이버스마트스토어 퀴즈,N,2025-08-12 00:08:54,9999-12-31 23:59:59,7,18,12,1369936,ADS_CODE_DAILY_UPDATE,2025-08-12 00:08:53
443519,FyXMfrkjhO,1655,1217313,3,4,국산 자포니카 민물장어 장어 1kg 생물 손질 후 700g 175312,,,네이버스마트스토어 퀴즈,N,2025-08-12 00:08:56,9999-12-31 23:59:59,7,18,12,1369936,ADS_CODE_DAILY_UPDATE,2025-08-12 00:08:56
443520,DRhssZqYVg,1655,1217315,3,4,국산 제철 신안 흰다리새우 500g 1kg 활새우 왕새우 생새우 175313,,,네이버스마트스토어 퀴즈,N,2025-08-12 00:08:57,9999-12-31 23:59:59,7,18,12,1369936,ADS_CODE_DAILY_UPDATE,2025-08-12 00:08:56
443528,2Hva41iCI5,82,1217328,3,4,부산댁 울산달동점 (네이버맵 공유 URL 입력),,,네이버맵 공유 URL 입력,N,2025-08-12 00:13:19,9999-12-31 23:59:59,7,16,8,1369936,NONE,2025-08-12 00:13:18
443531,zNfkoZbMck,82,1217331,3,4,내조삼계탕 광명밤일마을본점 (네이버맵 공유 URL 입력),,,네이버맵 공유 URL 입력,N,2025-08-12 00:13:22,9999-12-31 23:59:59,7,16,8,1369936,NONE,2025-08-12 00:13:22
443538,mNgIrVrVa4,82,1217338,3,4,솔방구리삼겹살 증산점 (네이버맵 공유 URL 입력),,,네이버맵 공유 URL 입력,N,2025-08-12 00:13:30,9999-12-31 23:59:59,7,16,8,1369936,NONE,2025-08-12 00:13:30
443552,uYff3CudDh,1596,1217358,3,4,[정답입력]서울역콜키지,,,네이버 플레이스 지도 거리 입력하기,N,2025-08-12 06:07:56,9999-12-31 23:59:59,7,18,12,1369936,ADS_CODE_DAILY_UPDATE,2025-08-12 06:07:55
443553,unUVzZMRNm,1596,1217360,3,4,"[정답입력] ""윈드 서핑 깃발 S형"" 해시태그 입력하기",,,네이버 상품 해시태그,N,2025-08-12 06:08:00,9999-12-31 23:59:59,7,18,12,1369936,ADS_CODE_DAILY_UPDATE,2025-08-12 06:07:59
443554,vWIV07QS4q,1596,1217362,3,4,[정답입력]올레시장 고기국밥,,,네이버 플레이스 지도 거리 입력하기,N,2025-08-12 06:08:21,9999-12-31 23:59:59,7,18,12,1369936,ADS_CODE_DAILY_UPDATE,2025-08-12 06:08:21
443555,DYkbMZkSRp,1596,1217364,3,4,[정답입력] 논현 맛집,,,네이버 플레이스 리뷰찾기,N,2025-08-12 06:08:22,9999-12-31 23:59:59,7,18,12,1369936,ADS_CODE_DAILY_UPDATE,2025-08-12 06:08:22
443557,vcj4jnrAEo,1596,1217368,3,4,[정답입력] 목포 맛집,,,네이버 플레이스 리뷰찾기,N,2025-08-12 06:08:52,9999-12-31 23:59:59,7,18,12,1369936,ADS_CODE_DAILY_UPDATE,2025-08-12 06:08:51
443558,qtg8b6U4H6,1596,1217370,3,4,[정답입력]자동차고무매트-20250811-9,,,네이버 쇼핑 상품번호 입력하기,N,2025-08-12 06:08:53,9999-12-31 23:59:59,7,18,12,1369936,ADS_CODE_DAILY_UPDATE,2025-08-12 06:08:52
443559,eUS6dL3JdH,1596,1217372,3,4,[정답입력]메디신볼-20250810-68,,,네이버 쇼핑 상품번호 입력하기,N,2025-08-12 06:09:00,9999-12-31 23:59:59,7,18,12,1369936,ADS_CODE_DAILY_UPDATE,2025-08-12 06:08:59
443561,7zOGSMdncH,1596,1217375,3,4,[정답입력] 안양맛집,,,네이버 플레이스 리뷰찾기,N,2025-08-12 06:12:22,9999-12-31 23:59:59,7,18,12,1369936,ADS_CODE_DAILY_UPDATE,2025-08-12 06:12:21
443562,GiDiyFmQVL,1596,1217377,3,4,[정답입력]카니발카매트-20250811-4,,,네이버 쇼핑 상품번호 입력하기,N,2025-08-12 06:12:28,9999-12-31 23:59:59,7,18,12,1369936,ADS_CODE_DAILY_UPDATE,2025-08-12 06:12:28
443564,3hIAI4SlrO,1596,1217381,3,4,[저장하기]기장샤브하루-20250811-63,,,네이버 플레이스 저장하기,N,2025-08-12 06:17:37,9999-12-31 23:59:59,7,20,14,1369936,ADS_CODE_DAILY_UPDATE,2025-08-12 06:17:37
443566,yTOjl9jUeb,1596,1217385,3,4,[정답입력] 논현 맛집,,,네이버 플레이스 지도 거리 입력하기,N,2025-08-12 06:18:00,9999-12-31 23:59:59,7,18,12,1369936,ADS_CODE_DAILY_UPDATE,2025-08-12 06:17:59
443568,yQ8TpqLNV7,1596,1217389,3,4,[정답입력]자동차트렁크매트-20250811-8,,,네이버 쇼핑 상품번호 입력하기,N,2025-08-12 06:18:15,9999-12-31 23:59:59,7,18,12,1369936,ADS_CODE_DAILY_UPDATE,2025-08-12 06:18:14
443569,rLxfHe961P,1596,1217391,3,4,[정답입력]자동차코일매트-20250811-11,,,네이버 쇼핑 상품번호 입력하기,N,2025-08-12 06:18:27,9999-12-31 23:59:59,7,18,12,1369936,ADS_CODE_DAILY_UPDATE,2025-08-12 06:18:27
443570,o4JIxnTTYd,1596,1217393,3,4,[정답입력] 논현 맛집,,,네이버 플레이스 리뷰찾기,N,2025-08-12 06:22:19,9999-12-31 23:59:59,7,18,12,1369936,ADS_CODE_DAILY_UPDATE,2025-08-12 06:22:19
443571,i7x3VoIdTU,1596,1217395,3,4,[정답입력]자동차트렁크매트-20250811-10,,,네이버 쇼핑 상품번호 입력하기,N,2025-08-12 06:22:21,9999-12-31 23:59:59,7,18,12,1369936,ADS_CODE_DAILY_UPDATE,2025-08-12 06:22:20
443573,u3FfxpZTox,1596,1217399,3,4,[정답입력]목포조개전골 맛집 추천,,,네이버 플레이스 지도 거리 입력하기,N,2025-08-12 06:22:26,9999-12-31 23:59:59,7,18,12,1369936,ADS_CODE_DAILY_UPDATE,2025-08-12 06:22:25
443574,AAAjPCuCXA,1596,1217401,3,4,[정답입력]게이밍의자-20250810-47,,,네이버 쇼핑 상품번호 입력하기,N,2025-08-12 06:22:27,9999-12-31 23:59:59,7,18,12,1369936,ADS_CODE_DAILY_UPDATE,2025-08-12 06:22:27
443575,BMDiJqSmA5,1596,1217403,3,4,[정답입력]게이밍의자-20250810-61,,,네이버 쇼핑 상품번호 입력하기,N,2025-08-12 06:22:29,9999-12-31 23:59:59,7,18,12,1369936,ADS_CODE_DAILY_UPDATE,2025-08-12 06:22:29
443576,848RNBj7vm,1596,1217405,3,4,[정답입력] 제주중문 장어,,,네이버 플레이스 지도 거리 입력하기,N,2025-08-12 06:27:14,9999-12-31 23:59:59,7,18,12,1369936,ADS_CODE_DAILY_UPDATE,2025-08-12 06:27:14
443577,4VU74IBgYX,1596,1217407,3,4,[정답입력]솔동산,,,네이버 플레이스 지도 거리 입력하기,N,2025-08-12 06:27:33,9999-12-31 23:59:59,7,18,12,1369936,ADS_CODE_DAILY_UPDATE,2025-08-12 06:27:32
443579,85Mq70gAK4,1596,1217411,3,4,[정답입력]올레시장 누룽지탕,,,네이버 플레이스 지도 거리 입력하기,N,2025-08-12 06:28:00,9999-12-31 23:59:59,7,18,12,1369936,ADS_CODE_DAILY_UPDATE,2025-08-12 06:28:00
443580,5KzzBAwjMq,1596,1217413,3,4,[정답입력]게이밍의자-20250810-54,,,네이버 쇼핑 상품번호 입력하기,N,2025-08-12 06:32:23,9999-12-31 23:59:59,7,18,12,1369936,ADS_CODE_DAILY_UPDATE,2025-08-12 06:32:22
443585,YgIhT27Whw,1596,1217423,3,4,[정답입력]모노륨매트장판시공발매트-20250811-5,,,네이버 쇼핑 상품번호 입력하기,N,2025-08-12 06:37:55,9999-12-31 23:59:59,7,18,12,1369936,ADS_CODE_DAILY_UPDATE,2025-08-12 06:37:55
443586,SE2k5frjQz,1596,1217425,3,4,[정답입력]홍대 소고기쌀국수 반미,,,네이버 플레이스 지도 거리 입력하기,N,2025-08-12 06:42:30,9999-12-31 23:59:59,7,18,12,1369936,ADS_CODE_DAILY_UPDATE,2025-08-12 06:42:30
443588,AWrkKN94Ue,1596,1217429,3,4,[정답입력] 논현 맛집,,,네이버 플레이스 지도 거리 입력하기,N,2025-08-12 06:42:36,9999-12-31 23:59:59,7,18,12,1369936,ADS_CODE_DAILY_UPDATE,2025-08-12 06:42:36
443591,kRtcaRLo4W,1596,1217435,3,4,[정답입력]자동차코일매트-20250811-12,,,네이버 쇼핑 상품번호 입력하기,N,2025-08-12 06:47:57,9999-12-31 23:59:59,7,18,12,1369936,ADS_CODE_DAILY_UPDATE,2025-08-12 06:47:56
443593,xjJk1vsP7V,1596,1217439,3,4,[정답입력] 제나마사지젤,,,네이버 쇼핑 상품번호 입력하기,N,2025-08-12 06:52:17,9999-12-31 23:59:59,7,18,12,1369936,ADS_CODE_DAILY_UPDATE,2025-08-12 06:52:16
443594,GIFRynTH8e,1596,1217441,3,4,"[정답입력] ""윈드배너 S형 플라잉 고정형"" 해시태그 입력하기",,,네이버 상품 해시태그,N,2025-08-12 06:52:20,9999-12-31 23:59:59,7,18,12,1369936,ADS_CODE_DAILY_UPDATE,2025-08-12 06:52:19
443595,IMyt2ToZdM,1596,1217443,3,4,[정답입력] 안양맛집,,,네이버 플레이스 지도 거리 입력하기,N,2025-08-12 06:57:26,9999-12-31 23:59:59,7,18,12,1369936,ADS_CODE_DAILY_UPDATE,2025-08-12 06:57:26
443597,vyAzK8pHxv,1596,1217447,3,4,[정답입력] 목포 맛집,,,네이버 플레이스 지도 거리 입력하기,N,2025-08-12 07:02:40,9999-12-31 23:59:59,7,18,12,1369936,ADS_CODE_DAILY_UPDATE,2025-08-12 07:02:40
443598,qe9pD2EUcP,1596,1217449,3,4,[정답입력]자동차벌집매트-20250811-13,,,네이버 쇼핑 상품번호 입력하기,N,2025-08-12 07:07:33,9999-12-31 23:59:59,7,18,12,1369936,ADS_CODE_DAILY_UPDATE,2025-08-12 07:07:33
443599,x1gGIHOZ9L,1596,1217451,3,4,[정답입력]바닥발판1열+2열풀세트-20250811-7,,,네이버 쇼핑 상품번호 입력하기,N,2025-08-12 07:12:08,9999-12-31 23:59:59,7,18,12,1369936,ADS_CODE_DAILY_UPDATE,2025-08-12 07:12:07
443600,p9P5ofj2zY,1596,1217453,3,4,[정답입력]자동차트렁크매트-20250811-6,,,네이버 쇼핑 상품번호 입력하기,N,2025-08-12 07:27:17,9999-12-31 23:59:59,7,18,12,1369936,ADS_CODE_DAILY_UPDATE,2025-08-12 07:27:16
443601,Wo39VmbmcH,1596,1217455,3,4,[정답입력]홍대 월남쌈 쌀국수,,,네이버 플레이스 지도 거리 입력하기,N,2025-08-12 07:27:24,9999-12-31 23:59:59,7,18,12,1369936,ADS_CODE_DAILY_UPDATE,2025-08-12 07:27:24
443602,TBjaoakPGb,1596,1217457,3,4,[정답입력]가온자동차와이퍼-20250811-3,,,네이버 쇼핑 상품번호 입력하기,N,2025-08-12 07:32:32,9999-12-31 23:59:59,7,18,12,1369936,ADS_CODE_DAILY_UPDATE,2025-08-12 07:32:32
443603,eH6fI8ANs9,1596,1217459,3,4,[정답입력] 제나마사지젤,,,네이버 쇼핑 상품번호 입력하기,N,2025-08-12 07:37:06,9999-12-31 23:59:59,7,18,12,1369936,ADS_CODE_DAILY_UPDATE,2025-08-12 07:37:06
443605,qUsdFV35oR,1596,1217463,3,4,[정답입력]셀프속눈썹펌-20250811-15,,,네이버 쇼핑 상품번호 입력하기,N,2025-08-12 07:47:47,9999-12-31 23:59:59,7,18,12,1369936,ADS_CODE_DAILY_UPDATE,2025-08-12 07:47:46
443606,6uB6WsS4gw,1596,1217465,3,4,[정답입력] 한양대 미용실,,,네이버 플레이스 지도 거리 입력하기,N,2025-08-12 08:12:49,9999-12-31 23:59:59,7,18,12,1369936,ADS_CODE_DAILY_UPDATE,2025-08-12 08:12:48
443614,5yQxsAQ7Dv,1596,1217481,3,4,[정답입력]여수 임플란트,,,네이버 플레이스 장소명 입력하기,N,2025-08-12 09:42:06,9999-12-31 23:59:59,7,18,12,1369936,ADS_CODE_DAILY_UPDATE,2025-08-12 09:42:06
443642,vU2JoExjRD,1596,1217537,3,4,[정답입력]강릉초당순두부-20250812-3,,,네이버 플레이스 장소명 입력하기,N,2025-08-12 10:52:30,9999-12-31 23:59:59,7,18,12,1369936,ADS_CODE_DAILY_UPDATE,2025-08-12 10:52:30
443644,RE9dqmcZsI,1596,1217541,3,4,[정답입력]목전지1kg-20250811-99,,,네이버 쇼핑 상품번호 입력하기,N,2025-08-12 10:52:32,9999-12-31 23:59:59,7,18,12,1369936,ADS_CODE_DAILY_UPDATE,2025-08-12 10:52:32
443645,XlQWF79iWr,1596,1217543,3,4,[정답입력]돼지껍데기술안주-20250811-100,,,네이버 쇼핑 상품번호 입력하기,N,2025-08-12 10:52:33,9999-12-31 23:59:59,7,18,12,1369936,ADS_CODE_DAILY_UPDATE,2025-08-12 10:52:33
443646,qLd0U4onYD,1596,1217545,3,4,[정답입력]한돈뒷다리살-20250811-96,,,네이버 쇼핑 상품번호 입력하기,N,2025-08-12 10:52:34,9999-12-31 23:59:59,7,18,12,1369936,ADS_CODE_DAILY_UPDATE,2025-08-12 10:52:34
443647,HHAAgKZlg0,1596,1217547,3,4,[정답입력]브로핏발열크림-20250811-95,,,네이버 쇼핑 상품번호 입력하기,N,2025-08-12 10:52:35,9999-12-31 23:59:59,7,18,12,1369936,ADS_CODE_DAILY_UPDATE,2025-08-12 10:52:35
443652,EPSRwfloQ5,1596,1217557,3,4,[정답입력]침대핸드폰거치대-20250811-94,,,네이버 쇼핑 상품번호 입력하기,N,2025-08-12 10:52:40,9999-12-31 23:59:59,7,18,12,1369936,ADS_CODE_DAILY_UPDATE,2025-08-12 10:52:40
443653,lIgtnmiuaw,1596,1217559,3,4,[정답입력]우삼겹말이소분-20250811-97,,,네이버 쇼핑 상품번호 입력하기,N,2025-08-12 10:52:41,9999-12-31 23:59:59,7,18,12,1369936,ADS_CODE_DAILY_UPDATE,2025-08-12 10:52:41
443654,bq8ftWKuT6,1596,1217561,3,4,[정답입력]강릉초당순두부맛집-20250812-5,,,네이버 플레이스 장소명 입력하기,N,2025-08-12 10:52:42,9999-12-31 23:59:59,7,18,12,1369936,ADS_CODE_DAILY_UPDATE,2025-08-12 10:52:42
443655,S9CrHeTJkf,1596,1217563,3,4,[정답입력]돼지족앞다리-20250811-98,,,네이버 쇼핑 상품번호 입력하기,N,2025-08-12 10:52:43,9999-12-31 23:59:59,7,18,12,1369936,ADS_CODE_DAILY_UPDATE,2025-08-12 10:52:43
443656,bMo97RkeCB,1596,1217565,3,4,[정답입력]롤백타입쓰레기분리수거비닐봉투20L-20250811-19,,,네이버 쇼핑 상품번호 입력하기,N,2025-08-12 10:52:44,9999-12-31 23:59:59,7,18,12,1369936,ADS_CODE_DAILY_UPDATE,2025-08-12 10:52:44
443660,WuIp8HKmt9,50,1217573,1,0,[간편참여] 편의점 정리왕 3D,,,받기,N,2025-08-12 11:17:15,9999-12-31 23:59:59,2,170,120,2758100,NONE,2025-08-12 11:17:14
443663,sYFCAaO1b6,1623,1217576,3,4,햄스터 케이지,,,퀴즈 맞추기,N,2025-08-12 11:52:07,9999-12-31 23:59:59,7,15,10,1369936,NONE,2025-08-12 11:52:06
443664,2gVj1BFhA8,1623,1217578,3,4,ab슬라이드,,,퀴즈 맞추기,N,2025-08-12 12:02:11,9999-12-31 23:59:59,7,15,10,1369936,NONE,2025-08-12 12:02:10
443665,fAXy6seTqt,1655,1217580,3,4,네이버쇼핑 정답 미션 175555,,,네이버스마트스토어 퀴즈,N,2025-08-12 12:02:12,9999-12-31 23:59:59,7,18,12,1369936,ADS_CODE_DAILY_UPDATE,2025-08-12 12:02:12
443672,ct6GM3zrXc,335,1217588,2,0,게임테스트 플랫폼 플리더스,,,최초 오픈,N,2025-08-12 12:22:26,9999-12-31 23:59:59,2,230,180,1652490,NONE,2025-08-12 12:22:26
443673,5U1P1aIZeQ,1655,1217589,3,4,COB 면발광 LED 바 줄조명 스트립 간접등 플렉시블 방수 조명12V 24V 175559,,,네이버스마트스토어 퀴즈,N,2025-08-12 12:22:51,9999-12-31 23:59:59,7,18,12,1369936,ADS_CODE_DAILY_UPDATE,2025-08-12 12:22:51
443678,aEQJRw2hOq,1655,1217597,3,4,네이버쇼핑 정답 미션 175638,,,네이버스마트스토어 퀴즈,N,2025-08-12 13:22:21,9999-12-31 23:59:59,7,18,12,1369936,ADS_CODE_DAILY_UPDATE,2025-08-12 13:22:21
443680,exXzK2Cn8W,1596,1217601,3,4,[정답입력]영등포구청한식술집-20250812-11,,,네이버 플레이스 장소명 입력하기,N,2025-08-12 13:27:37,9999-12-31 23:59:59,7,18,12,1369936,ADS_CODE_DAILY_UPDATE,2025-08-12 13:27:37
443681,vzdCHVuQUR,1596,1217603,3,4,[정답입력]영등포구청술집-20250812-12,,,네이버 플레이스 장소명 입력하기,N,2025-08-12 13:27:39,9999-12-31 23:59:59,7,18,12,1369936,ADS_CODE_DAILY_UPDATE,2025-08-12 13:27:38
443750,xAZTYbhZLn,10,1217743,3,7,AIA 보험상담 상담신청(30-65세 여성),,,보험 상담 신청,N,2025-08-12 15:00:00,2030-12-28 00:00:00,2,800,640,2491900,NONE,2025-08-12 14:57:56
443772,DryafuJAD1,1655,1217761,3,4,LED 방열판 알루미늄 프로파일 주문제작 PCB LED 모듈 조명 커버형 50cm / 1M,,,네이버스마트스토어 퀴즈,N,2025-08-12 16:42:17,9999-12-31 23:59:59,7,18,12,1369936,ADS_CODE_DAILY_UPDATE,2025-08-12 16:42:16
443773,TVkHtDN2CE,1655,1217763,3,4,언양불고기 175666,,,네이버플레이스 퀴즈,N,2025-08-12 16:42:17,9999-12-31 23:59:59,7,18,12,1369936,ADS_CODE_DAILY_UPDATE,2025-08-12 16:42:17
443781,Ij54KDzjAt,1655,1217776,3,4,버그넷 버그넷프로 175683,,,네이버스마트스토어 퀴즈,N,2025-08-12 18:12:15,9999-12-31 23:59:59,7,18,12,1369936,ADS_CODE_DAILY_UPDATE,2025-08-12 18:12:14
443782,EMs8Iis1YR,335,1217780,1,2,디바인엣지: 소녀와 마신의 이야기,,,받기,N,2025-08-12 18:00:00,2029-11-29 00:00:00,2,130,90,2760300,NONE,2025-08-12 18:58:02
443783,MohQTeYVkW,1655,1217781,3,4,하수구막힘 175693,,,네이버플레이스 퀴즈,N,2025-08-12 19:46:59,9999-12-31 23:59:59,7,18,12,1369869,ADS_CODE_DAILY_UPDATE,2025-08-12 19:46:58
443784,9NejhQCoTT,1655,1217783,3,4,미니 자동차 에어팟 키링 가죽 가방 키링 명품 차키키링 스마일 토끼 홀더링 스마트키 싼 1,,,네이버스마트스토어 퀴즈,N,2025-08-12 19:47:00,9999-12-31 23:59:59,7,18,12,1369869,ADS_CODE_DAILY_UPDATE,2025-08-12 19:46:59
443785,VBvJzSKGYv,1655,1217785,3,4,10종 귀후비개 귀파개 세트 귀후비게 귀이개 청소 귀파기 휴대용 어린이 귀지 제거 나선형,,,네이버스마트스토어 퀴즈,N,2025-08-12 19:51:56,9999-12-31 23:59:59,7,18,12,1369869,ADS_CODE_DAILY_UPDATE,2025-08-12 19:51:56
443792,tBdDAc0Pp1,1623,1217798,3,4,석재볼라드,,,퀴즈 맞추기,N,2025-08-13 00:10:25,9999-12-31 23:59:59,7,15,10,1369869,NONE,2025-08-13 00:10:24
443798,MHa1V3eBTY,1623,1217810,3,4,루이보스티,,,퀴즈 맞추기,N,2025-08-13 00:10:31,9999-12-31 23:59:59,7,15,10,1369869,NONE,2025-08-13 00:10:31
443806,yBc4N9F2E4,82,1217819,3,4,모트(명소찾기),,,명소 찾기,N,2025-08-13 00:13:10,9999-12-31 23:59:59,7,15,8,1369869,NONE,2025-08-13 00:13:10
443812,WLq4bynqCP,82,1217825,3,4,김민재쭈꾸미(명소찾기),,,명소 찾기,N,2025-08-13 00:13:15,9999-12-31 23:59:59,7,15,8,1369869,NONE,2025-08-13 00:13:15
443817,rWUEG1meX0,82,1217830,3,4,내조삼계탕 부천점 (네이버맵 공유 URL 입력),,,네이버맵 공유 URL 입력,N,2025-08-13 00:13:19,9999-12-31 23:59:59,7,16,8,1369869,NONE,2025-08-13 00:13:19
443822,ygXv2H1OYy,1655,1217837,3,4,각종 각파이프 사각파이프 아연 각파이프 절단판매 철재 각 파이프 15x15x1.4t 175,,,네이버스마트스토어 퀴즈,N,2025-08-13 00:16:38,9999-12-31 23:59:59,7,18,12,1369869,ADS_CODE_DAILY_UPDATE,2025-08-13 00:16:38
443824,J5MSZUnkrQ,1655,1217841,3,4,축구가방 운동가방 스포츠헬스 풋살 칸막이 더플백 더블백 175684,,,네이버스마트스토어 퀴즈,N,2025-08-13 00:16:44,9999-12-31 23:59:59,7,18,12,1369869,ADS_CODE_DAILY_UPDATE,2025-08-13 00:16:44
443825,e9PPSkvX9Y,1655,1217843,3,4,"몽모랑시타트체리주스 착즙원액 100% NFC체리즙 1L, 1개 175685",,,네이버스마트스토어 퀴즈,N,2025-08-13 00:16:45,9999-12-31 23:59:59,7,18,12,1369869,ADS_CODE_DAILY_UPDATE,2025-08-13 00:16:45
443826,Sx5qjwxZAM,1655,1217845,3,4,[이태리산] 유기농 대마종자유 냉압착 1병 175686,,,네이버스마트스토어 퀴즈,N,2025-08-13 00:16:46,9999-12-31 23:59:59,7,18,12,1369869,ADS_CODE_DAILY_UPDATE,2025-08-13 00:16:45
443827,OJGacgvGGd,1655,1217847,3,4,전자담배액상 전담액상 사이트 발라리안 맥스 말론 젤로 호환 무니코틴 니코틴 무 알로에베라,,,네이버스마트스토어 퀴즈,N,2025-08-13 00:16:47,9999-12-31 23:59:59,7,18,12,1369869,ADS_CODE_DAILY_UPDATE,2025-08-13 00:16:46
443828,Wlbl1tMmGL,1655,1217849,3,4,전자담배액상 전담 액상 사이트 말론 발라리안맥스 젤로호환 무니코틴액상 알로에베라 입호흡 1,,,네이버스마트스토어 퀴즈,N,2025-08-13 00:16:47,9999-12-31 23:59:59,7,18,12,1369869,ADS_CODE_DAILY_UPDATE,2025-08-13 00:16:47
443829,FGooe3tUle,1655,1217851,3,4,삼성 1등급 천장형에어컨 냉난방기 시스템에어컨 설치비별도 175690,,,네이버스마트스토어 퀴즈,N,2025-08-13 00:16:48,9999-12-31 23:59:59,7,18,12,1369869,ADS_CODE_DAILY_UPDATE,2025-08-13 00:16:48
443850,YMu4CQIevA,1596,1217891,3,4,[정답입력]울산국가정원 우동집,,,네이버 플레이스 장소명 입력하기,N,2025-08-13 06:09:08,9999-12-31 23:59:59,7,18,12,1369869,ADS_CODE_DAILY_UPDATE,2025-08-13 06:09:08
443851,0Y9RWgV06n,1596,1217893,3,4,[정답입력]울산 옥동 돈까스,,,네이버 플레이스 장소명 입력하기,N,2025-08-13 06:12:27,9999-12-31 23:59:59,7,18,12,1369869,ADS_CODE_DAILY_UPDATE,2025-08-13 06:12:26
443852,duqSKW7Vuz,1596,1217895,3,4,[저장하기]충북대울창울창-20250808-217,,,네이버 플레이스 저장하기,N,2025-08-13 06:12:33,9999-12-31 23:59:59,7,20,14,1369869,ADS_CODE_DAILY_UPDATE,2025-08-13 06:12:33
443853,5HRS3rJ9gC,1596,1217897,3,4,[정답입력]천안 르시엘주얼리,,,네이버 플레이스 장소명 입력하기,N,2025-08-13 06:18:29,9999-12-31 23:59:59,7,18,12,1369869,ADS_CODE_DAILY_UPDATE,2025-08-13 06:18:29
443854,NwUUDRsuDB,1596,1217899,3,4,[정답입력]파주 소불고기,,,네이버 플레이스 장소명 입력하기,N,2025-08-13 06:22:41,9999-12-31 23:59:59,7,18,12,1369869,ADS_CODE_DAILY_UPDATE,2025-08-13 06:22:41
443855,LKav95apas,1596,1217901,3,4,[저장하기]장유꽃집-20250811-67,,,네이버 플레이스 저장하기,N,2025-08-13 06:28:31,9999-12-31 23:59:59,7,20,14,1369869,ADS_CODE_DAILY_UPDATE,2025-08-13 06:28:30
443860,6ofCUZ4fXJ,1596,1217911,3,4,[저장하기]고성맛집수락간횟집-20250811-62,,,네이버 플레이스 저장하기,N,2025-08-13 06:47:21,9999-12-31 23:59:59,7,20,14,1369869,ADS_CODE_DAILY_UPDATE,2025-08-13 06:47:21
443862,F61Ccr4IH1,1596,1217915,3,4,[정답입력]포천 강경불고기,,,네이버 플레이스 장소명 입력하기,N,2025-08-13 07:07:44,9999-12-31 23:59:59,7,18,12,1369869,ADS_CODE_DAILY_UPDATE,2025-08-13 07:07:43
443865,lKxWsygBh0,1655,1217921,3,4,네이버쇼핑 정답 미션 175883,,,네이버스마트스토어 퀴즈,N,2025-08-13 09:22:45,9999-12-31 23:59:59,7,18,12,1369869,ADS_CODE_DAILY_UPDATE,2025-08-13 09:22:45
443866,mtTAp1iAlY,1655,1217923,3,4,네이버쇼핑 정답 미션 175884,,,네이버스마트스토어 퀴즈,N,2025-08-13 09:22:46,9999-12-31 23:59:59,7,18,12,1369869,ADS_CODE_DAILY_UPDATE,2025-08-13 09:22:45
443871,15cLyzGpM2,1596,1217933,3,4,[정답입력]동탄역 로라운지 왁싱,,,네이버 플레이스 지도 거리 입력하기,N,2025-08-13 10:22:26,9999-12-31 23:59:59,7,18,12,1369869,ADS_CODE_DAILY_UPDATE,2025-08-13 10:22:25
443872,GDPfWLqRxA,1596,1217935,3,4,[정답입력]김포 장기동 차돌박이,,,네이버 플레이스 지도 거리 입력하기,N,2025-08-13 10:22:27,9999-12-31 23:59:59,7,18,12,1369869,ADS_CODE_DAILY_UPDATE,2025-08-13 10:22:26
443875,uRPFoYM3xY,1596,1217941,3,4,[정답입력}동탄역 로라운지 왁싱,,,네이버 플레이스 리뷰찾기,N,2025-08-13 10:22:29,9999-12-31 23:59:59,7,18,12,1369869,ADS_CODE_DAILY_UPDATE,2025-08-13 10:22:29
443877,lBBYQnbXyv,1596,1217945,3,4,[정답입력]동탄역 로라운지 왁싱,,,네이버 플레이스 장소명 입력하기,N,2025-08-13 10:22:30,9999-12-31 23:59:59,7,18,12,1369869,ADS_CODE_DAILY_UPDATE,2025-08-13 10:22:30
443878,7Si6kUSBKu,1596,1217947,3,4,[정답입력]일산동구 울쎄라,,,네이버 플레이스 지도 거리 입력하기,N,2025-08-13 10:22:31,9999-12-31 23:59:59,7,18,12,1369869,ADS_CODE_DAILY_UPDATE,2025-08-13 10:22:31
443879,1gxg1EEcSC,1596,1217949,3,4,[정답입력]이태원술집,,,네이버 플레이스 지도 거리 입력하기,N,2025-08-13 10:22:32,9999-12-31 23:59:59,7,18,12,1369869,ADS_CODE_DAILY_UPDATE,2025-08-13 10:22:32
443880,qMUzdHkO65,1596,1217951,3,4,[정답입력]송도 투뿔,,,네이버 플레이스 지도 거리 입력하기,N,2025-08-13 10:22:33,9999-12-31 23:59:59,7,18,12,1369869,ADS_CODE_DAILY_UPDATE,2025-08-13 10:22:33
443882,fLl9mLveHg,1596,1217955,3,4,[정답입력}송도 투뿔,,,네이버 플레이스 리뷰찾기,N,2025-08-13 10:22:35,9999-12-31 23:59:59,7,18,12,1369869,ADS_CODE_DAILY_UPDATE,2025-08-13 10:22:34
443883,JaaoidcwTW,1596,1217957,3,4,[정답입력]송도 투뿔,,,네이버 플레이스 장소명 입력하기,N,2025-08-13 10:22:35,9999-12-31 23:59:59,7,18,12,1369869,ADS_CODE_DAILY_UPDATE,2025-08-13 10:22:35
443884,WoEuwl3Qef,1596,1217959,3,4,[정답입력]창원 왁싱 뽐온,,,네이버 플레이스 지도 거리 입력하기,N,2025-08-13 10:22:36,9999-12-31 23:59:59,7,18,12,1369869,ADS_CODE_DAILY_UPDATE,2025-08-13 10:22:36
443885,lWaadfYbrk,1596,1217961,3,4,[정답입력]송도 투뿔,,,네이버 플레이스 지도 거리 입력하기,N,2025-08-13 10:22:37,9999-12-31 23:59:59,7,18,12,1369869,ADS_CODE_DAILY_UPDATE,2025-08-13 10:22:36
443886,ZZQtWomXLc,1596,1217963,3,4,[정답입력]울산 삼산 스키야키,,,네이버 플레이스 지도 거리 입력하기,N,2025-08-13 10:22:37,9999-12-31 23:59:59,7,18,12,1369869,ADS_CODE_DAILY_UPDATE,2025-08-13 10:22:37
443887,lCJwtYCp1Z,1596,1217965,3,4,[정답입력]부산 연제구 순대국밥,,,네이버 플레이스 지도 거리 입력하기,N,2025-08-13 10:22:38,9999-12-31 23:59:59,7,18,12,1369869,ADS_CODE_DAILY_UPDATE,2025-08-13 10:22:38
443888,jYiSvG6RV1,1596,1217967,3,4,[정답입력]울산 연어사시미,,,네이버 플레이스 지도 거리 입력하기,N,2025-08-13 10:22:40,9999-12-31 23:59:59,7,18,12,1369869,ADS_CODE_DAILY_UPDATE,2025-08-13 10:22:39
443889,z9qg8Qtzwq,1596,1217969,3,4,[정답입력] 광주하수구막힘,,,네이버 플레이스 리뷰찾기,N,2025-08-13 10:22:41,9999-12-31 23:59:59,7,18,12,1369869,ADS_CODE_DAILY_UPDATE,2025-08-13 10:22:40
443890,4q5zbJuJp8,1596,1217971,3,4,[정답입력]강릉 건도리횟집,,,네이버 플레이스 지도 거리 입력하기,N,2025-08-13 10:22:41,9999-12-31 23:59:59,7,18,12,1369869,ADS_CODE_DAILY_UPDATE,2025-08-13 10:22:41
443891,MOv95jyFUQ,1596,1217973,3,4,[정답입력]광안리 교타쿠,,,네이버 플레이스 지도 거리 입력하기,N,2025-08-13 10:22:42,9999-12-31 23:59:59,7,18,12,1369869,ADS_CODE_DAILY_UPDATE,2025-08-13 10:22:42
443894,x561fMbj6z,1596,1217979,3,4,[정답입력]잠실 미용실,,,네이버 플레이스 지도 거리 입력하기,N,2025-08-13 10:22:44,9999-12-31 23:59:59,7,18,12,1369869,ADS_CODE_DAILY_UPDATE,2025-08-13 10:22:43
443896,QQOLveP1QY,1596,1217983,3,4,[정답입력]울산삼산 유린기,,,네이버 플레이스 지도 거리 입력하기,N,2025-08-13 10:22:45,9999-12-31 23:59:59,7,18,12,1369869,ADS_CODE_DAILY_UPDATE,2025-08-13 10:22:45
443897,UWBPSKfApt,1596,1217985,3,4,[정답입력]울산 히레카츠,,,네이버 플레이스 지도 거리 입력하기,N,2025-08-13 10:22:46,9999-12-31 23:59:59,7,18,12,1369869,ADS_CODE_DAILY_UPDATE,2025-08-13 10:22:45
443898,cNOQtVusQk,1596,1217987,3,4,[정답입력]동탄역 로라운지 왁싱,,,네이버 플레이스 지도 거리 입력하기,N,2025-08-13 10:22:46,9999-12-31 23:59:59,7,18,12,1369869,ADS_CODE_DAILY_UPDATE,2025-08-13 10:22:46
443899,FNTvlVhvTC,1596,1217989,3,4,[정답입력]김포 장기동 차돌박이,,,네이버 플레이스 지도 거리 입력하기,N,2025-08-13 10:22:47,9999-12-31 23:59:59,7,18,12,1369869,ADS_CODE_DAILY_UPDATE,2025-08-13 10:22:47
443900,XfL4dmyxf7,1596,1217991,3,4,[정답입력]강동구 천호동 흑돼지,,,네이버 플레이스 지도 거리 입력하기,N,2025-08-13 10:22:48,9999-12-31 23:59:59,7,18,12,1369869,ADS_CODE_DAILY_UPDATE,2025-08-13 10:22:47
443930,sLpj3ixQ5e,1596,1218050,3,4,[정답입력]전주 덕진동 소고기 맛집,,,네이버 플레이스 지도 거리 입력하기,N,2025-08-13 11:12:47,9999-12-31 23:59:59,7,18,12,1369869,ADS_CODE_DAILY_UPDATE,2025-08-13 11:12:46
443931,54aI38qSOD,1596,1218052,3,4,[정답입력]전주 덕진동 소고기 추천,,,네이버 플레이스 지도 거리 입력하기,N,2025-08-13 11:12:48,9999-12-31 23:59:59,7,18,12,1369869,ADS_CODE_DAILY_UPDATE,2025-08-13 11:12:48
443936,EjsTeRbCDS,1596,1218063,3,4,[정답입력]김부각-20250812-1,,,네이버 쇼핑 상품번호 입력하기,N,2025-08-13 11:17:37,9999-12-31 23:59:59,7,18,12,1369869,ADS_CODE_DAILY_UPDATE,2025-08-13 11:17:36
443939,woKgTm1Gic,1655,1218069,3,4,네이버쇼핑 정답 미션 175947,,,네이버스마트스토어 퀴즈,N,2025-08-13 11:27:36,9999-12-31 23:59:59,7,18,12,1369860,ADS_CODE_DAILY_UPDATE,2025-08-13 11:27:35
443940,m0g4Ixq0V5,1655,1218071,3,4,네이버쇼핑 정답 미션 175950,,,네이버스마트스토어 퀴즈,N,2025-08-13 11:27:36,9999-12-31 23:59:59,7,18,12,1369859,ADS_CODE_DAILY_UPDATE,2025-08-13 11:27:36
443941,FI3hND99vg,84,1218073,3,8,[투표하기] 2025 힙스토어오디션 - 마이보틀,,,참여,N,2025-08-13 11:00:00,2030-12-27 00:00:00,7,500,375,2732000,NONE,2025-08-13 11:50:12
443952,pR4z5bJxa5,1655,1218085,3,4,네이버쇼핑 정답 미션 175955,,,네이버스마트스토어 퀴즈,N,2025-08-13 12:27:49,9999-12-31 23:59:59,7,18,12,1369869,ADS_CODE_DAILY_UPDATE,2025-08-13 12:27:49
443954,ImGjfbPZJS,318,1218087,3,4,골목주방 스온 1등급 환급 간냉식 45박스 맞추기 8.13,,,퀴즈 맞추기,N,2025-08-13 13:03:19,9999-12-31 23:59:59,7,16,11,1369869,NONE,2025-08-13 13:03:19
443959,JE6v05s2Ne,1655,1218094,3,4,국내제작 천연가죽쇼파 코브라 3인용 벨리체소파 175962,,,네이버스마트스토어 퀴즈,N,2025-08-13 14:08:05,9999-12-31 23:59:59,7,18,12,1369869,ADS_CODE_DAILY_UPDATE,2025-08-13 14:08:05
443960,OknrjY6lXZ,1623,1218100,3,4,로고제작,,,퀴즈 맞추기,N,2025-08-13 14:12:39,9999-12-31 23:59:59,7,15,10,1369869,NONE,2025-08-13 14:12:39
443961,cNimt2Ok9x,1655,1218102,3,4,네이버쇼핑 정답 미션 175963,,,네이버스마트스토어 퀴즈,N,2025-08-13 14:22:24,9999-12-31 23:59:59,7,18,12,1369869,ADS_CODE_DAILY_UPDATE,2025-08-13 14:22:23
443962,Ckwid5WJ4s,1655,1218104,3,4,네이버쇼핑 정답 미션 175964,,,네이버스마트스토어 퀴즈,N,2025-08-13 14:27:25,9999-12-31 23:59:59,7,18,12,1369869,ADS_CODE_DAILY_UPDATE,2025-08-13 14:27:25
443963,pa3iDjG0Lu,1655,1218106,3,4,타이탄트랙 등산스틱 접이식 등산용지팡이 스틱 두랄루민 175965,,,네이버스마트스토어 퀴즈,N,2025-08-13 14:27:26,9999-12-31 23:59:59,7,18,12,1369869,ADS_CODE_DAILY_UPDATE,2025-08-13 14:27:25
444025,bLuaYLlDJD,1655,1218230,3,4,갓글러브 극세사 합피 퓨어그립 골프장갑 왼손착용 남녀공용 여름 175967,,,네이버스마트스토어 퀴즈,N,2025-08-13 15:03:13,9999-12-31 23:59:59,7,18,12,1369869,ADS_CODE_DAILY_UPDATE,2025-08-13 15:03:12
444026,N9DuSxepyE,1658,1218232,9,6,조조의 꿈: 디펜스의 서막,,,모든 서브퀘스트 완료,N,2025-08-13 15:00:00,2025-08-26 18:00:00,2,0,1500,2759900,NONE,2025-08-13 15:05:29
444027,GcifSKtAsa,1596,1218233,3,4,[정답입력]베르가못20g-20250812-37,,,네이버 쇼핑 상품번호 입력하기,N,2025-08-13 15:07:47,9999-12-31 23:59:59,7,18,12,1369869,ADS_CODE_DAILY_UPDATE,2025-08-13 15:07:46
444028,4ZzDubbCpI,1596,1218235,3,4,[정답입력]주차번호판-20250812-58,,,네이버 쇼핑 상품번호 입력하기,N,2025-08-13 15:07:47,9999-12-31 23:59:59,7,18,12,1369869,ADS_CODE_DAILY_UPDATE,2025-08-13 15:07:47
444030,evxVFLc0Li,1596,1218239,3,4,[정답입력]동일식품미니-20250812-59,,,네이버 쇼핑 상품번호 입력하기,N,2025-08-13 15:07:49,9999-12-31 23:59:59,7,18,12,1369869,ADS_CODE_DAILY_UPDATE,2025-08-13 15:07:48
444031,3PSL1DUYjq,1596,1218241,3,4,[정답입력]동일식품미니-20250812-60,,,네이버 쇼핑 상품번호 입력하기,N,2025-08-13 15:07:49,9999-12-31 23:59:59,7,18,12,1369869,ADS_CODE_DAILY_UPDATE,2025-08-13 15:07:49
444032,7QwJAgwZ3d,1596,1218243,3,4,[정답입력]동일식품미니-20250812-61,,,네이버 쇼핑 상품번호 입력하기,N,2025-08-13 15:07:50,9999-12-31 23:59:59,7,18,12,1369869,ADS_CODE_DAILY_UPDATE,2025-08-13 15:07:50
444033,DMTFp0CzqO,1596,1218245,3,4,[정답입력]베르가못NFC20g-20250812-39,,,네이버 쇼핑 상품번호 입력하기,N,2025-08-13 15:07:51,9999-12-31 23:59:59,7,18,12,1369869,ADS_CODE_DAILY_UPDATE,2025-08-13 15:07:50
444034,vMXFSDFV4w,1596,1218247,3,4,[정답입력]베르가못폴리페놀20g-20250812-38,,,네이버 쇼핑 상품번호 입력하기,N,2025-08-13 15:07:52,9999-12-31 23:59:59,7,18,12,1369869,ADS_CODE_DAILY_UPDATE,2025-08-13 15:07:51
444037,1kJBhv4p1M,1655,1218253,3,4,강남고양이분양 나비캣 본점 176049,,,네이버플레이스 퀴즈,N,2025-08-13 15:42:19,9999-12-31 23:59:59,7,18,12,1369869,ADS_CODE_DAILY_UPDATE,2025-08-13 15:42:18
444038,AbGyoaqoU7,1655,1218255,3,4,스퍼스짐 176050,,,네이버플레이스 퀴즈,N,2025-08-13 15:47:18,9999-12-31 23:59:59,7,18,12,1369869,ADS_CODE_DAILY_UPDATE,2025-08-13 15:47:17
444039,zAGRRtYHpM,1655,1218257,3,4,강남고양이분양 나비캣 본점 176051,,,네이버플레이스 퀴즈,N,2025-08-13 15:47:19,9999-12-31 23:59:59,7,18,12,1369869,ADS_CODE_DAILY_UPDATE,2025-08-13 15:47:18
444041,YcWlEoYPMT,1655,1218261,3,4,키튼히얼 고양이분양 김포본점 176053,,,네이버플레이스 퀴즈,N,2025-08-13 15:47:21,9999-12-31 23:59:59,7,18,12,1369869,ADS_CODE_DAILY_UPDATE,2025-08-13 15:47:20
444042,JgDEawYyEA,1655,1218263,3,4,정답 미션 176054,,,일반정답미션,N,2025-08-13 15:52:16,9999-12-31 23:59:59,7,18,12,1369869,ADS_CODE_DAILY_UPDATE,2025-08-13 15:52:16
444043,kj6h59Qw2e,1655,1218265,3,4,키튼히얼 고양이분양 김포본점 176055,,,네이버플레이스 퀴즈,N,2025-08-13 15:52:17,9999-12-31 23:59:59,7,18,12,1369868,ADS_CODE_DAILY_UPDATE,2025-08-13 15:52:17
444047,79JmiT39up,1655,1218273,3,4,네이버쇼핑 정답 미션 175914,,,네이버스마트스토어 퀴즈,N,2025-08-13 16:12:01,9999-12-31 23:59:59,7,18,12,1369868,ADS_CODE_DAILY_UPDATE,2025-08-13 16:12:01
444048,QuSrp29ugn,1655,1218275,3,4,[국내백화점] 에르메스 브리드 어 브랙 네츄럴 아이보리 오렌지 파우치 H104222M 17,,,네이버스마트스토어 퀴즈,N,2025-08-13 16:52:25,9999-12-31 23:59:59,7,18,12,1369868,ADS_CODE_DAILY_UPDATE,2025-08-13 16:52:24
444051,gUt7eFWkdi,1655,1218287,3,4,선일금고 루셀 미니 스마트 내화 비밀 디지털 가정용 메타셀 더블랙 MC-20 BLACK 1,,,네이버스마트스토어 퀴즈,N,2025-08-13 17:52:10,9999-12-31 23:59:59,7,18,12,1369868,ADS_CODE_DAILY_UPDATE,2025-08-13 17:52:10
444052,zSxCciL2cB,1655,1218289,3,4,선일금고 루셀 오비스코 OBISKO-040 지문 가정용 사무용 소형 176068,,,네이버스마트스토어 퀴즈,N,2025-08-13 17:57:13,9999-12-31 23:59:59,7,18,12,1369868,ADS_CODE_DAILY_UPDATE,2025-08-13 17:57:13
444067,9jDrCwCN5j,1655,1218308,3,4,광동 마시는 알부민 플러스 골드 176080,,,네이버스마트스토어 퀴즈,N,2025-08-13 19:17:15,9999-12-31 23:59:59,7,18,12,1369869,ADS_CODE_DAILY_UPDATE,2025-08-13 19:17:14
444068,A2Q3PCc1hG,1655,1218310,3,4,네이버쇼핑 정답 미션 176082,,,네이버스마트스토어 퀴즈,N,2025-08-13 19:31:58,9999-12-31 23:59:59,7,18,12,1369869,ADS_CODE_DAILY_UPDATE,2025-08-13 19:31:58
444079,1TIViF6Bj0,1623,1218332,3,4,대추즙,,,퀴즈 맞추기,N,2025-08-14 00:09:22,9999-12-31 23:59:59,7,15,10,1369869,NONE,2025-08-14 00:09:22
444080,oGwKgGH3xE,1623,1218334,3,4,헛개진액,,,퀴즈 맞추기,N,2025-08-14 00:09:23,9999-12-31 23:59:59,7,15,10,1369869,NONE,2025-08-14 00:09:23
444081,luP5N0cdg2,1623,1218336,3,4,보리차 원액,,,퀴즈 맞추기,N,2025-08-14 00:09:23,9999-12-31 23:59:59,7,15,10,1369869,NONE,2025-08-14 00:09:23
444086,l69LWjR3RP,1623,1218346,3,4,일산가족사진,,,퀴즈 맞추기,N,2025-08-14 00:09:29,9999-12-31 23:59:59,7,15,10,1369869,NONE,2025-08-14 00:09:29
444091,GBCuTTzTkr,82,1218355,3,4,고기동계곡해신호(명소찾기),,,명소 찾기,N,2025-08-14 00:13:46,9999-12-31 23:59:59,7,15,8,1369869,NONE,2025-08-14 00:13:45
444093,v3ALTOOClz,82,1218357,3,4,고기동계곡해신호(전화번호 입력하기),,,전화번호 입력하기,N,2025-08-14 00:13:47,9999-12-31 23:59:59,7,15,8,1369869,NONE,2025-08-14 00:13:46
444094,Or2RcKlReL,82,1218358,3,4,고기동계곡해신호(플레이스 명소 길찾기 거리입력),,,플레이스 길찾기 거리입력,N,2025-08-14 00:13:48,9999-12-31 23:59:59,7,15,8,1369869,NONE,2025-08-14 00:13:47
444108,g3nvi9oDEF,1655,1218373,3,4,진곱창 175958,,,네이버플레이스 퀴즈,N,2025-08-14 00:15:36,9999-12-31 23:59:59,7,18,12,1369869,ADS_CODE_DAILY_UPDATE,2025-08-14 00:15:36
444114,zxS8Bmafag,1655,1218385,3,4,바자르 176043,,,일반정답미션,N,2025-08-14 00:15:42,9999-12-31 23:59:59,7,18,12,1369869,ADS_CODE_DAILY_UPDATE,2025-08-14 00:15:41
444118,ysyAqh71Ip,1655,1218393,3,4,3+1 햄프씨드오일 대마종자유 효능 대마씨유 CBD 파이토 카나비노이드 대마씨 대마유 17,,,네이버스마트스토어 퀴즈,N,2025-08-14 00:15:49,9999-12-31 23:59:59,7,18,12,1369869,ADS_CODE_DAILY_UPDATE,2025-08-14 00:15:49
444119,oxHdAcDmK1,1655,1218395,3,4,레몬버베나 추출물 360정 고함량 히비스커스 레몬밤 치커리 효능 프리미엄 12개월분 176,,,네이버스마트스토어 퀴즈,N,2025-08-14 00:15:50,9999-12-31 23:59:59,7,18,12,1369869,ADS_CODE_DAILY_UPDATE,2025-08-14 00:15:49
444120,OJVBYwLeq2,1655,1218397,3,4,난각막 가수분해물 180정 콘드로이친 보스웰리아 식약처 HACCP 6개월분 176075,,,네이버스마트스토어 퀴즈,N,2025-08-14 00:15:50,9999-12-31 23:59:59,7,18,12,1369869,ADS_CODE_DAILY_UPDATE,2025-08-14 00:15:50
444121,weklfQIbHR,1655,1218399,3,4,알파CD 제로이트 알약 180정 알파시클로덱스트린 씨디 알파시디 효능 고함량 6개월분 17,,,네이버스마트스토어 퀴즈,N,2025-08-14 00:15:51,9999-12-31 23:59:59,7,18,12,1369869,ADS_CODE_DAILY_UPDATE,2025-08-14 00:15:51
444123,GvENPEqTr1,1655,1218403,3,4,알부민 액티브 골드 360정 프리미엄 고함량 맥스 먹는알부민 효능 12개월분 176081,,,네이버스마트스토어 퀴즈,N,2025-08-14 00:15:54,9999-12-31 23:59:59,7,18,12,1369869,ADS_CODE_DAILY_UPDATE,2025-08-14 00:15:53
444131,HJumk8hX8E,82,1218416,3,4,인터내셔널 필라테스(플레이스 명소 길찾기 거리입력),,,플레이스 길찾기 거리입력,N,2025-08-14 01:46:22,9999-12-31 23:59:59,7,15,8,1369869,NONE,2025-08-14 01:46:22
444135,joDuliwHdP,82,1218420,3,4,호시카츠 롯데몰 김포공항점(저장 후 스샷 제출),,,검색 후 저장 스샷 제출,N,2025-08-14 01:46:26,9999-12-31 23:59:59,7,18,8,1369869,NONE,2025-08-14 01:46:25
444138,dbW3ciEakn,1596,1218424,3,4,[정답입력]갤럭시워치8네오프로실리콘-20250812-46,,,네이버 쇼핑 상품번호 입력하기,N,2025-08-14 06:07:59,9999-12-31 23:59:59,7,18,12,1369869,ADS_CODE_DAILY_UPDATE,2025-08-14 06:07:58
444139,4kij3s7zEq,1596,1218426,3,4,[저장하기]광진구하수구막힘정석설비-20250812-49,,,네이버 플레이스 저장하기,N,2025-08-14 06:08:34,9999-12-31 23:59:59,7,20,14,1369869,ADS_CODE_DAILY_UPDATE,2025-08-14 06:08:33
444141,ujgdQQ7AWQ,1596,1218430,3,4,[정답입력]라뉴스퀴시-20250812-41,,,네이버 쇼핑 상품번호 입력하기,N,2025-08-14 06:08:49,9999-12-31 23:59:59,7,18,12,1369869,ADS_CODE_DAILY_UPDATE,2025-08-14 06:08:48
444143,rxHGEyba7m,1596,1218434,3,4,[정답입력]광주 미용학원 에프투엠지,,,네이버 플레이스 장소명 입력하기,N,2025-08-14 06:09:03,9999-12-31 23:59:59,7,18,12,1369869,ADS_CODE_DAILY_UPDATE,2025-08-14 06:09:03
444144,VBoYyPzj5z,1596,1218436,3,4,[정답입력]광안동pt-20250812-57,,,네이버 플레이스 장소명 입력하기,N,2025-08-14 06:12:23,9999-12-31 23:59:59,7,18,12,1369869,ADS_CODE_DAILY_UPDATE,2025-08-14 06:12:22
444145,ZotU4CYBpE,1596,1218438,3,4,[정답입력]삼탠바이미32인치iptv모니터-20250812-30,,,네이버 쇼핑 상품번호 입력하기,N,2025-08-14 06:12:28,9999-12-31 23:59:59,7,18,12,1369869,ADS_CODE_DAILY_UPDATE,2025-08-14 06:12:27
444147,3MhqPunHAh,1596,1218442,3,4,[정답입력] 연신내닭도리탕,,,네이버 플레이스 지도 거리 입력하기,N,2025-08-14 06:12:32,9999-12-31 23:59:59,7,18,12,1369869,ADS_CODE_DAILY_UPDATE,2025-08-14 06:12:32
444148,4UwPmDHKTw,1596,1218444,3,4,[정답입력]삼성50인치스탠드tv-20250812-33,,,네이버 쇼핑 상품번호 입력하기,N,2025-08-14 06:17:31,9999-12-31 23:59:59,7,18,12,1369869,ADS_CODE_DAILY_UPDATE,2025-08-14 06:17:30
444150,gtQDuXgsE3,1596,1218448,3,4,[저장하기]여의도꼬모네-20250812-53,,,네이버 플레이스 저장하기,N,2025-08-14 06:22:18,9999-12-31 23:59:59,7,20,14,1369869,ADS_CODE_DAILY_UPDATE,2025-08-14 06:22:17
444152,v1Cppezanf,1596,1218452,3,4,[정답입력] 강아지알러지사료,,,네이버 상품 해시태그,N,2025-08-14 06:22:25,9999-12-31 23:59:59,7,18,12,1369869,ADS_CODE_DAILY_UPDATE,2025-08-14 06:22:24
444154,2RgzCf8mdG,1596,1218456,3,4,[정답입력] 수원역술집,,,네이버 플레이스 지도 거리 입력하기,N,2025-08-14 06:27:47,9999-12-31 23:59:59,7,18,12,1369869,ADS_CODE_DAILY_UPDATE,2025-08-14 06:27:47
444155,mQ54mIRbys,1596,1218458,3,4,[정답입력] 달서구맛집,,,네이버 플레이스 지도 거리 입력하기,N,2025-08-14 06:27:49,9999-12-31 23:59:59,7,18,12,1369869,ADS_CODE_DAILY_UPDATE,2025-08-14 06:27:49
444156,E8jjxCCuJW,1596,1218460,3,4,[정답입력]SMASH테니스키링키홀더행운-20250813-1,,,네이버 쇼핑 상품번호 입력하기,N,2025-08-14 06:28:02,9999-12-31 23:59:59,7,18,12,1369869,ADS_CODE_DAILY_UPDATE,2025-08-14 06:28:02
444157,TM5fGXI5Lo,1596,1218462,3,4,[정답입력]삼성55인치티비LH55BE-20250812-31,,,네이버 쇼핑 상품번호 입력하기,N,2025-08-14 06:32:20,9999-12-31 23:59:59,7,18,12,1369869,ADS_CODE_DAILY_UPDATE,2025-08-14 06:32:19
444158,eyJfi53ECd,1596,1218464,3,4,[정답입력] 잠실새내역 맛집,,,네이버 플레이스 지도 거리 입력하기,N,2025-08-14 06:32:26,9999-12-31 23:59:59,7,18,12,1369869,ADS_CODE_DAILY_UPDATE,2025-08-14 06:32:25
444159,3YS9mqSPms,1596,1218466,3,4,[정답입력] 기장맛집,,,네이버 플레이스 지도 거리 입력하기,N,2025-08-14 06:32:27,9999-12-31 23:59:59,7,18,12,1369869,ADS_CODE_DAILY_UPDATE,2025-08-14 06:32:27
444161,loeICyN14u,1596,1218470,3,4,[정답입력] 성수동 이자카야,,,네이버 플레이스 리뷰찾기,N,2025-08-14 06:37:31,9999-12-31 23:59:59,7,18,12,1369869,ADS_CODE_DAILY_UPDATE,2025-08-14 06:37:31
444162,oMtBwzELW0,1596,1218472,3,4,[정답입력]삼성75인치스마트tv-20250812-32,,,네이버 쇼핑 상품번호 입력하기,N,2025-08-14 06:37:55,9999-12-31 23:59:59,7,18,12,1369869,ADS_CODE_DAILY_UPDATE,2025-08-14 06:37:54
444165,AxIbji4Wu6,1596,1218478,3,4,[정답입력]전주 덕진동 소고기,,,네이버 플레이스 지도 거리 입력하기,N,2025-08-14 06:47:31,9999-12-31 23:59:59,7,18,12,1369869,ADS_CODE_DAILY_UPDATE,2025-08-14 06:47:31
444167,F5tWimgO5r,1596,1218482,3,4,[정답입력] 유성구 용계동 필라테스,,,네이버 플레이스 지도 거리 입력하기,N,2025-08-14 06:47:36,9999-12-31 23:59:59,7,18,12,1369869,ADS_CODE_DAILY_UPDATE,2025-08-14 06:47:36
444168,ObeFOjXvSd,1596,1218484,3,4,[정답입력]라뉴스트레스볼-20250812-40,,,네이버 쇼핑 상품번호 입력하기,N,2025-08-14 06:52:25,9999-12-31 23:59:59,7,18,12,1369869,ADS_CODE_DAILY_UPDATE,2025-08-14 06:52:24
444169,QFyZpoLY4H,1596,1218486,3,4,[정답입력] 달서구맛집,,,네이버 플레이스 지도 거리 입력하기,N,2025-08-14 06:52:36,9999-12-31 23:59:59,7,18,12,1369869,ADS_CODE_DAILY_UPDATE,2025-08-14 06:52:36
444170,5SdpcuZdTb,1596,1218488,3,4,[정답입력] 서귀포맛집,,,네이버 플레이스 지도 거리 입력하기,N,2025-08-14 06:52:40,9999-12-31 23:59:59,7,18,12,1369869,ADS_CODE_DAILY_UPDATE,2025-08-14 06:52:39
444171,StjOH2VdzM,1596,1218490,3,4,[정답입력]갤럭시워치444mm40mm스트랩네오-20250812-43,,,네이버 쇼핑 상품번호 입력하기,N,2025-08-14 06:52:46,9999-12-31 23:59:59,7,18,12,1369869,ADS_CODE_DAILY_UPDATE,2025-08-14 06:52:46
444172,27oI1TOr1Z,1596,1218492,3,4,[정답입력]갤럭시워치8네오프로마그네틱-20250812-47,,,네이버 쇼핑 상품번호 입력하기,N,2025-08-14 06:57:19,9999-12-31 23:59:59,7,18,12,1369869,ADS_CODE_DAILY_UPDATE,2025-08-14 06:57:19
444174,8Xcbjw26vH,1596,1218496,3,4,[정답입력]평택 피부관리 로라운지,,,네이버 플레이스 장소명 입력하기,N,2025-08-14 06:57:21,9999-12-31 23:59:59,7,18,12,1369869,ADS_CODE_DAILY_UPDATE,2025-08-14 06:57:20
444175,YjS1qGDSXx,1596,1218498,3,4,[정답입력] 노형카페,,,네이버 플레이스 지도 거리 입력하기,N,2025-08-14 06:57:24,9999-12-31 23:59:59,7,18,12,1369869,ADS_CODE_DAILY_UPDATE,2025-08-14 06:57:23
444176,cYuaEgXGHi,1596,1218500,3,4,[정답입력]갤럭시워치8스트랩네오프로-20250812-45,,,네이버 쇼핑 상품번호 입력하기,N,2025-08-14 07:02:14,9999-12-31 23:59:59,7,18,12,1369869,ADS_CODE_DAILY_UPDATE,2025-08-14 07:02:13
444177,l3dWwzPFVk,1596,1218502,3,4,[정답입력]삼성43인치스탠드티비LH43BE-20250812-34,,,네이버 쇼핑 상품번호 입력하기,N,2025-08-14 07:12:24,9999-12-31 23:59:59,7,18,12,1369869,ADS_CODE_DAILY_UPDATE,2025-08-14 07:12:24
444178,fXo8Gm4XQx,1596,1218504,3,4,[정답입력]아이패드10세대필름-20250812-44,,,네이버 쇼핑 상품번호 입력하기,N,2025-08-14 07:12:28,9999-12-31 23:59:59,7,18,12,1369869,ADS_CODE_DAILY_UPDATE,2025-08-14 07:12:28
444179,0AnYZodh3j,1596,1218506,3,4,[정답입력] 속초맛집,,,네이버 플레이스 지도 거리 입력하기,N,2025-08-14 07:17:14,9999-12-31 23:59:59,7,18,12,1369869,ADS_CODE_DAILY_UPDATE,2025-08-14 07:17:13
444180,odU6xaoQHi,1596,1218508,3,4,[저장하기]안산회맛집-20250812-48,,,네이버 플레이스 저장하기,N,2025-08-14 07:22:32,9999-12-31 23:59:59,7,20,14,1369869,ADS_CODE_DAILY_UPDATE,2025-08-14 07:22:31
444181,EWNN02SSGx,1596,1218510,3,4,[정답입력] 달서구맛집,,,네이버 플레이스 지도 거리 입력하기,N,2025-08-14 07:32:26,9999-12-31 23:59:59,7,18,12,1369869,ADS_CODE_DAILY_UPDATE,2025-08-14 07:32:25
444182,ezuSApGSOq,1596,1218512,3,4,[정답입력] 도곡동맛집,,,네이버 플레이스 지도 거리 입력하기,N,2025-08-14 07:32:27,9999-12-31 23:59:59,7,18,12,1369869,ADS_CODE_DAILY_UPDATE,2025-08-14 07:32:27
444185,DvltmMOeMM,1596,1218518,3,4,[정답입력]스마트tvLH55BE으뜸효율-20250812-29,,,네이버 쇼핑 상품번호 입력하기,N,2025-08-14 07:42:28,9999-12-31 23:59:59,7,18,12,1369869,ADS_CODE_DAILY_UPDATE,2025-08-14 07:42:27
444186,BygrWzPqaA,1596,1218520,3,4,[정답입력] 구월동술집,,,네이버 플레이스 지도 거리 입력하기,N,2025-08-14 07:42:33,9999-12-31 23:59:59,7,18,12,1369869,ADS_CODE_DAILY_UPDATE,2025-08-14 07:42:33
444187,A9Xva2Fz3e,1596,1218522,3,4,[정답입력]스마트tvLH43BE으뜸효율-20250812-28,,,네이버 쇼핑 상품번호 입력하기,N,2025-08-14 07:47:32,9999-12-31 23:59:59,7,18,12,1369869,ADS_CODE_DAILY_UPDATE,2025-08-14 07:47:32
444189,I0HmtgBQ5Y,82,1218526,3,4,함흥막국수(저장 후 스샷 제출),,,검색 후 저장 스샷 제출,N,2025-08-14 08:08:12,9999-12-31 23:59:59,7,18,8,1369869,NONE,2025-08-14 08:08:11
444197,ECz219vO79,82,1218535,3,4,애채 합정(구경하기),,,네이버맵 안내시작 클릭,N,2025-08-14 08:12:57,9999-12-31 23:59:59,7,15,8,1369869,NONE,2025-08-14 08:12:56
444198,DVaJcLK8z7,82,1218536,3,4,큐티파이(구경하기),,,네이버맵 안내시작 클릭,N,2025-08-14 08:12:57,9999-12-31 23:59:59,7,15,8,1369869,NONE,2025-08-14 08:12:57
444201,JqTj1vvAsl,82,1218539,3,4,37.5 김해주촌신도시점(구경하기),,,네이버맵 안내시작 클릭,N,2025-08-14 08:13:00,9999-12-31 23:59:59,7,15,8,1369869,NONE,2025-08-14 08:13:00
444236,dui9oaq1Sn,82,1218599,3,4,라플로르드무아 (네이버맵 저장 후 길찾기_앱 설치 필수),,,네이버맵 저장 후 길찾기,N,2025-08-14 10:37:14,9999-12-31 23:59:59,7,18,8,1369869,NONE,2025-08-14 10:37:14
444238,F2BOuTfBvI,82,1218601,3,4,게이밍 컴퓨터의자 (리뷰 전체보기 클릭 후 URL 제출),,,리뷰 전체보기 클릭 후 URL 제출,N,2025-08-14 10:37:16,9999-12-31 23:59:59,7,17,8,1369869,NONE,2025-08-14 10:37:15
444240,h9J7X2mkLF,82,1218603,3,4,서울미라클피부과의원 (블로그 리뷰 클릭 후 플레이스 저장),,,블로그 리뷰 클릭 후 플레이스 저장,N,2025-08-14 10:37:17,9999-12-31 23:59:59,7,19,8,1369869,NONE,2025-08-14 10:37:16
444244,Q2VrsdFOBp,1671,1218607,3,8,국가통합바이오빅데이터구축사업 참여 사전신청,,,참여자 사전 신청,N,2025-08-14 11:00:00,2025-08-31 00:00:00,7,2000,1000,2761100,NONE,2025-08-14 11:18:26
444245,xrHNbLPZrV,1655,1218609,3,4,로테이션소개팅 서울 강남 솔로 직장인 커피 소개팅 프로그램 러브매칭 [연령대/직업검증강화],,,네이버스마트스토어 퀴즈,N,2025-08-14 11:32:28,9999-12-31 23:59:59,7,18,12,1369936,ADS_CODE_DAILY_UPDATE,2025-08-14 11:32:28
444246,P9IE6HT2D4,1655,1218611,3,4,서랍 매트 싱크대 주방 선반 정리 깔개 오염방지 30x150 176169,,,네이버스마트스토어 퀴즈,N,2025-08-14 11:32:29,9999-12-31 23:59:59,7,18,12,1369936,ADS_CODE_DAILY_UPDATE,2025-08-14 11:32:29
444248,deWUF4vRo3,84,1218617,1,1,알바일주,,,받기,N,2025-08-14 00:00:00,2025-08-19 00:00:00,1,190,120,2757600,NONE,2025-08-14 11:41:04
444255,qbrz9ew1II,1655,1218627,3,4,감사패 상패 부모님감사패 트로피 퇴직선물 공로패 제작 DJ040 소 176171,,,네이버스마트스토어 퀴즈,N,2025-08-14 12:27:32,9999-12-31 23:59:59,7,18,12,1369936,ADS_CODE_DAILY_UPDATE,2025-08-14 12:27:31
444256,aIFivQ7Id3,1655,1218629,3,4,크리스탈 감사패 부모님 정년퇴임 상패 공로패 기념패 제작 UD002 소 176172,,,네이버스마트스토어 퀴즈,N,2025-08-14 12:27:33,9999-12-31 23:59:59,7,18,12,1369936,ADS_CODE_DAILY_UPDATE,2025-08-14 12:27:32
444258,1PFKjsYDZb,318,1218633,3,4,메리네 라비앙독 1.8kg 맞추기 8.14,,,퀴즈 맞추기,N,2025-08-14 13:07:29,9999-12-31 23:59:59,7,16,11,1369936,NONE,2025-08-14 13:07:28
444276,CvT8FeTOXD,1655,1218657,3,4,하수구막힘 176181,,,네이버플레이스 퀴즈,N,2025-08-14 14:07:31,9999-12-31 23:59:59,7,18,12,1369936,ADS_CODE_DAILY_UPDATE,2025-08-14 14:07:31
444277,bkB3OM9Qgd,1655,1218659,3,4,하수구막힘 176183,,,네이버플레이스 퀴즈,N,2025-08-14 14:07:32,9999-12-31 23:59:59,7,18,12,1369936,ADS_CODE_DAILY_UPDATE,2025-08-14 14:07:32
444280,5n37FSSWQz,1655,1218664,3,4,하수구막힘 176184,,,네이버플레이스 퀴즈,N,2025-08-14 14:12:59,9999-12-31 23:59:59,7,18,12,1369936,ADS_CODE_DAILY_UPDATE,2025-08-14 14:12:59
444282,Rr62ytk25q,1655,1218669,3,4,하수구막힘 176267,,,네이버플레이스 퀴즈,N,2025-08-14 14:22:27,9999-12-31 23:59:59,7,18,12,1369936,ADS_CODE_DAILY_UPDATE,2025-08-14 14:22:27
444283,hXSD5Q7jMQ,1655,1218671,3,4,하수구막힘 176268,,,네이버플레이스 퀴즈,N,2025-08-14 14:22:28,9999-12-31 23:59:59,7,18,12,1369936,ADS_CODE_DAILY_UPDATE,2025-08-14 14:22:28
444285,Lpy2PgGYBy,1655,1218674,3,4,하수구막힘 176269,,,네이버플레이스 퀴즈,N,2025-08-14 14:27:13,9999-12-31 23:59:59,7,18,12,1369936,ADS_CODE_DAILY_UPDATE,2025-08-14 14:27:13
444286,BRLvwF1YJe,1655,1218677,3,4,하수구막힘 176351,,,네이버플레이스 퀴즈,N,2025-08-14 14:32:16,9999-12-31 23:59:59,7,18,12,1369936,ADS_CODE_DAILY_UPDATE,2025-08-14 14:32:15
444287,SdbS9ZqQii,1655,1218679,3,4,고려은단 이뮨샷 176352,,,일반정답미션,N,2025-08-14 14:42:25,9999-12-31 23:59:59,7,18,12,1369936,ADS_CODE_DAILY_UPDATE,2025-08-14 14:42:24
444349,WX4BWfxRA8,1658,1222288,2,2,조조의 꿈,,,최초 오픈,N,2025-08-14 00:00:00,2025-08-23 00:00:00,2,280,180,2763400,NONE,2025-08-14 15:33:00
444350,WX4BWfxRA8,1658,1222287,1,1,조조의 꿈,,,받기,N,2025-08-14 00:00:00,2025-08-23 00:00:00,2,180,120,2763600,NONE,2025-08-14 15:33:36
444353,QnupdxggWM,82,1218803,3,4,남양주맛집 이대감 소머리국밥 (블로그 리뷰 클릭 후 플레이스 저장),,,블로그 리뷰 클릭 후 플레이스 저장,N,2025-08-14 15:42:10,9999-12-31 23:59:59,7,19,8,1369936,NONE,2025-08-14 15:42:10
444355,5X7vU4Uuhw,1623,1218805,3,4,여성 여름 셔츠,,,퀴즈 맞추기,N,2025-08-14 15:44:28,9999-12-31 23:59:59,7,15,10,1369882,NONE,2025-08-14 15:44:28
444361,zAStyLJzyr,1673,1218883,3,8,커넥트 CONNECT (남성),20세 ~ 34세,,신규 가입 승인 완료 후 추가 정보 기입,N,2025-08-14 16:00:00,2029-11-28 00:00:00,2,1600,1000,2762300,NONE,2025-08-14 16:27:07
444364,WY7B1n5hs1,1673,1218894,3,8,커넥트 CONNECT (남성),20세 ~ 34세,,신규 가입 승인 완료 후 추가 정보 기입,N,2025-08-14 17:00:00,2029-11-28 00:00:00,1,1600,1000,2762000,NONE,2025-08-14 16:27:39
444366,9c2VPKmeC0,82,1218884,3,4,아화전통국수 보문직영점(구경하기),,,네이버맵 안내시작 클릭,N,2025-08-14 17:12:18,9999-12-31 23:59:59,7,15,8,1369879,NONE,2025-08-14 17:12:18
444368,WpAl9DpRtT,1655,1218890,3,4,미즈노 풋살화 모나르시다 네오 3 셀렉트 AS TF 터프화 176393,,,네이버스마트스토어 퀴즈,N,2025-08-14 17:42:24,9999-12-31 23:59:59,7,18,12,1369877,ADS_CODE_DAILY_UPDATE,2025-08-14 17:42:23
444369,zAStyLJzyr,1673,1218907,3,8,커넥트 CONNECT (여성),20세 ~ 34세,,신규 가입 승인 완료 후 추가 정보 기입,N,2025-08-14 18:00:00,2029-11-28 00:00:00,2,1600,1000,2762100,NONE,2025-08-14 18:20:15
444370,WY7B1n5hs1,1673,1218908,3,8,커넥트 CONNECT (여성),20세 ~ 34세,,신규 가입 승인 완료 후 추가 정보 기입,N,2025-08-14 18:00:00,2029-11-28 00:00:00,1,1600,1000,2761800,NONE,2025-08-14 18:22:01
444375,PUBIruEbo2,1655,1218915,3,4,네오피지 블랙캣 선상 쭈꾸미 낚시대 갑오징어 로드 쭈갑 176398,,,네이버스마트스토어 퀴즈,N,2025-08-14 19:37:27,9999-12-31 23:59:59,7,18,12,1369936,ADS_CODE_DAILY_UPDATE,2025-08-14 19:37:27
444376,nVqJFeuW0O,1655,1218917,3,4,네오피지 스나이퍼 선상 쭈꾸미 낚시대 갑오징어 로드 쭈갑 176399,,,네이버스마트스토어 퀴즈,N,2025-08-14 19:42:23,9999-12-31 23:59:59,7,18,12,1369936,ADS_CODE_DAILY_UPDATE,2025-08-14 19:42:23
444377,jWa1aDraPw,1655,1218919,3,4,주방타일 불연 쿼츠보드 모자이크 폴리싱 주방 벽 타일 NQ 1001 아크로 폭600mm 1,,,네이버스마트스토어 퀴즈,N,2025-08-14 20:08:21,9999-12-31 23:59:59,7,18,12,1369936,ADS_CODE_DAILY_UPDATE,2025-08-14 20:08:20
444378,FZ8QVAZtac,1655,1218921,3,4,아트월 BIY 패키지 방수보드 벽 인테리어 셀프 시공 거실 항균 판넬 판도라스톤 5장 17,,,네이버스마트스토어 퀴즈,N,2025-08-14 20:08:28,9999-12-31 23:59:59,7,18,12,1369936,ADS_CODE_DAILY_UPDATE,2025-08-14 20:08:28
444381,OfZRMo2yjE,318,1218927,3,4,떡볶이택배 맞추기 7.25,,,퀴즈 맞추기,N,2025-08-15 00:12:28,9999-12-31 23:59:59,7,16,11,1369936,NONE,2025-08-15 00:12:27
444384,0u4pmwznE6,82,1218932,3,4,하치로돈부리 서현본점 (네이버맵 공유 URL 입력),,,네이버맵 공유 URL 입력,N,2025-08-15 00:12:42,9999-12-31 23:59:59,7,16,8,1369936,NONE,2025-08-15 00:12:41
444414,x91tS6rAmK,82,1218962,3,4,연남 초야(플레이스 명소 길찾기 거리입력),,,플레이스 길찾기 거리입력,N,2025-08-15 00:13:10,9999-12-31 23:59:59,7,15,8,1369936,NONE,2025-08-15 00:13:10
444420,O4cM8oc8it,1623,1218973,3,4,진정마스크팩,,,퀴즈 맞추기,N,2025-08-15 00:14:37,9999-12-31 23:59:59,7,15,10,1369936,NONE,2025-08-15 00:14:37
444421,kneFOQewvo,1623,1218975,3,4,미백마스크팩,,,퀴즈 맞추기,N,2025-08-15 00:14:38,9999-12-31 23:59:59,7,15,10,1369936,NONE,2025-08-15 00:14:37
444422,DDcV0cWSrB,1623,1218977,3,4,용융소금,,,퀴즈 맞추기,N,2025-08-15 00:14:39,9999-12-31 23:59:59,7,15,10,1369936,NONE,2025-08-15 00:14:38
444428,90clvBkaEo,1655,1218985,3,4,솔솥 남부터미널점 176363,,,네이버플레이스 퀴즈,N,2025-08-15 00:21:05,9999-12-31 23:59:59,7,18,12,1369936,ADS_CODE_DAILY_UPDATE,2025-08-15 00:21:04
444429,fFfw9vyblV,1655,1218987,3,4,알파시디 알파CD 알파시클로덱스트 2박스 60포(8주분) 파인애플맛 176366,,,네이버스마트스토어 퀴즈,N,2025-08-15 00:21:05,9999-12-31 23:59:59,7,18,12,1369936,ADS_CODE_DAILY_UPDATE,2025-08-15 00:21:05
444430,359JB205xS,1655,1218989,3,4,길동한우마을 176370,,,네이버플레이스 퀴즈,N,2025-08-15 00:21:06,9999-12-31 23:59:59,7,18,12,1369936,ADS_CODE_DAILY_UPDATE,2025-08-15 00:21:06
444431,ileyTpRuiv,1655,1218991,3,4,"엑씨 파비스 힌지보호 맥세이프 풀커버 휴대폰 케이스 핑크, 갤럭시Z 플립7 176412",,,네이버스마트스토어 퀴즈,N,2025-08-15 00:21:09,9999-12-31 23:59:59,7,18,12,1369936,ADS_CODE_DAILY_UPDATE,2025-08-15 00:21:08
444432,2JOoRdLBSF,1655,1218993,3,4,엑세스스튜디오 176413,,,일반정답미션,N,2025-08-15 00:21:10,9999-12-31 23:59:59,7,18,12,1369936,ADS_CODE_DAILY_UPDATE,2025-08-15 00:21:09
444433,JEe4udGjYn,1655,1218995,3,4,차량용 방향제 176415,,,일반정답미션,N,2025-08-15 00:21:10,9999-12-31 23:59:59,7,18,12,1369936,ADS_CODE_DAILY_UPDATE,2025-08-15 00:21:10
444434,2HDFxmTWLd,1655,1218997,3,4,차량용 방향제 176416,,,일반정답미션,N,2025-08-15 00:21:11,9999-12-31 23:59:59,7,18,12,1369936,ADS_CODE_DAILY_UPDATE,2025-08-15 00:21:11
444435,sCm7r4a46s,1655,1218999,3,4,골프네임택+볼마커 176418,,,일반정답미션,N,2025-08-15 00:21:12,9999-12-31 23:59:59,7,18,12,1369936,ADS_CODE_DAILY_UPDATE,2025-08-15 00:21:12
444436,9Ewd8h8EGV,1655,1219001,3,4,엑세스스튜디오 176419,,,일반정답미션,N,2025-08-15 00:21:13,9999-12-31 23:59:59,7,18,12,1369936,ADS_CODE_DAILY_UPDATE,2025-08-15 00:21:13
444437,r8dvDRXWni,1655,1219003,3,4,엑세스스튜디오 176420,,,일반정답미션,N,2025-08-15 00:21:14,9999-12-31 23:59:59,7,18,12,1369936,ADS_CODE_DAILY_UPDATE,2025-08-15 00:21:13
444440,2I3Gp3d9Lh,1655,1219009,3,4,허뮤즈헤어 176411,,,네이버플레이스 저장하기 미션,N,2025-08-15 00:21:23,9999-12-31 23:59:59,7,28,20,1369936,NONE,2025-08-15 00:21:23
444446,iw3nAuTICT,1596,1219016,3,4,[정답입력]갤럭시워치344mm40mm스트랩네오-20250812-42,,,네이버 쇼핑 상품번호 입력하기,N,2025-08-15 06:07:51,9999-12-31 23:59:59,7,18,12,1369936,ADS_CODE_DAILY_UPDATE,2025-08-15 06:07:51
444448,8TjCGQxAA1,1596,1219020,3,4,[저장하기]홍대소각커피-20250812-55,,,네이버 플레이스 저장하기,N,2025-08-15 06:52:29,9999-12-31 23:59:59,7,20,14,1369936,ADS_CODE_DAILY_UPDATE,2025-08-15 06:52:29
444461,7rcBD1KvU0,318,1219044,3,4,코인비엠에스 갤럭시북K71AR  맞추기 8.15,,,퀴즈 맞추기,N,2025-08-15 10:12:26,9999-12-31 23:59:59,7,16,11,1369936,NONE,2025-08-15 10:12:26
444462,isTi6k2m2l,318,1219046,3,4,동동마켓의 엘리카 핏 60 맞추기 8.15,,,퀴즈 맞추기,N,2025-08-15 10:12:36,9999-12-31 23:59:59,7,16,11,1369936,NONE,2025-08-15 10:12:36
444480,hAPkIXq6Kr,1655,1219081,3,4,정답 미션 176574,,,일반정답미션,N,2025-08-15 10:37:47,9999-12-31 23:59:59,7,18,12,1369936,ADS_CODE_DAILY_UPDATE,2025-08-15 10:37:47
444481,yej0N2E4g5,82,1219083,3,4,솔솥 대학로점 (블로그 리뷰 클릭 후 플레이스 저장),,,블로그 리뷰 클릭 후 플레이스 저장,N,2025-08-15 10:47:19,9999-12-31 23:59:59,7,19,8,1369936,NONE,2025-08-15 10:47:19
444485,tdPGvXT5e5,82,1219090,3,4,성모더원신경외과의원 (블로그 리뷰 클릭 후 플레이스 저장),,,블로그 리뷰 클릭 후 플레이스 저장,N,2025-08-15 11:03:09,9999-12-31 23:59:59,7,19,8,1369936,NONE,2025-08-15 11:03:09
444488,T2Rj8D7Q9a,82,1219093,3,4,인터내셔널 필라테스 (블로그 리뷰 클릭 후 플레이스 저장),,,블로그 리뷰 클릭 후 플레이스 저장,N,2025-08-15 11:03:11,9999-12-31 23:59:59,7,19,8,1369936,NONE,2025-08-15 11:03:11
444489,expH0lN88x,82,1219094,3,4,제일법무사XXX (블로그 리뷰 클릭 후 플레이스 저장),,,블로그 리뷰 클릭 후 플레이스 저장,N,2025-08-15 11:07:24,9999-12-31 23:59:59,7,19,8,1369936,NONE,2025-08-15 11:07:23
444494,WCfzzmWM14,1655,1219102,3,4,미니가습기 USB 사무실 휴대용 가습기 176598,,,네이버스마트스토어 퀴즈,N,2025-08-15 11:22:43,9999-12-31 23:59:59,7,18,12,1369936,ADS_CODE_DAILY_UPDATE,2025-08-15 11:22:43
444496,Cj1YOx5XJB,1655,1219105,3,4,무첨가땅콩버터 피넛버터크런치 100% 사과 땅콩잼 200g 176603,,,네이버스마트스토어 퀴즈,N,2025-08-15 12:10:39,9999-12-31 23:59:59,7,18,12,1369936,ADS_CODE_DAILY_UPDATE,2025-08-15 12:10:39
444504,XEQMRAV9a3,318,1219116,3,4,43인치스탠바이미 맞추기 8.15,,,퀴즈 맞추기,N,2025-08-15 13:07:29,9999-12-31 23:59:59,7,16,11,1369936,NONE,2025-08-15 13:07:29
444505,2XG5b6ZMfB,1655,1219118,3,4,울산식당 176604,,,네이버플레이스 저장하기 미션,N,2025-08-15 13:07:43,9999-12-31 23:59:59,7,28,20,1369936,NONE,2025-08-15 13:07:43
444508,Wc03O8nDZP,1655,1219123,3,4,"연동사진관, 연관 176684",,,네이버플레이스 퀴즈,N,2025-08-15 14:22:27,9999-12-31 23:59:59,7,18,12,1369936,ADS_CODE_DAILY_UPDATE,2025-08-15 14:22:26
444509,g4WDw37SUM,318,1219125,3,4,네오프렌구명조끼 맞추기 8.15,,,퀴즈 맞추기,N,2025-08-15 15:02:24,9999-12-31 23:59:59,7,16,11,1369936,NONE,2025-08-15 15:02:24
444577,YY5xM00EDh,1631,1219261,3,4,캄왁싱,,,정답입력,N,2025-08-15 18:42:22,9999-12-31 23:59:59,7,16,10,1369936,ADS_CODE_DAILY_UPDATE,2025-08-15 18:42:21
444579,nwnbKnRaUQ,82,1219263,3,4,명함제작 (리뷰 전체보기 클릭 후 URL 제출),,,리뷰 전체보기 클릭 후 URL 제출,N,2025-08-15 19:12:02,9999-12-31 23:59:59,7,17,8,1369936,NONE,2025-08-15 19:12:02
444580,chfDegRrYF,1655,1219264,3,4,정원갈비 김포본점 176696,,,네이버플레이스 저장하기 미션,N,2025-08-15 19:51:57,9999-12-31 23:59:59,7,28,20,1369936,NONE,2025-08-15 19:51:57
444581,qJFufSdJuL,1655,1219266,3,4,클로앤 코 교정기 슬림 코뽕 코노피카 코높이 휜코 코틸리지 복코 콧볼 교정 코집게 키트 1,,,네이버스마트스토어 퀴즈,N,2025-08-15 20:22:15,9999-12-31 23:59:59,7,18,12,1369936,ADS_CODE_DAILY_UPDATE,2025-08-15 20:22:14
444593,ssD7SwjQmO,1623,1219284,3,4,리플렛,,,퀴즈 맞추기,N,2025-08-16 00:15:15,9999-12-31 23:59:59,7,15,10,1369936,NONE,2025-08-16 00:15:15
444600,0e2ibR2YoW,1623,1219298,3,4,개완,,,퀴즈 맞추기,N,2025-08-16 00:15:22,9999-12-31 23:59:59,7,15,10,1369936,NONE,2025-08-16 00:15:22
444606,TTHDRoPgDy,1623,1219310,3,4,고양이디퓨저,,,퀴즈 맞추기,N,2025-08-16 00:15:29,9999-12-31 23:59:59,7,15,10,1369936,NONE,2025-08-16 00:15:29
444607,aysWJeOtCn,1623,1219312,3,4,룸스프레이,,,퀴즈 맞추기,N,2025-08-16 00:15:30,9999-12-31 23:59:59,7,15,10,1369936,NONE,2025-08-16 00:15:30
444608,wq81kBgvFu,1623,1219314,3,4,전자저울,,,퀴즈 맞추기,N,2025-08-16 00:15:31,9999-12-31 23:59:59,7,15,10,1369936,NONE,2025-08-16 00:15:31
444609,5ZDBdVqs2t,1623,1219316,3,4,하수구트랩,,,퀴즈 맞추기,N,2025-08-16 00:15:33,9999-12-31 23:59:59,7,15,10,1369936,NONE,2025-08-16 00:15:32
444610,hSiPpst4cw,1623,1219318,3,4,차량용방향제,,,퀴즈 맞추기,N,2025-08-16 00:15:34,9999-12-31 23:59:59,7,15,10,1369936,NONE,2025-08-16 00:15:34
444611,gPdeFDglyl,1623,1219320,3,4,디퓨저,,,퀴즈 맞추기,N,2025-08-16 00:15:36,9999-12-31 23:59:59,7,15,10,1369936,NONE,2025-08-16 00:15:36
444612,VtBZvfvbOm,1623,1219322,3,4,디퓨저,,,퀴즈 맞추기,N,2025-08-16 00:15:38,9999-12-31 23:59:59,7,15,10,1369936,NONE,2025-08-16 00:15:37
444613,Lv6uAkcud5,1623,1219324,3,4,방수액,,,퀴즈 맞추기,N,2025-08-16 00:15:39,9999-12-31 23:59:59,7,15,10,1369936,NONE,2025-08-16 00:15:39
444614,gAJ0ePDB23,1623,1219326,3,4,차열페인트,,,퀴즈 맞추기,N,2025-08-16 00:15:41,9999-12-31 23:59:59,7,15,10,1369936,NONE,2025-08-16 00:15:40
444615,mNlomWJXyY,1623,1219328,3,4,규조토페인트,,,퀴즈 맞추기,N,2025-08-16 00:15:41,9999-12-31 23:59:59,7,15,10,1369936,NONE,2025-08-16 00:15:41
444617,HbAQbfgegX,1623,1219332,3,4,유럽미장셀프,,,퀴즈 맞추기,N,2025-08-16 00:15:43,9999-12-31 23:59:59,7,15,10,1369936,NONE,2025-08-16 00:15:43
444618,XJk9yNV9lJ,1623,1219334,3,4,유럽미장외부,,,퀴즈 맞추기,N,2025-08-16 00:15:44,9999-12-31 23:59:59,7,15,10,1369936,NONE,2025-08-16 00:15:43
444620,EOBEeckB8G,1623,1219338,3,4,유럽미장,,,퀴즈 맞추기,N,2025-08-16 00:15:45,9999-12-31 23:59:59,7,15,10,1369936,NONE,2025-08-16 00:15:45
444621,YUQ9SELoCw,1623,1219340,3,4,벽지페인트,,,퀴즈 맞추기,N,2025-08-16 00:15:46,9999-12-31 23:59:59,7,15,10,1369936,NONE,2025-08-16 00:15:46
444622,xYY8462jA9,1623,1219342,3,4,황토볼,,,퀴즈 맞추기,N,2025-08-16 00:15:47,9999-12-31 23:59:59,7,15,10,1369936,NONE,2025-08-16 00:15:47
444624,zG5GEMKQ2M,1623,1219346,3,4,유럽미장,,,퀴즈 맞추기,N,2025-08-16 00:15:49,9999-12-31 23:59:59,7,15,10,1369936,NONE,2025-08-16 00:15:48
444625,O3C5p0ANqM,1655,1219348,3,4,제로네이트 176395,,,일반정답미션,N,2025-08-16 00:21:52,9999-12-31 23:59:59,7,18,12,1369936,ADS_CODE_DAILY_UPDATE,2025-08-16 00:21:52
444626,UgvxHgyr74,1655,1219350,3,4,위너핏 남자 어깨뽕 반팔티 남자 보정속옷 176681,,,네이버스마트스토어 퀴즈,N,2025-08-16 00:22:04,9999-12-31 23:59:59,7,18,12,1369936,ADS_CODE_DAILY_UPDATE,2025-08-16 00:22:04
444627,zPokCwH2eE,1655,1219352,3,4,두리펀 더블퀵 빨래건조대 6단 와이드 이불봉 튼튼한 이동접이식 특대형 스텐 176691,,,네이버스마트스토어 퀴즈,N,2025-08-16 00:22:06,9999-12-31 23:59:59,7,18,12,1369936,ADS_CODE_DAILY_UPDATE,2025-08-16 00:22:06
444628,v1hvswtV1I,1655,1219354,3,4,글리세린 없는 러브 수용성 마사지 젤 제리 관계개선 애니타임 퓨어젤 잴 252ml 12팩,,,네이버스마트스토어 퀴즈,N,2025-08-16 00:22:07,9999-12-31 23:59:59,7,18,12,1369936,ADS_CODE_DAILY_UPDATE,2025-08-16 00:22:07
444656,kPGbJ3lt7f,1655,1219409,3,4,네이버쇼핑 정답 미션 176812,,,네이버스마트스토어 퀴즈,N,2025-08-16 09:37:10,9999-12-31 23:59:59,7,18,12,1369936,ADS_CODE_DAILY_UPDATE,2025-08-16 09:37:09
444657,BfcVdvVHnq,318,1219411,3,4,동동마켓 리브라 에보 맞추기 8.16,,,퀴즈 맞추기,N,2025-08-16 10:07:13,9999-12-31 23:59:59,7,16,11,1369936,NONE,2025-08-16 10:07:13
444658,iHPVAKxmDn,318,1219413,3,4,동동마켓의 벨벳60 맞추기 8.16,,,퀴즈 맞추기,N,2025-08-16 10:12:13,9999-12-31 23:59:59,7,16,11,1369936,NONE,2025-08-16 10:12:12
444659,TYy2Ow4OMd,1655,1219415,3,4,타이탄트랙 등산스틱 접이식 등산용지팡이 스틱 두랄루민 176837,,,네이버스마트스토어 퀴즈,N,2025-08-16 11:08:01,9999-12-31 23:59:59,7,18,12,1369936,ADS_CODE_DAILY_UPDATE,2025-08-16 11:08:00
444661,gsbQuh53Fw,1655,1219418,3,4,지니살롱 수지신봉점 176839,,,네이버플레이스 퀴즈,N,2025-08-16 11:27:13,9999-12-31 23:59:59,7,18,12,1369936,ADS_CODE_DAILY_UPDATE,2025-08-16 11:27:12
444662,MQxN4JHjd9,1655,1219420,3,4,지니살롱 176840,,,네이버플레이스 퀴즈,N,2025-08-16 11:32:15,9999-12-31 23:59:59,7,18,12,1369936,ADS_CODE_DAILY_UPDATE,2025-08-16 11:32:15
444664,OnHSlqSqjJ,1655,1219423,3,4,몬스타기어 176924,,,일반정답미션,N,2025-08-16 12:32:50,9999-12-31 23:59:59,7,18,12,1369936,ADS_CODE_DAILY_UPDATE,2025-08-16 12:32:50
444665,C9lIJps3fm,1655,1219425,3,4,몬스타기어 176925,,,일반정답미션,N,2025-08-16 12:32:51,9999-12-31 23:59:59,7,18,12,1369936,ADS_CODE_DAILY_UPDATE,2025-08-16 12:32:51
444666,qJ0WhgUOYA,1655,1219427,3,4,몬스타기어 176926,,,일반정답미션,N,2025-08-16 12:37:26,9999-12-31 23:59:59,7,18,12,1369936,ADS_CODE_DAILY_UPDATE,2025-08-16 12:37:26
444667,zWiejasc3N,1655,1219429,3,4,몬스타기어 176927,,,일반정답미션,N,2025-08-16 12:42:19,9999-12-31 23:59:59,7,18,12,1369936,ADS_CODE_DAILY_UPDATE,2025-08-16 12:42:18
444668,jBwqihB6qz,1655,1219431,3,4,몬스타기어 176928,,,일반정답미션,N,2025-08-16 12:42:19,9999-12-31 23:59:59,7,18,12,1369936,ADS_CODE_DAILY_UPDATE,2025-08-16 12:42:19
444669,h6dpNEWfv6,1655,1219433,3,4,몬스타기어 176930,,,일반정답미션,N,2025-08-16 12:47:33,9999-12-31 23:59:59,7,18,12,1369936,ADS_CODE_DAILY_UPDATE,2025-08-16 12:47:33
444670,okRNF2oxTg,1655,1219435,3,4,몬스타기어 176931,,,일반정답미션,N,2025-08-16 12:47:34,9999-12-31 23:59:59,7,18,12,1369936,ADS_CODE_DAILY_UPDATE,2025-08-16 12:47:33
444671,A3hwjGUkBB,1655,1219437,3,4,몬스타기어 176932,,,일반정답미션,N,2025-08-16 12:47:35,9999-12-31 23:59:59,7,18,12,1369936,ADS_CODE_DAILY_UPDATE,2025-08-16 12:47:34
444672,sNyxjPL385,318,1219439,3,4,논가스용접기 200프로 맞추기 8.16,,,퀴즈 맞추기,N,2025-08-16 13:07:34,9999-12-31 23:59:59,7,16,11,1369936,NONE,2025-08-16 13:07:34
444673,Nfyz3UnIkW,318,1219441,3,4,라셀르간냉식 1등급업소용냉장고 맞추기 8.16,,,퀴즈 맞추기,N,2025-08-16 13:07:36,9999-12-31 23:59:59,7,16,11,1369936,NONE,2025-08-16 13:07:36
444677,t5otUY8Tye,82,1219448,3,4,영스필라테스 서울대입구역점 (플레이스 URL 입력),,,플레이스 URL 입력,N,2025-08-16 13:08:01,9999-12-31 23:59:59,7,15,8,1369936,NONE,2025-08-16 13:08:01
444682,yJVek5dOjv,318,1219457,3,4,용가리전자담배 제우스서브옴 코일 맞추기 8.16,,,퀴즈 맞추기,N,2025-08-16 15:07:17,9999-12-31 23:59:59,7,18,12,1369936,NONE,2025-08-16 15:07:16
444699,Ieq6m4ZnZm,318,1219488,3,4,프랭클린 이염방지시트 맞추기 8.16,,,퀴즈 맞추기,N,2025-08-16 17:07:26,9999-12-31 23:59:59,7,18,12,1369936,NONE,2025-08-16 17:07:26
444700,LBwrnag0oT,318,1219490,3,4,용가리전자담배 베이포레소에이 맞추기 8.16,,,퀴즈 맞추기,N,2025-08-16 17:12:15,9999-12-31 23:59:59,7,18,12,1369936,NONE,2025-08-16 17:12:15
444703,SG8n2W3KKq,1655,1219494,3,4,반츠 4in1 가정용 칼갈이 칼연마기 샤프너 칼가는 기계 가위갈이 176942,,,네이버스마트스토어 퀴즈,N,2025-08-16 17:37:31,9999-12-31 23:59:59,7,18,12,1369936,ADS_CODE_DAILY_UPDATE,2025-08-16 17:37:30
444706,rB4AvbKZc6,1655,1219500,3,4,"오징어젓갈 마늘 깨 양념 강경 오징어젓 대용량 업소용 선물용 가정용 도매 500g, 1개",,,네이버스마트스토어 퀴즈,N,2025-08-16 20:54:24,9999-12-31 23:59:59,7,18,12,1369936,ADS_CODE_DAILY_UPDATE,2025-08-16 20:54:24
444714,dMCL9Sw2Rw,1623,1219515,3,4,스트레치필름,,,퀴즈 맞추기,N,2025-08-17 00:14:54,9999-12-31 23:59:59,7,15,10,1369936,NONE,2025-08-17 00:14:54
444716,XQwMOKfSOo,1623,1219519,3,4,울산 전자,,,퀴즈 맞추기,N,2025-08-17 00:14:58,9999-12-31 23:59:59,7,15,10,1369936,NONE,2025-08-17 00:14:57
444717,Cs1F4zYqrp,1623,1219521,3,4,시흥 전자,,,퀴즈 맞추기,N,2025-08-17 00:14:59,9999-12-31 23:59:59,7,15,10,1369936,NONE,2025-08-17 00:14:58
444718,cj0cVRG884,1623,1219523,3,4,안산 전자,,,퀴즈 맞추기,N,2025-08-17 00:15:00,9999-12-31 23:59:59,7,15,10,1369936,NONE,2025-08-17 00:15:00
444719,EUJ2gYBCrQ,1623,1219525,3,4,하남 전자,,,퀴즈 맞추기,N,2025-08-17 00:15:01,9999-12-31 23:59:59,7,15,10,1369936,NONE,2025-08-17 00:15:00
444721,4An3c9Jj7G,1623,1219529,3,4,의정부 전자,,,퀴즈 맞추기,N,2025-08-17 00:15:02,9999-12-31 23:59:59,7,15,10,1369936,NONE,2025-08-17 00:15:02
444723,KqcJNRBkfj,1623,1219533,3,4,용인 전자,,,퀴즈 맞추기,N,2025-08-17 00:15:04,9999-12-31 23:59:59,7,15,10,1369936,NONE,2025-08-17 00:15:04
444724,oYkSQDQanN,1623,1219535,3,4,발 받침대,,,퀴즈 맞추기,N,2025-08-17 00:15:05,9999-12-31 23:59:59,7,15,10,1369936,NONE,2025-08-17 00:15:05
444725,hFO9sH7tB7,1623,1219537,3,4,도킹형 보조배터리,,,퀴즈 맞추기,N,2025-08-17 00:15:07,9999-12-31 23:59:59,7,15,10,1369936,NONE,2025-08-17 00:15:06
444727,7EFhWWknwN,1623,1219541,3,4,오토바이리스,,,퀴즈 맞추기,N,2025-08-17 00:15:12,9999-12-31 23:59:59,7,15,10,1369936,NONE,2025-08-17 00:15:12
444728,1UTFSCMOvO,1623,1219543,3,4,반팔 와이셔츠,,,퀴즈 맞추기,N,2025-08-17 00:15:14,9999-12-31 23:59:59,7,15,10,1369936,NONE,2025-08-17 00:15:14
444729,KNbxHwmSJC,1623,1219545,3,4,여성 반팔 셔츠,,,퀴즈 맞추기,N,2025-08-17 00:15:16,9999-12-31 23:59:59,7,15,10,1369936,NONE,2025-08-17 00:15:15
444730,0GGFncbOFO,1623,1219547,3,4,부산시청맛집,,,퀴즈 맞추기,N,2025-08-17 00:15:27,9999-12-31 23:59:59,7,15,10,1369936,NONE,2025-08-17 00:15:27
444731,b7ivB2xOGj,1623,1219549,3,4,광안리 이자카야,,,퀴즈 맞추기,N,2025-08-17 00:15:29,9999-12-31 23:59:59,7,15,10,1369936,NONE,2025-08-17 00:15:28
444732,dRx5E5rrM2,1623,1219551,3,4,[퀴즈] 카펜터 와이드 스웻 팬츠,,,퀴즈 맞추기,N,2025-08-17 00:15:31,9999-12-31 23:59:59,7,15,10,1369936,NONE,2025-08-17 00:15:30
444735,eulPmSkCcS,1655,1219555,3,4,14K 18K 남성 여성 남자 여자 공용 대나무 사각 체인 커플 우정 금 팔찌 176685,,,네이버스마트스토어 퀴즈,N,2025-08-17 00:21:38,9999-12-31 23:59:59,7,18,12,1369936,ADS_CODE_DAILY_UPDATE,2025-08-17 00:21:38
444736,jalGLT45pt,1655,1219557,3,4,"엑씨 파비스 힌지보호 맥세이프 풀커버 휴대폰 케이스 매트, 갤럭시Z 폴드7 176948",,,네이버스마트스토어 퀴즈,N,2025-08-17 00:21:48,9999-12-31 23:59:59,7,18,12,1369936,ADS_CODE_DAILY_UPDATE,2025-08-17 00:21:48
444739,tX3JbTrZWi,1655,1219563,3,4,몬스타기어 177036,,,일반정답미션,N,2025-08-17 08:52:16,9999-12-31 23:59:59,7,18,12,1369936,ADS_CODE_DAILY_UPDATE,2025-08-17 08:52:16
444740,mVuE06nOKJ,1655,1219565,3,4,몬스타기어 177037,,,일반정답미션,N,2025-08-17 08:57:11,9999-12-31 23:59:59,7,18,12,1369936,ADS_CODE_DAILY_UPDATE,2025-08-17 08:57:10
444741,YBO0Qs54bp,1655,1219567,3,4,몬스타기어 177038,,,일반정답미션,N,2025-08-17 08:57:12,9999-12-31 23:59:59,7,18,12,1369936,ADS_CODE_DAILY_UPDATE,2025-08-17 08:57:11
444742,OLgI9VHzBy,1655,1219569,3,4,몬스타기어 177039,,,일반정답미션,N,2025-08-17 08:57:13,9999-12-31 23:59:59,7,18,12,1369936,ADS_CODE_DAILY_UPDATE,2025-08-17 08:57:12
444743,e3KTRmbW6r,1655,1219571,3,4,몬스타기어 177040,,,일반정답미션,N,2025-08-17 09:02:24,9999-12-31 23:59:59,7,18,12,1369936,ADS_CODE_DAILY_UPDATE,2025-08-17 09:02:24
444744,c52LxwiPjT,1655,1219573,3,4,몬스타기어 177041,,,일반정답미션,N,2025-08-17 09:02:25,9999-12-31 23:59:59,7,18,12,1369936,ADS_CODE_DAILY_UPDATE,2025-08-17 09:02:25
444746,pnDf9khUDH,1655,1219576,3,4,몬스타기어 177042,,,일반정답미션,N,2025-08-17 09:08:20,9999-12-31 23:59:59,7,18,12,1369936,ADS_CODE_DAILY_UPDATE,2025-08-17 09:08:20
444747,JTpUm87EU3,1655,1219578,3,4,몬스타기어 177043,,,일반정답미션,N,2025-08-17 09:08:21,9999-12-31 23:59:59,7,18,12,1369936,ADS_CODE_DAILY_UPDATE,2025-08-17 09:08:21
444748,vdDrgOlMsd,1655,1219580,3,4,몬스타기어 177044,,,일반정답미션,N,2025-08-17 09:08:22,9999-12-31 23:59:59,7,18,12,1369936,ADS_CODE_DAILY_UPDATE,2025-08-17 09:08:21
444749,BnjCDxByJ1,1655,1219582,3,4,몬스타기어 177045,,,일반정답미션,N,2025-08-17 09:16:33,9999-12-31 23:59:59,7,18,12,1369936,ADS_CODE_DAILY_UPDATE,2025-08-17 09:16:33
444750,ZfjanxoTfF,1655,1219584,3,4,몬스타기어 177046,,,일반정답미션,N,2025-08-17 09:16:34,9999-12-31 23:59:59,7,18,12,1369936,ADS_CODE_DAILY_UPDATE,2025-08-17 09:16:34
444751,NzEjAmBkCM,1655,1219586,3,4,몬스타기어 177047,,,일반정답미션,N,2025-08-17 09:22:12,9999-12-31 23:59:59,7,18,12,1369936,ADS_CODE_DAILY_UPDATE,2025-08-17 09:22:11
444752,zeSh2e0nso,1655,1219588,3,4,몬스타기어 177048,,,일반정답미션,N,2025-08-17 09:22:13,9999-12-31 23:59:59,7,18,12,1369936,ADS_CODE_DAILY_UPDATE,2025-08-17 09:22:12
444753,1X6huFEzwD,1655,1219590,3,4,몬스타기어 177049,,,일반정답미션,N,2025-08-17 09:22:14,9999-12-31 23:59:59,7,18,12,1369936,ADS_CODE_DAILY_UPDATE,2025-08-17 09:22:14
444755,WxXNL1PEgd,1655,1219594,3,4,몬스타기어 177051,,,일반정답미션,N,2025-08-17 09:22:16,9999-12-31 23:59:59,7,18,12,1369936,ADS_CODE_DAILY_UPDATE,2025-08-17 09:22:16
444761,EcohZzt2FH,1655,1219606,3,4,몬스타기어 177057,,,일반정답미션,N,2025-08-17 09:27:28,9999-12-31 23:59:59,7,18,12,1369936,ADS_CODE_DAILY_UPDATE,2025-08-17 09:27:28
444779,hVUzjZqNMA,1655,1219641,3,4,백일상대여 푸른솔 177184,,,네이버스마트스토어 퀴즈,N,2025-08-17 12:27:44,9999-12-31 23:59:59,7,18,12,1369936,ADS_CODE_DAILY_UPDATE,2025-08-17 12:27:44
444781,jfC48X3jbL,1655,1219645,3,4,한양 과천본점 177187,,,네이버플레이스 퀴즈,N,2025-08-17 12:52:36,9999-12-31 23:59:59,7,18,12,1369936,ADS_CODE_DAILY_UPDATE,2025-08-17 12:52:36
444782,DAQ2F3yLFY,318,1219647,3,4,용가리전자담배 제우스맥스 코일 맞추기 8.17,,,퀴즈 맞추기,N,2025-08-17 13:02:21,9999-12-31 23:59:59,7,16,11,1369936,NONE,2025-08-17 13:02:21
444783,zkobqdFpVA,318,1219649,3,4,아기섬유유연제 맞추기 8.17,,,퀴즈 맞추기,N,2025-08-17 13:07:13,9999-12-31 23:59:59,7,13,9,1369936,NONE,2025-08-17 13:07:12
444784,XSVYCpc7Vd,318,1219650,3,4,Modern High 10개옵션 맞추기 8.17,,,퀴즈 맞추기,N,2025-08-17 13:07:14,9999-12-31 23:59:59,7,16,11,1369936,NONE,2025-08-17 13:07:13
444785,8hseWDCJ0K,318,1219652,3,4,프랭클린 바를 아기로션 맞추기 8.17,,,퀴즈 맞추기,N,2025-08-17 13:12:23,9999-12-31 23:59:59,7,16,11,1369936,NONE,2025-08-17 13:12:22
444786,UnFrzuez8I,318,1219654,3,4,바를 수딩 쿨링젤 맞추기 8.17,,,퀴즈 맞추기,N,2025-08-17 13:12:24,9999-12-31 23:59:59,7,16,11,1369936,NONE,2025-08-17 13:12:24
444855,CUpGZVJ3ey,318,1219792,3,4,동동마켓 인덕션 엑스라지 83 맞추기 8.17,,,퀴즈 맞추기,N,2025-08-17 15:07:24,9999-12-31 23:59:59,7,16,11,1369936,NONE,2025-08-17 15:07:24
444856,qfu6rpOsS8,318,1219794,3,4,안벗겨지는양말 맞추기 8.17,,,퀴즈 맞추기,N,2025-08-17 15:12:11,9999-12-31 23:59:59,7,16,11,1369936,NONE,2025-08-17 15:12:11
444857,VH2xejop5n,318,1219796,3,4,팜파스 핸드타올 맞추기 8.17,,,퀴즈 맞추기,N,2025-08-17 16:07:41,9999-12-31 23:59:59,7,18,12,1369936,NONE,2025-08-17 16:07:40
444858,xjzFQt9KGj,1655,1219798,3,4,멜론팔로우 177198,,,일반정답미션,N,2025-08-17 17:37:19,9999-12-31 23:59:59,7,18,12,1369936,ADS_CODE_DAILY_UPDATE,2025-08-17 17:37:19
444863,XmFdWlv1ug,1655,1219806,3,4,삼돌박이수라육간 177203,,,네이버플레이스 퀴즈,N,2025-08-17 18:57:12,9999-12-31 23:59:59,7,18,12,1369936,ADS_CODE_DAILY_UPDATE,2025-08-17 18:57:11
444864,C64D5cyQH0,318,1219808,3,4,NUTRALIFE 감마리놀렌산 맞추기 8.17,,,퀴즈 맞추기,N,2025-08-17 19:07:18,9999-12-31 23:59:59,7,13,9,1369936,NONE,2025-08-17 19:07:17
444866,5H3iJgSncL,1505,1219811,3,4,[카카오맵 퀴즈] 방이별관 (18714),,,카카오맵 주소를 맞추는 퀴즈,N,2025-08-18 00:09:38,9999-12-31 23:59:59,7,20,14,1369936,NONE,2025-08-18 00:09:37
444868,A6lRzfB83X,1623,1219815,3,4,블라우스,,,퀴즈 맞추기,N,2025-08-18 00:10:30,9999-12-31 23:59:59,7,15,10,1369936,NONE,2025-08-18 00:10:30
444872,RHUwbqbSVt,1623,1219823,3,4,쭈꾸미,,,퀴즈 맞추기,N,2025-08-18 00:10:43,9999-12-31 23:59:59,7,15,10,1369936,NONE,2025-08-18 00:10:42
444873,mL9w2OhEQH,1623,1219825,3,4,오리주물럭,,,퀴즈 맞추기,N,2025-08-18 00:10:43,9999-12-31 23:59:59,7,15,10,1369936,NONE,2025-08-18 00:10:43
444875,0IQsLca3dk,1655,1219829,3,4,스피드랙 철제선반 무볼트 조립식 앵글 선반 창고 베란다 랙 30x30 176175,,,네이버스마트스토어 퀴즈,N,2025-08-18 00:16:07,9999-12-31 23:59:59,7,18,12,1369936,ADS_CODE_DAILY_UPDATE,2025-08-18 00:16:06
444876,34bAGeeAWE,1655,1219831,3,4,아차산유황오리 177196,,,네이버플레이스 퀴즈,N,2025-08-18 00:16:41,9999-12-31 23:59:59,7,18,12,1369936,ADS_CODE_DAILY_UPDATE,2025-08-18 00:16:41
444877,TXvNMk8u2z,1655,1219833,3,4,1+1 리빙채널 남녀공용 발등낮은 욕실 화장실 베란다 논슬립 욕실화 슬리퍼 177202,,,네이버스마트스토어 퀴즈,N,2025-08-18 00:16:43,9999-12-31 23:59:59,7,18,12,1369936,ADS_CODE_DAILY_UPDATE,2025-08-18 00:16:43
444878,NZnpuAxNDS,1655,1219835,3,4,광희문 인덕원본점 177204,,,네이버플레이스 퀴즈,N,2025-08-18 00:16:44,9999-12-31 23:59:59,7,18,12,1369936,ADS_CODE_DAILY_UPDATE,2025-08-18 00:16:44
444879,CQ9IrIBS28,1655,1219837,3,4,"닥터바이 아이즈 강아지 눈 영양제 눈물자국 냄새 루테인 70개입, 1개 177205",,,네이버스마트스토어 퀴즈,N,2025-08-18 00:16:45,9999-12-31 23:59:59,7,18,12,1369936,ADS_CODE_DAILY_UPDATE,2025-08-18 00:16:45
444880,xstiOGVfkA,1655,1219839,3,4,"닥터바이 키토덴탈츄 강아지 덴탈껌 치약껌 치태 치석 입냄새 양치껌 84g, 1개 17720",,,네이버스마트스토어 퀴즈,N,2025-08-18 00:16:46,9999-12-31 23:59:59,7,18,12,1369936,ADS_CODE_DAILY_UPDATE,2025-08-18 00:16:45
444881,RKa3QlMKg2,1655,1219841,3,4,고급 머메이드 종이 상장케이스 끼움식 180g 졸업장 임명장 수료증 177208,,,네이버스마트스토어 퀴즈,N,2025-08-18 00:16:46,9999-12-31 23:59:59,7,18,12,1369936,ADS_CODE_DAILY_UPDATE,2025-08-18 00:16:46
444882,4jI3rzAtH3,1655,1219843,3,4,두꺼운 스프링 노트 모눈 2000 필사 그리드 오답 수학 대학 필기 줄 연습장 공책 177,,,네이버스마트스토어 퀴즈,N,2025-08-18 00:16:47,9999-12-31 23:59:59,7,18,12,1369936,ADS_CODE_DAILY_UPDATE,2025-08-18 00:16:47
444883,uN3SAcYUCa,1655,1219845,3,4,탁상용선풍기 사무실 USB 소형 캠핑 무선선풍기 177243,,,네이버스마트스토어 퀴즈,N,2025-08-18 05:21:50,9999-12-31 23:59:59,7,18,12,1369936,ADS_CODE_DAILY_UPDATE,2025-08-18 05:21:50
444884,qTt0OMKHWn,1655,1219847,3,4,멜피움 스팀청소기 물걸레 고온 살균 청소 177244,,,네이버스마트스토어 퀴즈,N,2025-08-18 05:21:51,9999-12-31 23:59:59,7,18,12,1369936,ADS_CODE_DAILY_UPDATE,2025-08-18 05:21:51
444885,8lKGB25ypN,1655,1219849,3,4,스팀다리미 핸디 여행용 미니 핸디형스팀다리미 177248,,,네이버스마트스토어 퀴즈,N,2025-08-18 05:26:58,9999-12-31 23:59:59,7,18,12,1369936,ADS_CODE_DAILY_UPDATE,2025-08-18 05:26:57
444886,qyKuYKXZva,1655,1219851,3,4,한경희 핸디 소형청소기 무선 미니 청소기 177251,,,네이버스마트스토어 퀴즈,N,2025-08-18 05:32:05,9999-12-31 23:59:59,7,18,12,1369936,ADS_CODE_DAILY_UPDATE,2025-08-18 05:32:05
444887,Pj5Ad6YR9b,1655,1219853,3,4,여행용 전기포트 캠핑용 소형 휴대용 미니 커피포트 전기주전자 177257,,,네이버스마트스토어 퀴즈,N,2025-08-18 05:34:24,9999-12-31 23:59:59,7,18,12,1369936,ADS_CODE_DAILY_UPDATE,2025-08-18 05:34:24
444888,5lVuVhvVzl,1655,1219855,3,4,전기난로 히터 오방난로 난방기 가정용 사무실 스토브 177259,,,네이버스마트스토어 퀴즈,N,2025-08-18 05:34:25,9999-12-31 23:59:59,7,18,12,1369936,ADS_CODE_DAILY_UPDATE,2025-08-18 05:34:25
444889,ml65IwZHaH,1655,1219857,3,4,미니가습기 USB 사무실 휴대용 가습기 177261,,,네이버스마트스토어 퀴즈,N,2025-08-18 05:41:22,9999-12-31 23:59:59,7,18,12,1369936,ADS_CODE_DAILY_UPDATE,2025-08-18 05:41:21
444890,w5KdxZKEov,1655,1219859,3,4,맥세이프충전기 에어팟 애플워치 고속 무선 아이폰충전기 177264,,,네이버스마트스토어 퀴즈,N,2025-08-18 05:41:23,9999-12-31 23:59:59,7,18,12,1369936,ADS_CODE_DAILY_UPDATE,2025-08-18 05:41:22
444891,GpNWjznyPK,1596,1219861,3,4,[정답입력]싱크대,,,네이버 상품 해시태그,N,2025-08-18 06:12:27,9999-12-31 23:59:59,7,18,12,1369936,ADS_CODE_DAILY_UPDATE,2025-08-18 06:12:27
444893,h0zUWiI3jq,1655,1219865,3,4,네이버쇼핑 정답 미션 177343,,,네이버스마트스토어 퀴즈,N,2025-08-18 09:12:33,9999-12-31 23:59:59,7,18,12,1369936,ADS_CODE_DAILY_UPDATE,2025-08-18 09:12:32
444894,PJCY4mCRGn,1655,1219867,3,4,타이탄트랙 등산스틱 접이식 등산용지팡이 스틱 두랄루민 177344,,,네이버스마트스토어 퀴즈,N,2025-08-18 09:12:34,9999-12-31 23:59:59,7,18,12,1369936,ADS_CODE_DAILY_UPDATE,2025-08-18 09:12:33
444895,2MaKMGBvGm,1655,1219869,3,4,네이버쇼핑 정답 미션 177346,,,네이버스마트스토어 퀴즈,N,2025-08-18 09:12:34,9999-12-31 23:59:59,7,18,12,1369936,ADS_CODE_DAILY_UPDATE,2025-08-18 09:12:34
444896,JYujzTCzga,1655,1219871,3,4,네이버쇼핑 정답 미션 177347,,,네이버스마트스토어 퀴즈,N,2025-08-18 09:17:26,9999-12-31 23:59:59,7,18,12,1369936,ADS_CODE_DAILY_UPDATE,2025-08-18 09:17:26
444897,eEaUZw3ipc,1655,1219873,3,4,네이버쇼핑 정답 미션 177348,,,네이버스마트스토어 퀴즈,N,2025-08-18 09:22:13,9999-12-31 23:59:59,7,18,12,1369936,ADS_CODE_DAILY_UPDATE,2025-08-18 09:22:12
444898,ZHIP3cWbKu,1655,1219875,3,4,자연정 177350,,,네이버스마트스토어 퀴즈,N,2025-08-18 09:37:02,9999-12-31 23:59:59,7,18,12,1369936,ADS_CODE_DAILY_UPDATE,2025-08-18 09:37:01
444899,10iDErmJAB,1655,1219877,3,4,서빙카트 서빙카 이동식카트 업소용 식당 트롤리2단중그레이회색 177351,,,네이버스마트스토어 퀴즈,N,2025-08-18 09:37:20,9999-12-31 23:59:59,7,18,12,1369936,ADS_CODE_DAILY_UPDATE,2025-08-18 09:37:20
444900,8fULCcyhZl,1655,1219879,3,4,캐스터팩토리 177353,,,네이버스마트스토어 퀴즈,N,2025-08-18 09:37:21,9999-12-31 23:59:59,7,18,12,1369936,ADS_CODE_DAILY_UPDATE,2025-08-18 09:37:20
444901,lytuEmNaDX,1655,1219881,3,4,구로캐스터 177354,,,네이버스마트스토어 퀴즈,N,2025-08-18 09:37:22,9999-12-31 23:59:59,7,18,12,1369936,ADS_CODE_DAILY_UPDATE,2025-08-18 09:37:22
444902,0ybGPw8IZY,1655,1219883,3,4,알루미늄 양은쟁반 오봉 사각 대형 식당 업소용 민쟁반 소소 177355,,,네이버스마트스토어 퀴즈,N,2025-08-18 09:42:19,9999-12-31 23:59:59,7,18,12,1369936,ADS_CODE_DAILY_UPDATE,2025-08-18 09:42:19
444903,103dE3LiXQ,1655,1219885,3,4,홈마블 177356,,,네이버스마트스토어 퀴즈,N,2025-08-18 09:42:20,9999-12-31 23:59:59,7,18,12,1369936,ADS_CODE_DAILY_UPDATE,2025-08-18 09:42:20
444904,68pFbaPrkB,1655,1219887,3,4,홈마블 177357,,,네이버스마트스토어 퀴즈,N,2025-08-18 09:42:21,9999-12-31 23:59:59,7,18,12,1369936,ADS_CODE_DAILY_UPDATE,2025-08-18 09:42:21
444905,Aj1cqFOoNo,1655,1219889,3,4,HPRT 공식몰 177358,,,네이버스마트스토어 퀴즈,N,2025-08-18 09:42:22,9999-12-31 23:59:59,7,18,12,1369936,ADS_CODE_DAILY_UPDATE,2025-08-18 09:42:22
444906,DEo6isytRL,1655,1219891,3,4,슈퍼밀리언헤어 흑채 남자여성 홈쇼핑 뿌리는가발 원형탈모커버 검정 177359,,,네이버스마트스토어 퀴즈,N,2025-08-18 09:42:23,9999-12-31 23:59:59,7,18,12,1369936,ADS_CODE_DAILY_UPDATE,2025-08-18 09:42:22
444907,0MJpSkFhRp,1655,1219893,3,4,쎄쎄쎄푸드빌리지 케이터링 출장뷔페 홈파티음식 집들이 생일 메뉴 생신상 박스 손님 5인 17,,,네이버스마트스토어 퀴즈,N,2025-08-18 09:42:24,9999-12-31 23:59:59,7,18,12,1369936,ADS_CODE_DAILY_UPDATE,2025-08-18 09:42:23
444908,dIvEke0kk2,1655,1219895,3,4,베베라온오가닉 177361,,,네이버스마트스토어 퀴즈,N,2025-08-18 09:47:23,9999-12-31 23:59:59,7,18,12,1369936,ADS_CODE_DAILY_UPDATE,2025-08-18 09:47:23
444909,fVjEyRWFkJ,1655,1219897,3,4,아기 가제 손수건 신생아 밤부 엠보 손수건 5장 무형광 국내제조 친환경 177362,,,네이버스마트스토어 퀴즈,N,2025-08-18 09:47:24,9999-12-31 23:59:59,7,18,12,1369936,ADS_CODE_DAILY_UPDATE,2025-08-18 09:47:24
444910,7QkaFyxKUR,1655,1219899,3,4,배냇저고리 아기 신생아 밤부 편면 순면 임신출산선물 177363,,,네이버스마트스토어 퀴즈,N,2025-08-18 09:47:25,9999-12-31 23:59:59,7,18,12,1369936,ADS_CODE_DAILY_UPDATE,2025-08-18 09:47:24
444911,hyZS4Aw4kX,1655,1219901,3,4,[베베라온 오가닉] 밤부 메쉬 아기 신생아 딸국질 모자 177364,,,네이버스마트스토어 퀴즈,N,2025-08-18 09:47:26,9999-12-31 23:59:59,7,18,12,1369936,ADS_CODE_DAILY_UPDATE,2025-08-18 09:47:25
444912,uGtUKhlhnM,1655,1219903,3,4,아기내복 5+1 여름 신생아내복 나시 반팔 7부 긴팔 메쉬 유아 내의 파자마 실내복 177,,,네이버스마트스토어 퀴즈,N,2025-08-18 09:47:27,9999-12-31 23:59:59,7,18,12,1369936,ADS_CODE_DAILY_UPDATE,2025-08-18 09:47:26
444913,qkdRBiFzta,1655,1219905,3,4,완벽한일상 177366,,,네이버스마트스토어 퀴즈,N,2025-08-18 09:47:28,9999-12-31 23:59:59,7,18,12,1369936,ADS_CODE_DAILY_UPDATE,2025-08-18 09:47:27
444915,tvNcFXAr5o,1655,1219909,3,4,원스토몰 177368,,,네이버스마트스토어 퀴즈,N,2025-08-18 09:47:29,9999-12-31 23:59:59,7,18,12,1369936,ADS_CODE_DAILY_UPDATE,2025-08-18 09:47:29
444916,Rwy9qPbayH,1655,1219911,3,4,서빙카트 식당 업소용 주방 서빙카 다용도 서빙카트 소형 2단 기본고무바퀴 177369,,,네이버스마트스토어 퀴즈,N,2025-08-18 09:52:24,9999-12-31 23:59:59,7,18,12,1369936,ADS_CODE_DAILY_UPDATE,2025-08-18 09:52:24
444917,XKKtubJqq4,1655,1219913,3,4,프리다이빙 강습 레벨1 원데이 과정 서울 수원 성남 177370,,,네이버스마트스토어 퀴즈,N,2025-08-18 09:52:25,9999-12-31 23:59:59,7,18,12,1369936,ADS_CODE_DAILY_UPDATE,2025-08-18 09:52:25
444918,kK4e7oOgff,1655,1219915,3,4,프리다이빙 첫 발자국 - 호흡의 예술 [with 블루페블] 서울 잠실 용인 177371,,,네이버스마트스토어 퀴즈,N,2025-08-18 09:52:27,9999-12-31 23:59:59,7,18,12,1369936,ADS_CODE_DAILY_UPDATE,2025-08-18 09:52:26
444919,pwSdv9sMZh,1655,1219917,3,4,1마력 2마력 이동식 목공 용 필터 분진 전기 소형 집진기 모음전 177372,,,네이버스마트스토어 퀴즈,N,2025-08-18 09:52:28,9999-12-31 23:59:59,7,18,12,1369936,ADS_CODE_DAILY_UPDATE,2025-08-18 09:52:27
444920,5oyrXmkvnU,318,1219919,3,4,동동마켓의 엘리카 인덕션 화이트 맞추기 8.18,,,퀴즈 맞추기,N,2025-08-18 10:07:46,9999-12-31 23:59:59,7,16,11,1369936,NONE,2025-08-18 10:07:46
444921,IXohl1xdc8,1655,1219921,3,4,오즈네일 고발색 고광택 샤인무드 네일컬러 비건 매니큐어 페디큐어 폴리쉬 튜튜블러셔 1774,,,네이버스마트스토어 퀴즈,N,2025-08-18 10:12:52,9999-12-31 23:59:59,7,18,12,1369936,ADS_CODE_DAILY_UPDATE,2025-08-18 10:12:52
444922,cJCAvw20Xz,1655,1219923,3,4,네이버쇼핑 정답 미션 177407,,,네이버스마트스토어 퀴즈,N,2025-08-18 10:17:41,9999-12-31 23:59:59,7,18,12,1369936,ADS_CODE_DAILY_UPDATE,2025-08-18 10:17:41
444923,f3v6hbHfrT,1655,1219925,3,4,델템포하우스 177411,,,네이버플레이스 퀴즈,N,2025-08-18 10:32:13,9999-12-31 23:59:59,7,18,12,1369936,ADS_CODE_DAILY_UPDATE,2025-08-18 10:32:13
444924,VqKRyTcRAC,50,1219927,1,2,[간편참여] 이계밥 : 디펜스 클래시 타이쿤,,,받기,N,2025-08-18 10:37:28,9999-12-31 23:59:59,1,170,120,2762200,NONE,2025-08-18 10:37:28
444925,gqWHR8KOVK,1655,1219932,3,4,정답 미션 177413,,,일반정답미션,N,2025-08-18 10:46:53,9999-12-31 23:59:59,7,18,12,1369936,ADS_CODE_DAILY_UPDATE,2025-08-18 10:46:53
444926,mTsmHCFWQ7,1655,1219954,3,4,오버나이트 수면안대 숙면 수면 암막 교대근무 안대 177422,,,네이버스마트스토어 퀴즈,N,2025-08-18 11:13:33,9999-12-31 23:59:59,7,18,12,1369936,ADS_CODE_DAILY_UPDATE,2025-08-18 11:13:33
444927,zkpDaqXmvC,1623,1219956,3,4,청양고추,,,퀴즈 맞추기,N,2025-08-18 11:22:33,9999-12-31 23:59:59,7,15,10,1369936,NONE,2025-08-18 11:22:32
444928,waai04dWDX,1655,1219958,3,4,중문색달통갈치 본점 177426,,,네이버플레이스 퀴즈,N,2025-08-18 11:27:29,9999-12-31 23:59:59,7,18,12,1369936,ADS_CODE_DAILY_UPDATE,2025-08-18 11:27:28
444929,OVu7NiDmjB,1655,1219960,3,4,1kg 원두커피 블렌드 7종 맛있는 당일로스팅 고소한 납품 도매 납품 홀빈 177429,,,네이버스마트스토어 퀴즈,N,2025-08-18 11:32:29,9999-12-31 23:59:59,7,18,12,1369936,ADS_CODE_DAILY_UPDATE,2025-08-18 11:32:29
444930,gg0h9MvR34,1655,1219962,3,4,골프트로피 이글패 싱글패 홀인원패 트로피 제작 MD501 대 177450,,,네이버스마트스토어 퀴즈,N,2025-08-18 12:13:09,9999-12-31 23:59:59,7,18,12,1369936,ADS_CODE_DAILY_UPDATE,2025-08-18 12:13:09
444931,FYbPtQR8CA,82,1219964,3,4,강아지매트 (리뷰 전체보기 클릭 후 URL 제출),,,리뷰 전체보기 클릭 후 URL 제출,N,2025-08-18 12:22:32,9999-12-31 23:59:59,7,17,8,1369936,NONE,2025-08-18 12:22:32
444932,iGZw9ZRCtW,1623,1219965,3,4,쭈꾸미,,,퀴즈 맞추기,N,2025-08-18 12:22:44,9999-12-31 23:59:59,7,15,10,1369936,NONE,2025-08-18 12:22:43
444934,UWxXWjKOji,1655,1219969,3,4,네이버쇼핑 정답 미션 177531,,,네이버스마트스토어 퀴즈,N,2025-08-18 12:22:56,9999-12-31 23:59:59,7,18,12,1369936,ADS_CODE_DAILY_UPDATE,2025-08-18 12:22:55
444936,WoD4JWtYWR,82,1219972,3,4,강아지울타리 (리뷰 전체보기 클릭 후 URL 제출),,,리뷰 전체보기 클릭 후 URL 제출,N,2025-08-18 12:27:08,9999-12-31 23:59:59,7,17,8,1369936,NONE,2025-08-18 12:27:07
444938,EV9f59YYUc,1655,1219974,3,4,네이버쇼핑 정답 미션 177538,,,네이버스마트스토어 퀴즈,N,2025-08-18 12:33:04,9999-12-31 23:59:59,7,18,12,1369936,ADS_CODE_DAILY_UPDATE,2025-08-18 12:33:03
444939,7LWxqnoE9b,1655,1219976,3,4,리빙채널 주방세제 거치대 수세미 걸이 받침대 물빠짐 싱크대 정리대 수세미거치대 177539,,,네이버스마트스토어 퀴즈,N,2025-08-18 12:33:05,9999-12-31 23:59:59,7,18,12,1369936,ADS_CODE_DAILY_UPDATE,2025-08-18 12:33:05
444940,UV4HlTZWVp,318,1219978,3,4,슈펠로 일회용 전자담배 맞추기 8.18,,,퀴즈 맞추기,N,2025-08-18 13:02:59,9999-12-31 23:59:59,7,18,12,1369936,NONE,2025-08-18 13:02:58
444941,Uf5hrsZUlr,318,1219980,3,4,가정용미니에어건 메이튼의 노바맥스 맞추기 8.18,,,퀴즈 맞추기,N,2025-08-18 13:07:26,9999-12-31 23:59:59,7,16,11,1369936,NONE,2025-08-18 13:07:26
444942,CqEWPc43fp,318,1219982,3,4,NUTRALIFE 감마리놀렌산 맞추기 8.18,,,퀴즈 맞추기,N,2025-08-18 13:07:27,9999-12-31 23:59:59,7,13,9,1369936,NONE,2025-08-18 13:07:26
444943,RU21h95iJS,318,1219983,3,4,아기섬유유연제 맞추기 8.18,,,퀴즈 맞추기,N,2025-08-18 13:07:28,9999-12-31 23:59:59,7,13,9,1369936,NONE,2025-08-18 13:07:28
444944,wdyqBfZazA,318,1219984,3,4,용가리전자담배 제우스맥스 코일 맞추기 8.18,,,퀴즈 맞추기,N,2025-08-18 13:07:29,9999-12-31 23:59:59,7,16,11,1369936,NONE,2025-08-18 13:07:29
444945,vYkscpEaK9,1655,1219986,3,4,네이버쇼핑 정답 미션 177542,,,네이버스마트스토어 퀴즈,N,2025-08-18 13:07:43,9999-12-31 23:59:59,7,18,12,1369936,ADS_CODE_DAILY_UPDATE,2025-08-18 13:07:42
444946,c1KIXJytsK,1407,1220005,1,2,무림전설키우기 앱 찾아서 받기,,,받기,N,2025-08-18 13:00:00,2025-08-23 00:00:00,1,250,120,2763500,NONE,2025-08-18 13:10:24
444947,4DImRvfLJ2,1623,1219989,3,4,스캇나인 아구아헤,,,퀴즈 맞추기,N,2025-08-18 13:37:09,9999-12-31 23:59:59,7,15,10,1369936,NONE,2025-08-18 13:37:09
444949,a1iX2q3LnS,82,1219992,3,4,하련지 (네이버맵 공유 URL 입력),,,네이버맵 공유 URL 입력,N,2025-08-18 13:47:10,9999-12-31 23:59:59,7,16,8,1369936,NONE,2025-08-18 13:47:09
444970,JrfYmIazDM,1505,1220043,3,4,[플레이스 퀴즈] 전담GATE 동탄남광장점 (17530),,,플레이스 퀴즈 맞추기,N,2025-08-18 15:28:17,9999-12-31 23:59:59,7,20,14,1369936,NONE,2025-08-18 15:28:16
444971,bU6d08GbCC,1505,1220045,3,4,[플레이스 퀴즈] 전담GATE 창원상남점 (17682),,,플레이스 퀴즈 맞추기,N,2025-08-18 15:28:17,9999-12-31 23:59:59,7,20,14,1369936,NONE,2025-08-18 15:28:17
444972,iwBrHC0Wr9,1505,1220047,3,4,[플레이스 퀴즈] 전담GATE 이태원점 (17971),,,플레이스 퀴즈 맞추기,N,2025-08-18 15:28:18,9999-12-31 23:59:59,7,20,14,1369936,NONE,2025-08-18 15:28:18
444975,MglNNtQMF8,1505,1220053,3,4,[플레이스 퀴즈] 능두네 구디역점 (18265),,,참여,N,2025-08-18 15:28:21,9999-12-31 23:59:59,7,20,14,1369936,NONE,2025-08-18 15:28:20
444976,Lky2lEJuuR,1505,1220055,3,4,[플레이스 퀴즈] 방이별관 잠실방이점 (18267),,,플레이스 퀴즈 맞추기,N,2025-08-18 15:28:22,9999-12-31 23:59:59,7,20,14,1369936,NONE,2025-08-18 15:28:21
444978,FRdrfrav4f,1505,1220059,3,4,[플레이스 퀴즈] 바 다빈치 (18389),,,참여,N,2025-08-18 15:28:23,9999-12-31 23:59:59,7,20,14,1369936,NONE,2025-08-18 15:28:23
444979,tEGi7rmFbX,1505,1220061,3,4,[플레이스 퀴즈] 꽃향기 샤브샤브&뷔페 (18407),,,참여,N,2025-08-18 15:28:24,9999-12-31 23:59:59,7,20,14,1369936,NONE,2025-08-18 15:28:24
444981,2ygUfCC6y6,1505,1220065,3,4,[플레이스 퀴즈] 도투 (18493),,,참여,N,2025-08-18 15:28:26,9999-12-31 23:59:59,7,20,14,1369936,NONE,2025-08-18 15:28:25
444983,FaFGp0jz3S,1505,1220069,3,4,[플레이스 퀴즈] 전담GATE 대구교동점 (18516),,,플레이스 퀴즈 맞추기,N,2025-08-18 15:28:27,9999-12-31 23:59:59,7,20,14,1369936,NONE,2025-08-18 15:28:27
444985,C0ACgG9vyA,1505,1220073,3,4,[플레이스 퀴즈] 전담GATE 망포점 (18520),,,플레이스 퀴즈 맞추기,N,2025-08-18 15:28:29,9999-12-31 23:59:59,7,20,14,1369936,NONE,2025-08-18 15:28:28
444987,3BJ0nNmSUK,1505,1220077,3,4,[플레이스 퀴즈] 전담GATE 인천연수점 (18522),,,플레이스 퀴즈 맞추기,N,2025-08-18 15:28:31,9999-12-31 23:59:59,7,20,14,1369936,NONE,2025-08-18 15:28:30
444988,uWJvYp2Wbp,1505,1220079,3,4,[플레이스 퀴즈] 전담GATE 목동역점 (18523),,,플레이스 퀴즈 맞추기,N,2025-08-18 15:28:32,9999-12-31 23:59:59,7,20,14,1369936,NONE,2025-08-18 15:28:31
444989,X4jxbi59I1,1505,1220081,3,4,[플레이스 퀴즈] 전담GATE 구로디지털단지역점 (18524),,,플레이스 퀴즈 맞추기,N,2025-08-18 15:28:32,9999-12-31 23:59:59,7,20,14,1369936,NONE,2025-08-18 15:28:32
444990,YA2hAevmxF,1505,1220083,3,4,[플레이스 퀴즈] 전담GATE 향남로데오점 (18525),,,플레이스 퀴즈 맞추기,N,2025-08-18 15:28:33,9999-12-31 23:59:59,7,20,14,1369936,NONE,2025-08-18 15:28:33
444992,1k8ZYY9SXG,1505,1220087,3,4,[플레이스 퀴즈] 심야주택 범계본점 (18528),,,플레이스 퀴즈 맞추기,N,2025-08-18 15:28:35,9999-12-31 23:59:59,7,20,14,1369936,NONE,2025-08-18 15:28:34
444993,IvH0SHeDuR,1505,1220089,3,4,[플레이스 퀴즈] 요즈음 잠실방이점 (18532),,,참여,N,2025-08-18 15:28:35,9999-12-31 23:59:59,7,20,14,1369936,NONE,2025-08-18 15:28:35
444995,LJNJjlih56,1505,1220093,3,4,[플레이스 퀴즈] 예가낙지마을 삼척점 (18536),,,플레이스 퀴즈 맞추기,N,2025-08-18 15:28:37,9999-12-31 23:59:59,7,20,14,1369936,NONE,2025-08-18 15:28:37
444996,oCrvB04gDo,1505,1220095,3,4,[플레이스 퀴즈] 전담GATE 파주운정역점 (18553),,,플레이스 퀴즈 맞추기,N,2025-08-18 15:28:38,9999-12-31 23:59:59,7,20,14,1369936,NONE,2025-08-18 15:28:37
444997,yNMoxrxOzG,1505,1220097,3,4,[플레이스 퀴즈] 전담GATE 강남역지하상가점 (18567),,,플레이스 퀴즈 맞추기,N,2025-08-18 15:28:39,9999-12-31 23:59:59,7,20,14,1369936,NONE,2025-08-18 15:28:38
444999,nCoUxqUrMY,1505,1220101,3,4,[플레이스 퀴즈] 해금강유람선 (18600),,,참여,N,2025-08-18 15:28:40,9999-12-31 23:59:59,7,20,14,1369936,NONE,2025-08-18 15:28:40
445001,jgFzmPqU9E,1505,1220105,3,4,[플레이스 퀴즈] 뷰티크의원 인천구월 (18611),,,참여,N,2025-08-18 15:28:42,9999-12-31 23:59:59,7,20,14,1369936,NONE,2025-08-18 15:28:41
445003,p7fReKrunV,1505,1220109,3,4,[플레이스 퀴즈] 문어물갈비 대구본점 (18613),,,플레이스 퀴즈 맞추기,N,2025-08-18 15:28:44,9999-12-31 23:59:59,7,20,14,1369936,NONE,2025-08-18 15:28:43
445006,KoTq6y2mje,1505,1220115,3,4,[플레이스 퀴즈] 대구 물갈비 (18616),,,플레이스 퀴즈 맞추기,N,2025-08-18 15:28:46,9999-12-31 23:59:59,7,20,14,1369936,NONE,2025-08-18 15:28:45
445007,9Yq2UtWfbM,1505,1220117,3,4,[플레이스 퀴즈] 설화맥적 (18622),,,참여,N,2025-08-18 15:28:46,9999-12-31 23:59:59,7,20,14,1369936,NONE,2025-08-18 15:28:46
445008,oOAZGYG3FE,1505,1220119,3,4,[플레이스 퀴즈] 방이별관 잠실방이점 (18632),,,참여,N,2025-08-18 15:28:47,9999-12-31 23:59:59,7,20,14,1369936,NONE,2025-08-18 15:28:47
445010,TPWAHqtdML,1505,1220123,3,4,[플레이스 퀴즈] 고치소사마 대전 봉명 (18636),,,참여,N,2025-08-18 15:28:49,9999-12-31 23:59:59,7,20,14,1369936,NONE,2025-08-18 15:28:48
445011,q1ZqPfFVYL,1505,1220125,3,4,[플레이스 퀴즈] 스테이츠 (18643),,,플레이스 퀴즈 맞추기,N,2025-08-18 15:28:49,9999-12-31 23:59:59,7,20,14,1369936,NONE,2025-08-18 15:28:49
445013,kgU8gboQ61,1505,1220129,3,4,[플레이스 퀴즈] 핏제리아파르코 대학로 (18663),,,플레이스 퀴즈 맞추기,N,2025-08-18 15:28:51,9999-12-31 23:59:59,7,20,14,1369936,NONE,2025-08-18 15:28:51
445014,blr1S7VYSu,1505,1220131,3,4,[플레이스 퀴즈] 전담GATE 서면중앙대로점 (18687),,,플레이스 퀴즈 맞추기,N,2025-08-18 15:28:52,9999-12-31 23:59:59,7,20,14,1369936,NONE,2025-08-18 15:28:52
445016,t1IEypfd6a,1505,1220135,3,4,[플레이스 퀴즈] 썸웨드 (18707),,,플레이스 퀴즈 맞추기,N,2025-08-18 15:28:55,9999-12-31 23:59:59,7,20,14,1369893,NONE,2025-08-18 15:28:54
445018,FfU43rcD7B,1655,1220139,3,4,보명테크닥트 177548,,,네이버플레이스 퀴즈,N,2025-08-18 15:28:58,9999-12-31 23:59:59,7,18,12,1369890,ADS_CODE_DAILY_UPDATE,2025-08-18 15:28:58
445019,im8repgeYn,1655,1220141,3,4,몰리또 대학로점 177550,,,네이버플레이스 퀴즈,N,2025-08-18 15:29:00,9999-12-31 23:59:59,7,18,12,1369889,ADS_CODE_DAILY_UPDATE,2025-08-18 15:28:59
445020,WFj8fCwC2H,1655,1220143,3,4,몰리또 대학로점 177551,,,네이버플레이스 퀴즈,N,2025-08-18 15:29:01,9999-12-31 23:59:59,7,18,12,1369888,ADS_CODE_DAILY_UPDATE,2025-08-18 15:29:01
445021,ThuUOFMj1v,1655,1220145,3,4,몰리또 대학로점 177549,,,네이버플레이스 저장하기 미션,N,2025-08-18 15:29:03,9999-12-31 23:59:59,7,28,20,1369887,NONE,2025-08-18 15:29:02
445022,G1ym0FWf2X,84,1220148,3,8,[29cm-상품찜] 루프트맨션 에코백 10colors,,,참여,N,2025-08-18 15:00:00,2030-12-27 00:00:00,7,200,150,2735800,NONE,2025-08-18 15:30:44
445023,vW3cXOUazH,84,1220147,3,8,[와디즈-알림신청] [보ㅌ스?] 따끔한 주사 대신 고함량 ‘역노화 피부젤리’ 젤톡스!,,,참여,N,2025-08-18 15:00:00,2030-12-27 00:00:00,7,150,110,2735200,NONE,2025-08-18 15:32:24
445025,zGFMeLHB9r,82,1220150,3,4,병점 맛집 족발신선생 1011 (네이버맵 스크린샷 제출_앱 설치 필수),,,네이버맵 저장 후 길찾기,N,2025-08-18 15:37:16,9999-12-31 23:59:59,7,18,8,1369936,NONE,2025-08-18 15:37:16
445037,Ej08Z4Ziqz,1655,1220163,3,4,네이버쇼핑 정답 미션 177341,,,네이버스마트스토어 퀴즈,N,2025-08-18 16:13:19,9999-12-31 23:59:59,7,18,12,1369936,ADS_CODE_DAILY_UPDATE,2025-08-18 16:13:18
445041,XcR8KunOKx,1655,1220172,3,4,또담 이유식 반찬 유아김치 300g / 명인 동치미 / 돌아기부터 어린이 177584,,,네이버스마트스토어 퀴즈,N,2025-08-18 17:22:26,9999-12-31 23:59:59,7,18,12,1369936,ADS_CODE_DAILY_UPDATE,2025-08-18 17:22:25
445043,F5ESNf02IG,1505,1220175,3,4,[플레이스 저장] 대부도 루아풀빌라 (18716),,,플레이스 저장 하기,N,2025-08-18 17:47:08,9999-12-31 23:59:59,7,30,20,1369936,NONE,2025-08-18 17:47:07
445044,ceK4q33VRN,1623,1220177,3,4,참소라,,,퀴즈 맞추기,N,2025-08-18 18:02:12,9999-12-31 23:59:59,7,15,10,1369936,NONE,2025-08-18 18:02:11
445045,TLLDRXNVUm,1655,1220179,3,4,망고왁싱 범계점 177587,,,네이버플레이스 저장하기 미션,N,2025-08-18 18:08:08,9999-12-31 23:59:59,7,28,20,1369936,NONE,2025-08-18 18:08:08
445046,squ3n89SHT,555,1222534,1,2,K데몬헌터스,,,받기,N,2025-08-19 13:00:00,2025-08-24 00:00:00,2,180,120,2763100,NONE,2025-08-18 18:18:29
445047,squ3n89SHT,555,1222536,2,2,K데몬헌터스,,,최초 오픈,N,2025-08-19 13:00:00,2025-08-24 00:00:00,2,280,180,2763000,NONE,2025-08-18 18:18:37
445048,XZOrIzKaTT,555,1220671,1,2,[원스토어] K데몬헌터스,,,받기,N,2025-08-19 13:00:00,2025-08-23 00:00:00,3,180,120,2762800,NONE,2025-08-18 18:18:44
445049,P4QeeaxEfl,1505,1220181,3,4,[플레이스 퀴즈] 대천가자조개구이 (18717),,,참여,N,2025-08-18 18:22:15,9999-12-31 23:59:59,7,20,14,1369936,NONE,2025-08-18 18:22:15
445051,dW7uD8pg5C,1655,1220185,3,4,망고왁싱 범계점 177599,,,일반정답미션,N,2025-08-18 18:32:12,9999-12-31 23:59:59,7,18,12,1369936,ADS_CODE_DAILY_UPDATE,2025-08-18 18:32:12
445052,M3v2qN523b,1623,1220188,3,4,인천맞춤정장,,,퀴즈 맞추기,N,2025-08-18 18:57:29,9999-12-31 23:59:59,7,15,10,1369936,NONE,2025-08-18 18:57:28
445053,icAt0PiMf8,84,1220197,1,1,바카르,,,받기,N,2025-08-18 00:00:00,2025-09-12 00:00:00,1,190,120,2759400,NONE,2025-08-18 19:01:11
445055,XoxAvMY7zn,1655,1220220,3,4,글래쉬 착붙 속눈썹 노글루 기본구성 부분 연장 셀프 177620,,,네이버스마트스토어 퀴즈,N,2025-08-18 19:12:33,9999-12-31 23:59:59,7,18,12,1369936,ADS_CODE_DAILY_UPDATE,2025-08-18 19:12:32
445057,zeQD0B9dxW,318,1220223,3,4,철물파크 강화도어손잡이 맞추기 8.18,,,퀴즈 맞추기,N,2025-08-18 21:06:48,9999-12-31 23:59:59,7,13,9,1369936,NONE,2025-08-18 21:06:48
445058,TA6XXKF6wn,1655,1220224,3,4,하수구막힘 177637,,,네이버플레이스 퀴즈,N,2025-08-18 21:47:00,9999-12-31 23:59:59,7,18,12,1369936,ADS_CODE_DAILY_UPDATE,2025-08-18 21:47:00
445059,6E1545OeR9,1655,1220226,3,4,하수구막힘 177638,,,네이버플레이스 퀴즈,N,2025-08-18 21:47:01,9999-12-31 23:59:59,7,18,12,1369936,ADS_CODE_DAILY_UPDATE,2025-08-18 21:47:01
445060,sEIoxCle6W,1655,1220228,3,4,하수구막힘 177639,,,네이버플레이스 퀴즈,N,2025-08-18 21:51:52,9999-12-31 23:59:59,7,18,12,1369936,ADS_CODE_DAILY_UPDATE,2025-08-18 21:51:51
445061,Vyplj2dCOT,1655,1220230,3,4,하수구막힘 177640,,,네이버플레이스 퀴즈,N,2025-08-18 21:57:04,9999-12-31 23:59:59,7,18,12,1369936,ADS_CODE_DAILY_UPDATE,2025-08-18 21:57:04
445062,phTl5rwAmj,1655,1220232,3,4,하수구막힘 177645,,,네이버플레이스 퀴즈,N,2025-08-18 22:31:56,9999-12-31 23:59:59,7,18,12,1369936,ADS_CODE_DAILY_UPDATE,2025-08-18 22:31:56
445063,oUnx9azk6v,1655,1220234,3,4,하수구막힘 177647,,,네이버플레이스 퀴즈,N,2025-08-18 22:41:51,9999-12-31 23:59:59,7,18,12,1369936,ADS_CODE_DAILY_UPDATE,2025-08-18 22:41:50
445064,7Qkl3KdVMr,1655,1220236,3,4,하수구막힘 177649,,,네이버플레이스 퀴즈,N,2025-08-18 22:46:55,9999-12-31 23:59:59,7,18,12,1369936,ADS_CODE_DAILY_UPDATE,2025-08-18 22:46:54
445065,ymXLEGCyIR,1655,1220238,3,4,천호지게차 177650,,,네이버플레이스 퀴즈,N,2025-08-18 22:56:46,9999-12-31 23:59:59,7,18,12,1369936,ADS_CODE_DAILY_UPDATE,2025-08-18 22:56:46
445067,GTTCZrbehH,1483,1220241,3,4,유성전자담배 타임월드점 (플레이스 보고 퀴즈 맞추기),,,퀴즈 맞추기,N,2025-08-19 00:08:57,9999-12-31 23:59:59,7,20,14,1369936,ADS_CODE_DAILY_UPDATE,2025-08-19 00:08:56
445068,9ucIg4HfDj,1483,1220243,3,4,대전 유성전자담배 도안점 (플레이스 보고 퀴즈 맞추기),,,퀴즈 맞추기,N,2025-08-19 00:08:58,9999-12-31 23:59:59,7,20,14,1369936,ADS_CODE_DAILY_UPDATE,2025-08-19 00:08:57
445069,yJBnEEA7u7,1483,1220245,3,4,유성전자담배 본점 (플레이스 보고 퀴즈 맞추기),,,퀴즈 맞추기,N,2025-08-19 00:08:59,9999-12-31 23:59:59,7,20,14,1369936,ADS_CODE_DAILY_UPDATE,2025-08-19 00:08:58
445070,J1Qd4pKVKs,1483,1220247,3,4,유성전자담배 청주강서점 (플레이스 보고 퀴즈 맞추기),,,퀴즈 맞추기,N,2025-08-19 00:09:00,9999-12-31 23:59:59,7,20,14,1369936,ADS_CODE_DAILY_UPDATE,2025-08-19 00:08:59
445071,cId6RAzYf4,1623,1220249,3,4,커리쉴 에프터 살롱 케어 샴푸 (극손상) 500ml,,,퀴즈 맞추기,N,2025-08-19 00:09:59,9999-12-31 23:59:59,7,15,10,1369936,NONE,2025-08-19 00:09:59
445076,rvcW7I6yA1,1623,1220259,3,4,수면조끼,,,퀴즈 맞추기,N,2025-08-19 00:10:06,9999-12-31 23:59:59,7,15,10,1369936,NONE,2025-08-19 00:10:06
445077,zkOAoibrrS,1623,1220261,3,4,톤업선크림,,,퀴즈 맞추기,N,2025-08-19 00:10:08,9999-12-31 23:59:59,7,15,10,1369936,NONE,2025-08-19 00:10:08
445079,Pfps3m1ya2,1623,1220265,3,4,핸드워시 답례품,,,퀴즈 맞추기,N,2025-08-19 00:10:13,9999-12-31 23:59:59,7,15,10,1369936,NONE,2025-08-19 00:10:13
445080,pPb4QFcsxJ,1623,1220267,3,4,핸드워시 답례품,,,퀴즈 맞추기,N,2025-08-19 00:10:15,9999-12-31 23:59:59,7,15,10,1369936,NONE,2025-08-19 00:10:15
445081,AE4HPsDTt2,1623,1220269,3,4,[퀴즈] 제주 장어정식,,,퀴즈 맞추기,N,2025-08-19 00:10:17,9999-12-31 23:59:59,7,15,10,1369936,NONE,2025-08-19 00:10:17
445082,M9X2qPdhE4,1623,1220271,3,4,휘게로 유럽미장,,,퀴즈 맞추기,N,2025-08-19 00:10:19,9999-12-31 23:59:59,7,15,10,1369936,NONE,2025-08-19 00:10:19
445099,Q5v33NABwf,82,1220305,3,4,층간소음매트 (리뷰 전체보기 클릭 후 URL 제출),,,리뷰 전체보기 클릭 후 URL 제출,N,2025-08-19 00:12:45,9999-12-31 23:59:59,7,17,8,1369936,NONE,2025-08-19 00:12:45
445105,1h6fyvCTmk,82,1220311,3,4,통큰솥뚜껑닭볶음탕 광주수완점 (전화번호 입력하기),,,전화번호 입력하기,N,2025-08-19 00:12:51,9999-12-31 23:59:59,7,15,8,1369936,NONE,2025-08-19 00:12:50
445126,9aCRFIyD6H,82,1220332,3,4,제일법무사사무소(저장 후 스샷 제출),,,검색 후 저장 스샷 제출,N,2025-08-19 00:13:09,9999-12-31 23:59:59,7,18,8,1369936,NONE,2025-08-19 00:13:08
445128,q6kadygyUH,1655,1220334,3,4,리빙채널 주방세제 거치대 수세미 걸이 받침대 물빠짐 싱크대 정리대 수세미거치대 177540,,,네이버스마트스토어 퀴즈,N,2025-08-19 00:17:07,9999-12-31 23:59:59,7,18,12,1369936,ADS_CODE_DAILY_UPDATE,2025-08-19 00:17:07
445130,ZYuAGhO0cB,1655,1220338,3,4,제로네이트 177577,,,일반정답미션,N,2025-08-19 00:17:11,9999-12-31 23:59:59,7,18,12,1369936,ADS_CODE_DAILY_UPDATE,2025-08-19 00:17:10
445132,wo8A4Jmg2o,1655,1220342,3,4,티셔츠 제작 주문 반팔 단체티 커스텀 굿즈 177600,,,네이버스마트스토어 퀴즈,N,2025-08-19 00:17:14,9999-12-31 23:59:59,7,18,12,1369936,ADS_CODE_DAILY_UPDATE,2025-08-19 00:17:13
445133,V9yg0aLESG,1655,1220344,3,4,아이프리 얼룩없는 자동차 유리세정제 세차티슈 25매 4팩 177601,,,네이버스마트스토어 퀴즈,N,2025-08-19 00:17:14,9999-12-31 23:59:59,7,18,12,1369936,ADS_CODE_DAILY_UPDATE,2025-08-19 00:17:14
445134,ANHFfZQoRu,1655,1220346,3,4,"포엘리에 옴므 슬로우에이징 5 IN 1 올인원 기능성 남자 로션 150ml, 1개 1776",,,네이버스마트스토어 퀴즈,N,2025-08-19 00:17:15,9999-12-31 23:59:59,7,18,12,1369936,ADS_CODE_DAILY_UPDATE,2025-08-19 00:17:15
445135,5vd2ghyMDs,1655,1220348,3,4,결혼식답례품 히말라야 핑크솔트 돌잔치 소금 답례품 177604,,,네이버스마트스토어 퀴즈,N,2025-08-19 00:17:16,9999-12-31 23:59:59,7,18,12,1369936,ADS_CODE_DAILY_UPDATE,2025-08-19 00:17:16
445136,AWULWrA8f9,1655,1220350,3,4,루민 BLDC 무선청소기 미니 원룸 소형 핸디 저렴한 청소기 177605,,,네이버스마트스토어 퀴즈,N,2025-08-19 00:17:18,9999-12-31 23:59:59,7,18,12,1369936,ADS_CODE_DAILY_UPDATE,2025-08-19 00:17:17
445137,O1XM1QWdwN,1655,1220352,3,4,엑시멀 스노쿨링 마스크 물안경 프리다이빙 장비 세트 마린웨이브 177606,,,네이버스마트스토어 퀴즈,N,2025-08-19 00:17:18,9999-12-31 23:59:59,7,18,12,1369936,ADS_CODE_DAILY_UPDATE,2025-08-19 00:17:18
445138,IHL7oKWzPp,1655,1220354,3,4,[중고] 삼성 갤럭시Z플립5 5G 중고폰 공기계 리퍼폰 256기가 F등급 177607,,,네이버스마트스토어 퀴즈,N,2025-08-19 00:17:19,9999-12-31 23:59:59,7,18,12,1369936,ADS_CODE_DAILY_UPDATE,2025-08-19 00:17:19
445139,Ug8i3hhVyF,1655,1220356,3,4,훈민출판사 엄마랑 벽그림 아기병풍 6단 완성품 세이펜호환 아기 단어 터미타임 177608,,,네이버스마트스토어 퀴즈,N,2025-08-19 00:17:20,9999-12-31 23:59:59,7,18,12,1369936,ADS_CODE_DAILY_UPDATE,2025-08-19 00:17:20
445140,Myjnea6vjh,1655,1220358,3,4,삼정물산 왕타 백선생 베이직 칫솔 10개입 1개 177609,,,네이버스마트스토어 퀴즈,N,2025-08-19 00:17:21,9999-12-31 23:59:59,7,18,12,1369936,ADS_CODE_DAILY_UPDATE,2025-08-19 00:17:20
445141,xEowfVuDRY,1655,1220360,3,4,SSUN 튜브 누들 스틱 막대 물놀이튜브 어린이 성인 대형 177610,,,네이버스마트스토어 퀴즈,N,2025-08-19 00:17:21,9999-12-31 23:59:59,7,18,12,1369936,ADS_CODE_DAILY_UPDATE,2025-08-19 00:17:21
445142,Cm60KxgsJV,1655,1220362,3,4,2in1 트랩 충전식 캠핑 전기 전자 모기채 파리채 177611,,,네이버스마트스토어 퀴즈,N,2025-08-19 00:17:22,9999-12-31 23:59:59,7,18,12,1369936,ADS_CODE_DAILY_UPDATE,2025-08-19 00:17:22
445143,7JbaA88yKB,1655,1220364,3,4,서울우유 수험생 중학생 영양제 어린이 비타민 젤리 스틱 177612,,,네이버스마트스토어 퀴즈,N,2025-08-19 00:17:23,9999-12-31 23:59:59,7,18,12,1369936,ADS_CODE_DAILY_UPDATE,2025-08-19 00:17:23
445144,bMcG08buBt,1655,1220366,3,4,무베즈 올인원 이동식행거 2단 드레스룸 고정식 스탠드 옷걸이 행거 177614,,,네이버스마트스토어 퀴즈,N,2025-08-19 00:17:24,9999-12-31 23:59:59,7,18,12,1369936,ADS_CODE_DAILY_UPDATE,2025-08-19 00:17:23
445145,gZ25lrK8K7,1655,1220368,3,4,서울우유 면역 탄탄 키 즈 영양제 건강하게 크는 성장기 청소년 어린이 우유칼슘 177616,,,네이버스마트스토어 퀴즈,N,2025-08-19 00:17:25,9999-12-31 23:59:59,7,18,12,1369936,ADS_CODE_DAILY_UPDATE,2025-08-19 00:17:24
445146,5DXFaWtOQI,1655,1220370,3,4,금전수 돈나무 중형 개업축하화분 거실 개업식 집들이 화분배달 선물 인테리어식물 실내화초 1,,,네이버스마트스토어 퀴즈,N,2025-08-19 00:17:26,9999-12-31 23:59:59,7,18,12,1369936,ADS_CODE_DAILY_UPDATE,2025-08-19 00:17:25
445147,LSEWPshlhw,1655,1220372,3,4,포올레스트 경추베개 목디스크 거북목 코골이 깊은잠 일자목 베개 177618,,,네이버스마트스토어 퀴즈,N,2025-08-19 00:17:27,9999-12-31 23:59:59,7,18,12,1369936,ADS_CODE_DAILY_UPDATE,2025-08-19 00:17:27
445148,Re7s57q3v2,1655,1220374,3,4,[호환] TSI 위닉스 공기청정기 필터 타워Q QS CAF-DOS5 NK331 일반형 17,,,네이버스마트스토어 퀴즈,N,2025-08-19 00:17:28,9999-12-31 23:59:59,7,18,12,1369936,ADS_CODE_DAILY_UPDATE,2025-08-19 00:17:28
445149,xuQxZtRIWz,1655,1220376,3,4,해남 절임배추 20kg 김장배추 GAP인증 177621,,,네이버스마트스토어 퀴즈,N,2025-08-19 00:17:29,9999-12-31 23:59:59,7,18,12,1369936,ADS_CODE_DAILY_UPDATE,2025-08-19 00:17:29
445150,MnLjsm7c2N,1655,1220378,3,4,국산 제철 신안 흰다리새우 500g 1kg 활새우 왕새우 생새우 177622,,,네이버스마트스토어 퀴즈,N,2025-08-19 00:17:30,9999-12-31 23:59:59,7,18,12,1369936,ADS_CODE_DAILY_UPDATE,2025-08-19 00:17:30
445151,ld67guRiAW,1655,1220380,3,4,인피테 레이저 골프 거리측정기 초경량 미니 IXG2000PRO 177624,,,네이버스마트스토어 퀴즈,N,2025-08-19 00:17:31,9999-12-31 23:59:59,7,18,12,1369936,ADS_CODE_DAILY_UPDATE,2025-08-19 00:17:31
445152,ouh6h8pzFB,1655,1220382,3,4,국산 자포니카 민물장어 장어 1kg 생물 손질 후 700g 177626,,,네이버스마트스토어 퀴즈,N,2025-08-19 00:17:32,9999-12-31 23:59:59,7,18,12,1369936,ADS_CODE_DAILY_UPDATE,2025-08-19 00:17:31
445153,Vk8A3WnJjP,1655,1220384,3,4,브릭 여행용캐리어 68cm(24인치) 튼튼한 캐리어 폴리카보네이트 177627,,,네이버스마트스토어 퀴즈,N,2025-08-19 00:17:33,9999-12-31 23:59:59,7,18,12,1369936,ADS_CODE_DAILY_UPDATE,2025-08-19 00:17:32
445154,nMygPi1Msc,1655,1220386,3,4,와니룸 국내 맞춤 쉬폰커튼 먼지없는 항균 암막 도톰 거실 안방 차르르 나비주름 60x160,,,네이버스마트스토어 퀴즈,N,2025-08-19 00:17:34,9999-12-31 23:59:59,7,18,12,1369936,ADS_CODE_DAILY_UPDATE,2025-08-19 00:17:33
445155,4SQvM2cWzn,1655,1220388,3,4,[중고] 삼성전자 갤럭시 S23 중고폰 공기계 리퍼폰 256기가 F등급 177629,,,네이버스마트스토어 퀴즈,N,2025-08-19 00:17:35,9999-12-31 23:59:59,7,18,12,1369936,ADS_CODE_DAILY_UPDATE,2025-08-19 00:17:34
445156,YROk17NwZE,1655,1220390,3,4,리포소홈 폴더매트 층간소음 아기매트 거실 놀이방 200x240 빅매트 아이보리 177631,,,네이버스마트스토어 퀴즈,N,2025-08-19 00:17:36,9999-12-31 23:59:59,7,18,12,1369936,ADS_CODE_DAILY_UPDATE,2025-08-19 00:17:35
445158,Am0QxJaaxp,1596,1220394,3,4,[정답입력]싱크대,,,네이버 상품 해시태그,N,2025-08-19 06:07:54,9999-12-31 23:59:59,7,18,12,1369936,ADS_CODE_DAILY_UPDATE,2025-08-19 06:07:54
445159,Ogopr2vsm2,1655,1220396,3,4,여성여름티셔츠 브이넥반팔티 데일리 셔링 이너티 흰티 옆페 177662,,,네이버스마트스토어 퀴즈,N,2025-08-19 06:42:16,9999-12-31 23:59:59,7,18,12,1369936,ADS_CODE_DAILY_UPDATE,2025-08-19 06:42:16
445160,8lhq10fWPV,1655,1220398,3,4,여성티셔츠 반팔티 반목 흰티 슬림 기본 이너티 레이어드 반목티셔츠 177663,,,네이버스마트스토어 퀴즈,N,2025-08-19 06:47:16,9999-12-31 23:59:59,7,18,12,1369936,ADS_CODE_DAILY_UPDATE,2025-08-19 06:47:16
445163,FeO17Zr02N,1655,1220402,3,4,정답 미션 177744,,,일반정답미션,N,2025-08-19 09:17:02,9999-12-31 23:59:59,7,18,12,1369936,ADS_CODE_DAILY_UPDATE,2025-08-19 09:17:01
445164,xVFbHru9ox,1655,1220404,3,4,용돈박스 용돈이벤트 돈 폭탄 벼락 부모님 깜짝 선물 마카롱 177745,,,네이버스마트스토어 퀴즈,N,2025-08-19 09:21:51,9999-12-31 23:59:59,7,18,12,1369936,ADS_CODE_DAILY_UPDATE,2025-08-19 09:21:51
445165,Tmr1n3M2nm,1655,1220406,3,4,자연정 177751,,,네이버스마트스토어 퀴즈,N,2025-08-19 09:42:13,9999-12-31 23:59:59,7,18,12,1369936,ADS_CODE_DAILY_UPDATE,2025-08-19 09:42:13
445167,Wor2DmDxrl,1655,1220410,3,4,서빙카트 서빙카 이동식카트 업소용 식당 트롤리2단중그레이회색 177757,,,네이버스마트스토어 퀴즈,N,2025-08-19 09:42:15,9999-12-31 23:59:59,7,18,12,1369936,ADS_CODE_DAILY_UPDATE,2025-08-19 09:42:14
445169,3ejXkaI4Qr,1655,1220414,3,4,구로캐스터 177763,,,네이버스마트스토어 퀴즈,N,2025-08-19 09:47:13,9999-12-31 23:59:59,7,18,12,1369936,ADS_CODE_DAILY_UPDATE,2025-08-19 09:47:13
445170,zgRMYvZWG0,1655,1220416,3,4,캐스터팩토리 177766,,,네이버스마트스토어 퀴즈,N,2025-08-19 09:47:14,9999-12-31 23:59:59,7,18,12,1369936,ADS_CODE_DAILY_UPDATE,2025-08-19 09:47:14
445171,q5ohPyk9Vp,1655,1220418,3,4,홈마블 177769,,,네이버스마트스토어 퀴즈,N,2025-08-19 09:47:16,9999-12-31 23:59:59,7,18,12,1369936,ADS_CODE_DAILY_UPDATE,2025-08-19 09:47:15
445172,uOJUluuunB,1655,1220420,3,4,홈마블 177770,,,네이버스마트스토어 퀴즈,N,2025-08-19 09:47:17,9999-12-31 23:59:59,7,18,12,1369936,ADS_CODE_DAILY_UPDATE,2025-08-19 09:47:16
445173,bditq7eGSk,1655,1220422,3,4,슈퍼밀리언헤어 흑채 남자여성 홈쇼핑 뿌리는가발 원형탈모커버 검정 177771,,,네이버스마트스토어 퀴즈,N,2025-08-19 09:47:17,9999-12-31 23:59:59,7,18,12,1369936,ADS_CODE_DAILY_UPDATE,2025-08-19 09:47:17
445174,F0eugtjGs5,1655,1220424,3,4,HPRT 공식몰 177772,,,네이버스마트스토어 퀴즈,N,2025-08-19 09:47:18,9999-12-31 23:59:59,7,18,12,1369936,ADS_CODE_DAILY_UPDATE,2025-08-19 09:47:18
445175,wcI6xupheT,1655,1220426,3,4,완벽한일상 177773,,,네이버스마트스토어 퀴즈,N,2025-08-19 09:47:19,9999-12-31 23:59:59,7,18,12,1369936,ADS_CODE_DAILY_UPDATE,2025-08-19 09:47:19
445177,tpVOa38A0q,1655,1220430,3,4,원스토몰 177775,,,네이버스마트스토어 퀴즈,N,2025-08-19 09:47:21,9999-12-31 23:59:59,7,18,12,1369936,ADS_CODE_DAILY_UPDATE,2025-08-19 09:47:21
445178,5vJDq7xWeS,1655,1220432,3,4,서빙카트 식당 업소용 주방 서빙카 다용도 서빙카트 소형 2단 기본고무바퀴 177776,,,네이버스마트스토어 퀴즈,N,2025-08-19 09:47:22,9999-12-31 23:59:59,7,18,12,1369936,ADS_CODE_DAILY_UPDATE,2025-08-19 09:47:22
445179,qDOdL58PDh,1655,1220434,3,4,프리다이빙 첫 발자국 - 호흡의 예술 [with 블루페블] 서울 잠실 용인 177777,,,네이버스마트스토어 퀴즈,N,2025-08-19 09:47:23,9999-12-31 23:59:59,7,18,12,1369936,ADS_CODE_DAILY_UPDATE,2025-08-19 09:47:23
445180,mxN9Co10oz,1655,1220436,3,4,프리다이빙 강습 레벨1 원데이 과정 서울 수원 성남 177778,,,네이버스마트스토어 퀴즈,N,2025-08-19 09:47:24,9999-12-31 23:59:59,7,18,12,1369936,ADS_CODE_DAILY_UPDATE,2025-08-19 09:47:24
445181,qilzmRvZoQ,1655,1220438,3,4,오즈네일 고발색 고광택 샤인무드 네일컬러 비건 매니큐어 페디큐어 폴리쉬 튜튜블러셔 1777,,,네이버스마트스토어 퀴즈,N,2025-08-19 09:47:25,9999-12-31 23:59:59,7,18,12,1369936,ADS_CODE_DAILY_UPDATE,2025-08-19 09:47:24
445182,sUU7yf2wv6,1655,1220440,3,4,1마력 2마력 이동식 목공 용 필터 분진 전기 소형 집진기 모음전 177780,,,네이버스마트스토어 퀴즈,N,2025-08-19 09:47:26,9999-12-31 23:59:59,7,18,12,1369936,ADS_CODE_DAILY_UPDATE,2025-08-19 09:47:25
445183,UYshWuLNu1,1655,1220442,3,4,베베라온오가닉 177781,,,네이버스마트스토어 퀴즈,N,2025-08-19 09:47:27,9999-12-31 23:59:59,7,18,12,1369936,ADS_CODE_DAILY_UPDATE,2025-08-19 09:47:26
445184,uNMj4dFf2A,1655,1220444,3,4,아기 가제 손수건 신생아 밤부 엠보 손수건 5장 무형광 국내제조 친환경 177782,,,네이버스마트스토어 퀴즈,N,2025-08-19 09:52:07,9999-12-31 23:59:59,7,18,12,1369936,ADS_CODE_DAILY_UPDATE,2025-08-19 09:52:07
445185,JJG1D46m2g,1655,1220446,3,4,배냇저고리 아기 신생아 밤부 편면 순면 임신출산선물 177783,,,네이버스마트스토어 퀴즈,N,2025-08-19 09:52:09,9999-12-31 23:59:59,7,18,12,1369936,ADS_CODE_DAILY_UPDATE,2025-08-19 09:52:09
445186,J4fIr2GigJ,1655,1220448,3,4,광희문 인덕원본점 177808,,,네이버플레이스 퀴즈,N,2025-08-19 10:07:53,9999-12-31 23:59:59,7,18,12,1369936,ADS_CODE_DAILY_UPDATE,2025-08-19 10:07:52
445187,NypNKByjWB,318,1220450,3,4,에어힐러자차청정기 맞추기 8.19,,,퀴즈 맞추기,N,2025-08-19 10:12:13,9999-12-31 23:59:59,7,16,11,1369936,NONE,2025-08-19 10:12:13
445188,W9cpxe6DEP,1655,1220452,3,4,타이탄트랙 등산스틱 접이식 등산용지팡이 스틱 두랄루민 177821,,,네이버스마트스토어 퀴즈,N,2025-08-19 10:17:20,9999-12-31 23:59:59,7,18,12,1369936,ADS_CODE_DAILY_UPDATE,2025-08-19 10:17:20
445193,uTkfPyETbn,1655,1220462,3,4,주문제작 가림막커튼 주방가리개 벨크로 찍찍이 책장 광목 선반 창문 미니 가림천 공간분리 봉,,,네이버스마트스토어 퀴즈,N,2025-08-19 11:07:24,9999-12-31 23:59:59,7,18,12,1369936,ADS_CODE_DAILY_UPDATE,2025-08-19 11:07:24
445194,Bfi24xpyKy,1655,1220465,3,4,고려은단 오메가3 177843,,,일반정답미션,N,2025-08-19 11:32:19,9999-12-31 23:59:59,7,18,12,1369936,ADS_CODE_DAILY_UPDATE,2025-08-19 11:32:18
445195,1rhR8Rz3J6,1655,1220472,3,4,네티컬 키높이 깔창 신발깔창 구두 운동화 쿠션 1.5cm 177849,,,네이버스마트스토어 퀴즈,N,2025-08-19 13:02:20,9999-12-31 23:59:59,7,18,12,1369936,ADS_CODE_DAILY_UPDATE,2025-08-19 13:02:20
445196,oWLbkEkroE,1655,1220474,3,4,네티컬플러스 기능성 깔창 아치 족저근막염 군화 평발 깔창 177850,,,네이버스마트스토어 퀴즈,N,2025-08-19 13:02:21,9999-12-31 23:59:59,7,18,12,1369936,ADS_CODE_DAILY_UPDATE,2025-08-19 13:02:20
445197,slom21tuaC,318,1220476,3,4,동동마켓 엘리카 인덕션 핏60 맞추기 8.19,,,퀴즈 맞추기,N,2025-08-19 13:07:41,9999-12-31 23:59:59,7,16,11,1369936,NONE,2025-08-19 13:07:41
445198,CrpcbG7rER,318,1220478,3,4,아기섬유유연제 맞추기 8.19,,,퀴즈 맞추기,N,2025-08-19 13:07:44,9999-12-31 23:59:59,7,13,9,1369936,NONE,2025-08-19 13:07:44
445199,Ysi8e4l8p4,318,1220479,3,4,43인치스탠바이미 맞추기 8.19,,,퀴즈 맞추기,N,2025-08-19 13:07:45,9999-12-31 23:59:59,7,16,11,1369936,NONE,2025-08-19 13:07:45
445200,QXe6AWwuGM,318,1220481,3,4,용가리전자담배 제우스맥스 코일 맞추기 8.19,,,퀴즈 맞추기,N,2025-08-19 13:07:46,9999-12-31 23:59:59,7,16,11,1369936,NONE,2025-08-19 13:07:46
445201,wJ5bmVhiCm,318,1220483,3,4,팰리세이드 사이드스텝 맞추기 8.19,,,퀴즈 맞추기,N,2025-08-19 13:07:47,9999-12-31 23:59:59,7,16,11,1369936,NONE,2025-08-19 13:07:47
445202,wK3XHefaQH,318,1220486,3,4,동동마켓 4구엘리카 테슬라 맞추기 8.19,,,퀴즈 맞추기,N,2025-08-19 13:12:14,9999-12-31 23:59:59,7,16,11,1369936,NONE,2025-08-19 13:12:14
445205,dGsM2YWUiW,50,1220491,1,1,[간편참여] 인천공항면세점,,,받기,N,2025-08-19 13:32:00,9999-12-31 23:59:59,2,170,120,1557422,NONE,2025-08-19 13:32:00
445206,ZsgKajCa3S,1655,1220498,3,4,원두커피 1kg 고소한커피 베트남 로부스타 G1 177859,,,네이버스마트스토어 퀴즈,N,2025-08-19 13:52:19,9999-12-31 23:59:59,7,18,12,1369936,ADS_CODE_DAILY_UPDATE,2025-08-19 13:52:19
445208,z5XuUUisA4,1655,1220502,3,4,박승광해물손칼국수 원주점 177863,,,네이버플레이스 퀴즈,N,2025-08-19 14:02:26,9999-12-31 23:59:59,7,18,12,1369936,ADS_CODE_DAILY_UPDATE,2025-08-19 14:02:26
445209,mUYjKV9Aim,1655,1220504,3,4,한양 과천본점 177865,,,네이버플레이스 퀴즈,N,2025-08-19 14:12:43,9999-12-31 23:59:59,7,18,12,1369936,ADS_CODE_DAILY_UPDATE,2025-08-19 14:12:43
445212,12kpPkYTm4,1505,1220510,3,4,[플레이스 퀴즈] 전담GATE 수원역점 (11985),,,플레이스 퀴즈 맞추기,N,2025-08-19 14:37:26,9999-12-31 23:59:59,7,20,14,1369936,NONE,2025-08-19 14:37:25
445216,0TxVXO8Wpk,1505,1220518,3,4,[플레이스 퀴즈] 전담GATE 범계점 (16456),,,플레이스 퀴즈 맞추기,N,2025-08-19 14:37:29,9999-12-31 23:59:59,7,20,14,1369936,NONE,2025-08-19 14:37:29
445221,RKYHlLouTQ,1505,1220528,3,4,[플레이스 퀴즈] 전담GATE 신촌역점 (17032),,,플레이스 퀴즈 맞추기,N,2025-08-19 14:37:34,9999-12-31 23:59:59,7,20,14,1369936,NONE,2025-08-19 14:37:34
445223,GR3Lvt7NNG,1505,1220532,3,4,[플레이스 퀴즈] 전담GATE 화성병점점 (17522),,,플레이스 퀴즈 맞추기,N,2025-08-19 14:37:36,9999-12-31 23:59:59,7,20,14,1369936,NONE,2025-08-19 14:37:35
445224,jfQ9n3JRmc,1505,1220534,3,4,[플레이스 퀴즈] 전담GATE 덕천점 (17523),,,플레이스 퀴즈 맞추기,N,2025-08-19 14:37:37,9999-12-31 23:59:59,7,20,14,1369936,NONE,2025-08-19 14:37:36
445225,ig1b4FSGaD,1505,1220536,3,4,[플레이스 퀴즈] 전담GATE 경성대부경대점 (17524),,,플레이스 퀴즈 맞추기,N,2025-08-19 14:37:38,9999-12-31 23:59:59,7,20,14,1369936,NONE,2025-08-19 14:37:37
445226,hgUasGKoTY,1505,1220538,3,4,[플레이스 퀴즈] 전담GATE 까치산역점 (17525),,,플레이스 퀴즈 맞추기,N,2025-08-19 14:37:39,9999-12-31 23:59:59,7,20,14,1369936,NONE,2025-08-19 14:37:38
445227,v44C2h5Bzh,1505,1220540,3,4,[플레이스 퀴즈] 전담GATE 서산점 (17527),,,플레이스 퀴즈 맞추기,N,2025-08-19 14:37:40,9999-12-31 23:59:59,7,20,14,1369936,NONE,2025-08-19 14:37:39
445228,eYEUz8ZHEz,1505,1220542,3,4,[플레이스 퀴즈] 전담GATE 동탄남광장점 (17530),,,플레이스 퀴즈 맞추기,N,2025-08-19 14:37:41,9999-12-31 23:59:59,7,20,14,1369936,NONE,2025-08-19 14:37:40
445229,LmWgDEmNt6,1505,1220544,3,4,[플레이스 퀴즈] 전담GATE 창원상남점 (17682),,,플레이스 퀴즈 맞추기,N,2025-08-19 14:37:41,9999-12-31 23:59:59,7,20,14,1369936,NONE,2025-08-19 14:37:41
445230,lezfhqCbs3,1505,1220546,3,4,[플레이스 퀴즈] 전담GATE 이태원점 (17971),,,플레이스 퀴즈 맞추기,N,2025-08-19 14:37:42,9999-12-31 23:59:59,7,20,14,1369936,NONE,2025-08-19 14:37:42
445231,0MQEgFC6NG,1505,1220548,3,4,[플레이스 퀴즈] 전담GATE 시흥능곡역점 (18252),,,플레이스 퀴즈 맞추기,N,2025-08-19 14:37:43,9999-12-31 23:59:59,7,20,14,1369936,NONE,2025-08-19 14:37:43
445232,uYtG5wLgA6,1505,1220550,3,4,[플레이스 퀴즈] 방이별관 잠실방이점 (18267),,,플레이스 퀴즈 맞추기,N,2025-08-19 14:37:44,9999-12-31 23:59:59,7,20,14,1369936,NONE,2025-08-19 14:37:43
445233,cmaRI89LZq,1505,1220552,3,4,[플레이스 퀴즈] 바 다빈치 (18389),,,참여,N,2025-08-19 14:37:44,9999-12-31 23:59:59,7,20,14,1369936,NONE,2025-08-19 14:37:44
445234,DZ3TdZZfUm,1505,1220554,3,4,[플레이스 퀴즈] 도투 (18493),,,참여,N,2025-08-19 14:37:45,9999-12-31 23:59:59,7,20,14,1369936,NONE,2025-08-19 14:37:45
445236,T6vtM5qLFF,1505,1220558,3,4,[플레이스 퀴즈] 전담GATE 대구교동점 (18516),,,플레이스 퀴즈 맞추기,N,2025-08-19 14:37:47,9999-12-31 23:59:59,7,20,14,1369936,NONE,2025-08-19 14:37:47
445238,fFkgaxbjL4,1505,1220562,3,4,[플레이스 퀴즈] 전담GATE 망포점 (18520),,,플레이스 퀴즈 맞추기,N,2025-08-19 14:37:49,9999-12-31 23:59:59,7,20,14,1369936,NONE,2025-08-19 14:37:49
445239,sezeNBZ5Nf,1505,1220564,3,4,[플레이스 퀴즈] 전담GATE 오산점 (18521),,,플레이스 퀴즈 맞추기,N,2025-08-19 14:37:50,9999-12-31 23:59:59,7,20,14,1369936,NONE,2025-08-19 14:37:50
445240,AGof2HdBA8,1505,1220566,3,4,[플레이스 퀴즈] 전담GATE 인천연수점 (18522),,,플레이스 퀴즈 맞추기,N,2025-08-19 14:37:52,9999-12-31 23:59:59,7,20,14,1369936,NONE,2025-08-19 14:37:51
445241,gfCHBd5cCF,1505,1220568,3,4,[플레이스 퀴즈] 전담GATE 목동역점 (18523),,,플레이스 퀴즈 맞추기,N,2025-08-19 14:37:52,9999-12-31 23:59:59,7,20,14,1369936,NONE,2025-08-19 14:37:52
445242,WvkLQyNpsb,1505,1220570,3,4,[플레이스 퀴즈] 전담GATE 구로디지털단지역점 (18524),,,플레이스 퀴즈 맞추기,N,2025-08-19 14:37:53,9999-12-31 23:59:59,7,20,14,1369936,NONE,2025-08-19 14:37:53
445246,KH5s7JG42h,1505,1220578,3,4,[플레이스 퀴즈] 요즈음 잠실방이점 (18532),,,참여,N,2025-08-19 14:37:57,9999-12-31 23:59:59,7,20,14,1369936,NONE,2025-08-19 14:37:56
445248,onBoTg6wP2,1505,1220582,3,4,[플레이스 퀴즈] 전담GATE 파주운정역점 (18553),,,플레이스 퀴즈 맞추기,N,2025-08-19 14:37:58,9999-12-31 23:59:59,7,20,14,1369936,NONE,2025-08-19 14:37:58
445249,9a94I5CPy5,1505,1220584,3,4,[플레이스 퀴즈] 전담GATE 강남역지하상가점 (18567),,,플레이스 퀴즈 맞추기,N,2025-08-19 14:37:59,9999-12-31 23:59:59,7,20,14,1369936,NONE,2025-08-19 14:37:59
445250,wobR7q2sGa,1505,1220586,3,4,[플레이스 퀴즈] 단양흑마늘쌈밥 (18572),,,참여,N,2025-08-19 14:38:00,9999-12-31 23:59:59,7,20,14,1369936,NONE,2025-08-19 14:37:59
445251,avEbaX8VJN,1505,1220588,3,4,[플레이스 퀴즈] 삼대갈비탕 (18580),,,참여,N,2025-08-19 14:38:01,9999-12-31 23:59:59,7,20,14,1369936,NONE,2025-08-19 14:38:00
445252,MInKBvFEA4,1505,1220590,3,4,[플레이스 퀴즈] 해금강유람선 (18600),,,참여,N,2025-08-19 14:38:01,9999-12-31 23:59:59,7,20,14,1369936,NONE,2025-08-19 14:38:01
445253,0xhbEeH7MO,1505,1220592,3,4,[플레이스 퀴즈] 뷰티크의원 인천구월 (18610),,,플레이스 퀴즈 맞추기,N,2025-08-19 14:38:03,9999-12-31 23:59:59,7,20,14,1369936,NONE,2025-08-19 14:38:03
445254,WmAaEaxCv8,1505,1220594,3,4,[플레이스 퀴즈] 뷰티크의원 인천구월 (18611),,,참여,N,2025-08-19 14:38:04,9999-12-31 23:59:59,7,20,14,1369936,NONE,2025-08-19 14:38:04
445256,ILcqnhKudX,1505,1220598,3,4,[플레이스 퀴즈] 문어물갈비 대구본점 (18613),,,플레이스 퀴즈 맞추기,N,2025-08-19 14:38:07,9999-12-31 23:59:59,7,20,14,1369936,NONE,2025-08-19 14:38:06
445258,CWJIPSQ4hc,1505,1220602,3,4,[플레이스 퀴즈] 문어물갈비 대구본점 (18615),,,플레이스 퀴즈 맞추기,N,2025-08-19 14:38:08,9999-12-31 23:59:59,7,20,14,1369936,NONE,2025-08-19 14:38:08
445259,ipoBVRigCB,1505,1220604,3,4,[플레이스 퀴즈] 대구 물갈비 (18616),,,플레이스 퀴즈 맞추기,N,2025-08-19 14:38:09,9999-12-31 23:59:59,7,20,14,1369936,NONE,2025-08-19 14:38:09
445260,4C24CI8cME,1505,1220606,3,4,[플레이스 퀴즈] 살레르노 판교점 (18618),,,플레이스 퀴즈 맞추기,N,2025-08-19 14:38:10,9999-12-31 23:59:59,7,20,14,1369936,NONE,2025-08-19 14:38:10
445261,oOayWqGnjo,1505,1220608,3,4,[플레이스 퀴즈] 방이별관 잠실방이점 (18632),,,참여,N,2025-08-19 14:38:11,9999-12-31 23:59:59,7,20,14,1369936,NONE,2025-08-19 14:38:11
445263,tEIl8Kt6n6,1505,1220612,3,4,[플레이스 퀴즈] 고치소사마 대전 봉명 (18636),,,참여,N,2025-08-19 14:38:13,9999-12-31 23:59:59,7,20,14,1369936,NONE,2025-08-19 14:38:12
445264,ASKbGhHNKr,1505,1220614,3,4,[플레이스 퀴즈] 스테이츠 (18643),,,플레이스 퀴즈 맞추기,N,2025-08-19 14:38:13,9999-12-31 23:59:59,7,20,14,1369936,NONE,2025-08-19 14:38:13
445265,2QzLA01DrB,1505,1220616,3,4,[플레이스 퀴즈] 전담GATE 광주상무점 (18651),,,플레이스 퀴즈 맞추기,N,2025-08-19 14:38:14,9999-12-31 23:59:59,7,20,14,1369936,NONE,2025-08-19 14:38:14
445266,JbGRCEcwAF,1505,1220618,3,4,[플레이스 퀴즈] 핏제리아파르코 대학로 (18663),,,플레이스 퀴즈 맞추기,N,2025-08-19 14:38:15,9999-12-31 23:59:59,7,20,14,1369936,NONE,2025-08-19 14:38:15
445267,sAY3cfZjsj,1505,1220620,3,4,[플레이스 퀴즈] 전담GATE 서면중앙대로점 (18687),,,플레이스 퀴즈 맞추기,N,2025-08-19 14:38:16,9999-12-31 23:59:59,7,20,14,1369936,NONE,2025-08-19 14:38:15
445268,RkzHw1Gn4y,1505,1220622,3,4,[플레이스 퀴즈] 해금강유람선 (18693),,,플레이스 퀴즈 맞추기,N,2025-08-19 14:38:16,9999-12-31 23:59:59,7,20,14,1369936,NONE,2025-08-19 14:38:16
445269,pDPvUSzwE1,1505,1220624,3,4,[플레이스 퀴즈] 서울위례산부인과의원 (18697),,,플레이스 퀴즈 맞추기,N,2025-08-19 14:38:17,9999-12-31 23:59:59,7,20,14,1369936,NONE,2025-08-19 14:38:17
445271,nJFdQ2TXfN,1505,1220628,3,4,[플레이스 퀴즈] 시스터뷰티 안산고잔점 (18710),,,플레이스 퀴즈 맞추기,N,2025-08-19 14:38:19,9999-12-31 23:59:59,7,20,14,1369936,NONE,2025-08-19 14:38:19
445272,ykc5YL4VYN,1655,1220630,3,4,헤이홈 프로 홈캠 가정용 cctv 펫 베이비캠 홈카메라 177870,,,네이버스마트스토어 퀴즈,N,2025-08-19 14:42:28,9999-12-31 23:59:59,7,18,12,1369936,ADS_CODE_DAILY_UPDATE,2025-08-19 14:42:27
445277,ll3EYepIIZ,318,1220638,3,4,해님UVLED젖병소독기4세대 맞추기 8.19,,,퀴즈 맞추기,N,2025-08-19 15:12:25,9999-12-31 23:59:59,7,16,11,1369936,NONE,2025-08-19 15:12:25
445278,pYKPo4bC7w,318,1220640,3,4,동동마켓 엘리카 인덕션 벨벳 맞추기 8.19,,,퀴즈 맞추기,N,2025-08-19 15:12:26,9999-12-31 23:59:59,7,16,11,1369936,NONE,2025-08-19 15:12:26
445279,di490NGqTV,318,1220642,3,4,아만 맞추기 8.12,,,퀴즈 맞추기,N,2025-08-19 15:22:07,9999-12-31 23:59:59,7,18,12,1369936,NONE,2025-08-19 15:22:06
445281,m9GLfppBTo,1655,1220646,3,4,에브리데이해피벌스데이 177953,,,네이버플레이스 퀴즈,N,2025-08-19 15:42:13,9999-12-31 23:59:59,7,18,12,1369936,ADS_CODE_DAILY_UPDATE,2025-08-19 15:42:12
445291,UDSoBPgK0H,1655,1220679,3,4,정답 미션 177960,,,일반정답미션,N,2025-08-19 16:57:16,9999-12-31 23:59:59,7,18,12,1369936,ADS_CODE_DAILY_UPDATE,2025-08-19 16:57:16
445293,HzV9ePERLa,318,1220682,3,4,NUTRALIFE 감마리놀렌산 맞추기 8.19,,,퀴즈 맞추기,N,2025-08-19 17:07:11,9999-12-31 23:59:59,7,13,9,1369936,NONE,2025-08-19 17:07:10
445294,3YkCGjxBoB,1655,1220683,3,4,정답 미션 177967,,,일반정답미션,N,2025-08-19 17:07:23,9999-12-31 23:59:59,7,18,12,1369936,ADS_CODE_DAILY_UPDATE,2025-08-19 17:07:23
445297,l2ZazUSaoe,1655,1220689,3,4,쑥스초코파이 177971,,,일반정답미션,N,2025-08-19 17:27:15,9999-12-31 23:59:59,7,18,12,1369936,ADS_CODE_DAILY_UPDATE,2025-08-19 17:27:14
445298,NFe2iyUKKU,1655,1220691,3,4,이천누수탐지하수구막힘변기막힘해빙24시긴급설비 177972,,,네이버플레이스 저장하기 미션,N,2025-08-19 17:47:26,9999-12-31 23:59:59,7,28,20,1369936,NONE,2025-08-19 17:47:25
445299,2jHuikNptJ,1655,1220693,3,4,효원가 177973,,,네이버플레이스 저장하기 미션,N,2025-08-19 17:57:07,9999-12-31 23:59:59,7,28,20,1369936,NONE,2025-08-19 17:57:06
445301,QAbDfQr1fb,1655,1220708,3,4,25W C타입충전기 PD 초고속 여행용 핸드폰 고속충전기 어댑터 177997,,,네이버스마트스토어 퀴즈,N,2025-08-19 21:17:11,9999-12-31 23:59:59,7,18,12,1369936,ADS_CODE_DAILY_UPDATE,2025-08-19 21:17:11
445302,vPH25gBnX7,1655,1220710,3,4,에브리데이해피벌스데이 178001,,,네이버플레이스 퀴즈,N,2025-08-19 21:36:53,9999-12-31 23:59:59,7,18,12,1369936,ADS_CODE_DAILY_UPDATE,2025-08-19 21:36:53
445304,ADB2OgQCKu,1655,1220714,3,4,천호지게차 178033,,,네이버플레이스 퀴즈,N,2025-08-19 23:02:11,9999-12-31 23:59:59,7,18,12,1369936,ADS_CODE_DAILY_UPDATE,2025-08-19 23:02:11
445305,bZLj8kudQI,1655,1220716,3,4,엑세스스튜디오 178040,,,일반정답미션,N,2025-08-19 23:12:13,9999-12-31 23:59:59,7,18,12,1369936,ADS_CODE_DAILY_UPDATE,2025-08-19 23:12:12
445307,9VQE2sruO3,1483,1220719,3,4,유성전자담배 타임월드점 (플레이스 보고 퀴즈 맞추기),,,퀴즈 맞추기,N,2025-08-20 00:10:19,9999-12-31 23:59:59,7,20,14,1369936,ADS_CODE_DAILY_UPDATE,2025-08-20 00:10:19
445308,Uc7dCWvwBu,1483,1220721,3,4,대전 유성전자담배 도안점 (플레이스 보고 퀴즈 맞추기),,,퀴즈 맞추기,N,2025-08-20 00:10:21,9999-12-31 23:59:59,7,20,14,1369936,ADS_CODE_DAILY_UPDATE,2025-08-20 00:10:20
445309,aUeuQdAm4R,1483,1220723,3,4,유성전자담배 본점 (플레이스 보고 퀴즈 맞추기),,,퀴즈 맞추기,N,2025-08-20 00:10:21,9999-12-31 23:59:59,7,20,14,1369936,ADS_CODE_DAILY_UPDATE,2025-08-20 00:10:21
445310,03mP7d9oNN,1483,1220725,3,4,유성전자담배 청주강서점 (플레이스 보고 퀴즈 맞추기),,,퀴즈 맞추기,N,2025-08-20 00:10:22,9999-12-31 23:59:59,7,20,14,1369936,ADS_CODE_DAILY_UPDATE,2025-08-20 00:10:22
445312,h7MBqderGY,1623,1220729,3,4,대추차,,,퀴즈 맞추기,N,2025-08-20 00:11:30,9999-12-31 23:59:59,7,15,10,1369936,NONE,2025-08-20 00:11:29
445316,HveXXzlcJd,1623,1220737,3,4,[저장] 정평역 갈비탕 맛집,,,플레이스 저장,N,2025-08-20 00:11:34,9999-12-31 23:59:59,7,20,14,1369936,NONE,2025-08-20 00:11:34
445318,g77Lz5WLm0,1655,1220740,3,4,바자르 177836,,,일반정답미션,N,2025-08-20 00:17:27,9999-12-31 23:59:59,7,18,12,1369936,ADS_CODE_DAILY_UPDATE,2025-08-20 00:17:26
445321,NHGxt98NUK,1655,1220746,3,4,리유마켓 177840,,,네이버스마트스토어 퀴즈,N,2025-08-20 00:17:29,9999-12-31 23:59:59,7,18,12,1369936,ADS_CODE_DAILY_UPDATE,2025-08-20 00:17:29
445322,50CJ8gSnwd,1655,1220748,3,4,리유마켓 177841,,,네이버스마트스토어 퀴즈,N,2025-08-20 00:17:30,9999-12-31 23:59:59,7,18,12,1369936,ADS_CODE_DAILY_UPDATE,2025-08-20 00:17:30
445324,vXufagEq4O,1655,1220752,3,4,일품양평해장국 대관령점 177970,,,네이버플레이스 퀴즈,N,2025-08-20 00:17:35,9999-12-31 23:59:59,7,18,12,1369936,ADS_CODE_DAILY_UPDATE,2025-08-20 00:17:35
445325,OtchRhcZhz,1655,1220754,3,4,맛있는 다이어트 식단 관리 도시락 1팩담기 강황쌀잡곡 로제매콤스테이크 점심 직장인 냉동 1,,,네이버스마트스토어 퀴즈,N,2025-08-20 00:17:36,9999-12-31 23:59:59,7,18,12,1369936,ADS_CODE_DAILY_UPDATE,2025-08-20 00:17:36
445326,uWaMQyXKJw,1655,1220756,3,4,맛있는 다이어트 식단 관리 도시락 12팩 세트 직장인 간편 냉동 12종 12팩 177975,,,네이버스마트스토어 퀴즈,N,2025-08-20 00:17:37,9999-12-31 23:59:59,7,18,12,1369936,ADS_CODE_DAILY_UPDATE,2025-08-20 00:17:37
445328,f2l8g2hLxd,1655,1220760,3,4,300달톤 저분자 어린 피쉬콜라겐 엘라스틴 2.5g X 30포 히알루론산 177977,,,네이버스마트스토어 퀴즈,N,2025-08-20 00:17:40,9999-12-31 23:59:59,7,18,12,1369936,ADS_CODE_DAILY_UPDATE,2025-08-20 00:17:39
445329,dKwVks1dx9,1655,1220762,3,4,제스파 듀얼 코어 엔진 소노디아 듀얼 안마의자 ZPC2225 177978,,,네이버스마트스토어 퀴즈,N,2025-08-20 00:17:41,9999-12-31 23:59:59,7,18,12,1369936,ADS_CODE_DAILY_UPDATE,2025-08-20 00:17:40
445330,H6xeznVPuD,1655,1220764,3,4,플로랑 오브제 대용량 인테리어 디퓨저 실내방향제 향기뿜뿜 500ml 아리아 가든파티 177,,,네이버스마트스토어 퀴즈,N,2025-08-20 00:17:42,9999-12-31 23:59:59,7,18,12,1369936,ADS_CODE_DAILY_UPDATE,2025-08-20 00:17:41
445331,XgCtUIOsVy,1655,1220766,3,4,탁상용선풍기 사무실 USB 소형 캠핑 무선선풍기 177987,,,네이버스마트스토어 퀴즈,N,2025-08-20 00:17:43,9999-12-31 23:59:59,7,18,12,1369936,ADS_CODE_DAILY_UPDATE,2025-08-20 00:17:43
445332,uXle1t5fTa,1655,1220768,3,4,멜피움 스팀청소기 물걸레 고온 살균 청소 177988,,,네이버스마트스토어 퀴즈,N,2025-08-20 00:17:44,9999-12-31 23:59:59,7,18,12,1369936,ADS_CODE_DAILY_UPDATE,2025-08-20 00:17:44
445333,XkE0RNDIAR,1655,1220770,3,4,갤럭시 아이폰 무선충전기 갤럭시워치 애플워치 멀티 여행용 무선충전기 178000,,,네이버스마트스토어 퀴즈,N,2025-08-20 00:17:46,9999-12-31 23:59:59,7,18,12,1369936,ADS_CODE_DAILY_UPDATE,2025-08-20 00:17:46
445334,Vj3EKNJ5w7,1655,1220772,3,4,여행용 전기포트 캠핑용 소형 휴대용 미니 커피포트 전기주전자 178005,,,네이버스마트스토어 퀴즈,N,2025-08-20 00:17:48,9999-12-31 23:59:59,7,18,12,1369936,ADS_CODE_DAILY_UPDATE,2025-08-20 00:17:47
445335,55qz54Qvn4,1655,1220774,3,4,전기난로 히터 오방난로 난방기 가정용 사무실 스토브 178007,,,네이버스마트스토어 퀴즈,N,2025-08-20 00:17:49,9999-12-31 23:59:59,7,18,12,1369936,ADS_CODE_DAILY_UPDATE,2025-08-20 00:17:48
445336,a29P2aojsh,1655,1220776,3,4,미니가습기 USB 사무실 휴대용 가습기 178009,,,네이버스마트스토어 퀴즈,N,2025-08-20 00:17:50,9999-12-31 23:59:59,7,18,12,1369936,ADS_CODE_DAILY_UPDATE,2025-08-20 00:17:49
445337,F9hgCCxt4S,1655,1220778,3,4,맥세이프충전기 에어팟 애플워치 고속 무선 아이폰충전기 178012,,,네이버스마트스토어 퀴즈,N,2025-08-20 00:17:51,9999-12-31 23:59:59,7,18,12,1369936,ADS_CODE_DAILY_UPDATE,2025-08-20 00:17:51
445339,WtCw6TlTdu,1655,1220782,3,4,남자 슬랙스 남성 여름 정장 바지 스판 빅사이즈 9부 10부 히든 밴딩 슬랙스 178023,,,네이버스마트스토어 퀴즈,N,2025-08-20 00:17:53,9999-12-31 23:59:59,7,18,12,1369936,ADS_CODE_DAILY_UPDATE,2025-08-20 00:17:53
445341,tVHhZLgpXa,1655,1220786,3,4,차량용 방향제 178036,,,일반정답미션,N,2025-08-20 00:17:55,9999-12-31 23:59:59,7,18,12,1369936,ADS_CODE_DAILY_UPDATE,2025-08-20 00:17:55
445342,tgU8JtWT6p,1655,1220788,3,4,차량용 방향제 178037,,,일반정답미션,N,2025-08-20 00:17:56,9999-12-31 23:59:59,7,18,12,1369936,ADS_CODE_DAILY_UPDATE,2025-08-20 00:17:56
445343,5u5WwKoSqz,1655,1220790,3,4,골프네임택+볼마커 178039,,,일반정답미션,N,2025-08-20 00:17:57,9999-12-31 23:59:59,7,18,12,1369936,ADS_CODE_DAILY_UPDATE,2025-08-20 00:17:57
445344,F1aLbotL7D,1655,1220792,3,4,남자 조거팬츠 남성 카고바지 여름 스판 건빵 반바지 밴딩 빅사이즈 파라슈트 고무줄 바지 1,,,네이버스마트스토어 퀴즈,N,2025-08-20 00:17:58,9999-12-31 23:59:59,7,18,12,1369936,ADS_CODE_DAILY_UPDATE,2025-08-20 00:17:58
445345,uElCqqmzOl,1655,1220794,3,4,남자 반팔 니트 워셔블 라운드 카라 브이넥 여름 머슬핏 린넨 반팔티 178059,,,네이버스마트스토어 퀴즈,N,2025-08-20 00:17:59,9999-12-31 23:59:59,7,18,12,1369936,ADS_CODE_DAILY_UPDATE,2025-08-20 00:17:59
445346,fkUhXP29iU,1655,1220796,3,4,무지 반팔티 기능성 반팔 면티 남자 흰티 레이어드 티셔츠 이너 오버핏 라운드 유넥 1780,,,네이버스마트스토어 퀴즈,N,2025-08-20 00:18:00,9999-12-31 23:59:59,7,18,12,1369936,ADS_CODE_DAILY_UPDATE,2025-08-20 00:18:00
445348,oIBUZAFMON,1505,1220800,3,4,[카카오맵 퀴즈] 방이별관 (18714),,,카카오맵 주소를 맞추는 퀴즈,N,2025-08-20 00:18:16,9999-12-31 23:59:59,7,20,14,1369936,NONE,2025-08-20 00:18:15
445349,NFz0bZsR3f,1655,1220802,3,4,한경희 핸디 소형청소기 무선 미니 청소기 177996,,,네이버스마트스토어 퀴즈,N,2025-08-20 00:33:24,9999-12-31 23:59:59,7,18,12,1369936,ADS_CODE_DAILY_UPDATE,2025-08-20 00:33:24
445350,YP50Mb2umo,1655,1220804,3,4,스팀다리미 핸디 여행용 미니 핸디형스팀다리미 177992,,,네이버스마트스토어 퀴즈,N,2025-08-20 00:43:19,9999-12-31 23:59:59,7,18,12,1369936,ADS_CODE_DAILY_UPDATE,2025-08-20 00:43:19
445353,X4tqtcuGTD,1596,1220809,3,4,[정답입력]싱크대,,,네이버 상품 해시태그,N,2025-08-20 06:22:38,9999-12-31 23:59:59,7,18,12,1369936,ADS_CODE_DAILY_UPDATE,2025-08-20 06:22:37
445361,bmKc3535i1,1655,1220824,3,4,네이버쇼핑 정답 미션 178197,,,네이버스마트스토어 퀴즈,N,2025-08-20 09:02:26,9999-12-31 23:59:59,7,18,12,1369936,ADS_CODE_DAILY_UPDATE,2025-08-20 09:02:25
445370,4GsAqYybaV,1655,1220841,3,4,아모스샴푸 녹차실감샴푸 탈모 녹차 지성타입 아모레퍼시픽 500g 2개 178073,,,네이버스마트스토어 퀴즈,N,2025-08-20 09:22:30,9999-12-31 23:59:59,7,18,12,1369936,ADS_CODE_DAILY_UPDATE,2025-08-20 09:22:29
445378,AafUZbAfCw,1655,1220857,3,4,네이버쇼핑 정답 미션 178270,,,네이버스마트스토어 퀴즈,N,2025-08-20 09:27:35,9999-12-31 23:59:59,7,18,12,1369936,ADS_CODE_DAILY_UPDATE,2025-08-20 09:27:35
445380,qpjOgdCLRN,1655,1220861,3,4,이치류 울산남구청점 178279,,,네이버플레이스 퀴즈,N,2025-08-20 09:32:32,9999-12-31 23:59:59,7,18,12,1369936,ADS_CODE_DAILY_UPDATE,2025-08-20 09:32:32
445389,viEDo7Qkfn,1655,1220879,3,4,네이버쇼핑 정답 미션 178305,,,네이버스마트스토어 퀴즈,N,2025-08-20 09:37:44,9999-12-31 23:59:59,7,18,12,1369936,ADS_CODE_DAILY_UPDATE,2025-08-20 09:37:44
445394,fYCAPCyDmB,1655,1220889,3,4,자연정 178343,,,네이버스마트스토어 퀴즈,N,2025-08-20 09:52:51,9999-12-31 23:59:59,7,18,12,1369936,ADS_CODE_DAILY_UPDATE,2025-08-20 09:52:51
445395,EkVcnWRwEx,1655,1220891,3,4,서빙카트 서빙카 이동식카트 업소용 식당 트롤리2단중그레이회색 178344,,,네이버스마트스토어 퀴즈,N,2025-08-20 09:52:52,9999-12-31 23:59:59,7,18,12,1369936,ADS_CODE_DAILY_UPDATE,2025-08-20 09:52:52
445397,R8FU8VWvZ0,1655,1220895,3,4,구로캐스터 178346,,,네이버스마트스토어 퀴즈,N,2025-08-20 09:52:54,9999-12-31 23:59:59,7,18,12,1369936,ADS_CODE_DAILY_UPDATE,2025-08-20 09:52:54
445398,xdjI7MeO9j,1655,1220897,3,4,홈마블 178347,,,네이버스마트스토어 퀴즈,N,2025-08-20 09:52:55,9999-12-31 23:59:59,7,18,12,1369936,ADS_CODE_DAILY_UPDATE,2025-08-20 09:52:55
445399,B7IfgLGcDi,1655,1220899,3,4,HPRT 공식몰 178348,,,네이버스마트스토어 퀴즈,N,2025-08-20 09:52:56,9999-12-31 23:59:59,7,18,12,1369936,ADS_CODE_DAILY_UPDATE,2025-08-20 09:52:56
445400,JVfPpdkCPA,1655,1220901,3,4,알루미늄 양은쟁반 오봉 사각 대형 식당 업소용 민쟁반 소소 178349,,,네이버스마트스토어 퀴즈,N,2025-08-20 09:52:57,9999-12-31 23:59:59,7,18,12,1369936,ADS_CODE_DAILY_UPDATE,2025-08-20 09:52:57
445406,vO3ylYx5QC,1655,1220913,3,4,원스토몰 178355,,,네이버스마트스토어 퀴즈,N,2025-08-20 09:57:32,9999-12-31 23:59:59,7,18,12,1369936,ADS_CODE_DAILY_UPDATE,2025-08-20 09:57:31
445407,3w8GyWJzLy,1655,1220915,3,4,서빙카트 식당 업소용 주방 서빙카 다용도 서빙카트 소형 2단 기본고무바퀴 178356,,,네이버스마트스토어 퀴즈,N,2025-08-20 09:57:33,9999-12-31 23:59:59,7,18,12,1369936,ADS_CODE_DAILY_UPDATE,2025-08-20 09:57:32
445408,HH4E53v7Be,1655,1220917,3,4,프리다이빙 강습 레벨1 원데이 과정 서울 수원 성남 178357,,,네이버스마트스토어 퀴즈,N,2025-08-20 09:57:34,9999-12-31 23:59:59,7,18,12,1369936,ADS_CODE_DAILY_UPDATE,2025-08-20 09:57:33
445409,rwsjkT9YOP,1655,1220919,3,4,프리다이빙 첫 발자국 - 호흡의 예술 [with 블루페블] 서울 잠실 용인 178358,,,네이버스마트스토어 퀴즈,N,2025-08-20 09:57:34,9999-12-31 23:59:59,7,18,12,1369936,ADS_CODE_DAILY_UPDATE,2025-08-20 09:57:34
445410,aGCXN1tWp6,1655,1220921,3,4,오즈네일 고발색 고광택 샤인무드 네일컬러 비건 매니큐어 페디큐어 폴리쉬 튜튜블러셔 1783,,,네이버스마트스토어 퀴즈,N,2025-08-20 09:57:35,9999-12-31 23:59:59,7,18,12,1369936,ADS_CODE_DAILY_UPDATE,2025-08-20 09:57:35
445411,KxDD386n58,1655,1220923,3,4,1마력 2마력 이동식 목공 용 필터 분진 전기 소형 집진기 모음전 178360,,,네이버스마트스토어 퀴즈,N,2025-08-20 09:57:36,9999-12-31 23:59:59,7,18,12,1369936,ADS_CODE_DAILY_UPDATE,2025-08-20 09:57:36
445412,Imu1MVKKtZ,1655,1220925,3,4,베베라온오가닉 178361,,,네이버스마트스토어 퀴즈,N,2025-08-20 09:57:37,9999-12-31 23:59:59,7,18,12,1369936,ADS_CODE_DAILY_UPDATE,2025-08-20 09:57:37
445413,aKgcitTSF0,1655,1220927,3,4,아기 가제 손수건 신생아 밤부 엠보 손수건 5장 무형광 국내제조 친환경 178362,,,네이버스마트스토어 퀴즈,N,2025-08-20 09:57:38,9999-12-31 23:59:59,7,18,12,1369936,ADS_CODE_DAILY_UPDATE,2025-08-20 09:57:38
445416,TwE3WAcWQh,1655,1220932,3,4,네이버쇼핑 정답 미션 178365,,,네이버스마트스토어 퀴즈,N,2025-08-20 10:07:44,9999-12-31 23:59:59,7,18,12,1369936,ADS_CODE_DAILY_UPDATE,2025-08-20 10:07:44
445417,DIBpfyUsTo,1655,1220934,3,4,백일상대여 푸른솔 178367,,,네이버스마트스토어 퀴즈,N,2025-08-20 10:07:45,9999-12-31 23:59:59,7,18,12,1369936,ADS_CODE_DAILY_UPDATE,2025-08-20 10:07:45
445430,hdGNRDeiII,1655,1220948,3,4,네이버쇼핑 정답 미션 178400,,,네이버스마트스토어 퀴즈,N,2025-08-20 10:13:25,9999-12-31 23:59:59,7,18,12,1369936,ADS_CODE_DAILY_UPDATE,2025-08-20 10:13:25
445431,D8tuHOBVBc,1655,1220950,3,4,네이버쇼핑 정답 미션 178401,,,네이버스마트스토어 퀴즈,N,2025-08-20 10:13:26,9999-12-31 23:59:59,7,18,12,1369936,ADS_CODE_DAILY_UPDATE,2025-08-20 10:13:26
445443,rBJgkvUCdK,1655,1220979,3,4,네이버쇼핑 정답 미션 178419,,,네이버스마트스토어 퀴즈,N,2025-08-20 10:17:37,9999-12-31 23:59:59,7,18,12,1369936,ADS_CODE_DAILY_UPDATE,2025-08-20 10:17:37
445450,NVl48Ytwaa,1655,1220993,3,4,네이버쇼핑 정답 미션 178430,,,네이버스마트스토어 퀴즈,N,2025-08-20 10:22:42,9999-12-31 23:59:59,7,18,12,1369936,ADS_CODE_DAILY_UPDATE,2025-08-20 10:22:42
445452,Rp9zGWzQef,1655,1220997,3,4,델템포하우스 178433,,,네이버플레이스 퀴즈,N,2025-08-20 10:47:31,9999-12-31 23:59:59,7,18,12,1369936,ADS_CODE_DAILY_UPDATE,2025-08-20 10:47:30
445468,TGDhzbxEJN,1655,1221029,3,4,네이버쇼핑 정답 미션 178467,,,네이버스마트스토어 퀴즈,N,2025-08-20 11:07:43,9999-12-31 23:59:59,7,18,12,1369936,ADS_CODE_DAILY_UPDATE,2025-08-20 11:07:43
445485,Ayrm3lgAPM,1655,1221065,3,4,네이버쇼핑 정답 미션 178484,,,네이버스마트스토어 퀴즈,N,2025-08-20 11:12:53,9999-12-31 23:59:59,7,18,12,1369936,ADS_CODE_DAILY_UPDATE,2025-08-20 11:12:53
445502,PxdMfJoqW7,1655,1221099,3,4,네이버쇼핑 정답 미션 178506,,,네이버스마트스토어 퀴즈,N,2025-08-20 11:17:34,9999-12-31 23:59:59,7,18,12,1369936,ADS_CODE_DAILY_UPDATE,2025-08-20 11:17:34
445514,oKKgif6JpK,813,1221128,1,2,[원스토어] 심연의 검,,,받기,N,2025-08-21 10:00:00,2025-09-05 00:00:00,3,190,120,2763700,NONE,2025-08-20 11:50:37
445516,DyVuH6SSNE,1655,1221141,3,4,네이버쇼핑 정답 미션 178542,,,네이버스마트스토어 퀴즈,N,2025-08-20 12:08:59,9999-12-31 23:59:59,7,18,12,1369936,ADS_CODE_DAILY_UPDATE,2025-08-20 12:08:59
445539,HjJDQAMq82,1655,1221165,3,4,네이버쇼핑 정답 미션 178544,,,네이버스마트스토어 퀴즈,N,2025-08-20 12:13:41,9999-12-31 23:59:59,7,18,12,1369936,ADS_CODE_DAILY_UPDATE,2025-08-20 12:13:40
445540,ftPyBuAap0,1655,1221167,3,4,유정란 계란 20구 무항생제 동물복지 당일산란 자연방사 178536,,,네이버스마트스토어 퀴즈,N,2025-08-20 12:13:50,9999-12-31 23:59:59,7,18,12,1369936,ADS_CODE_DAILY_UPDATE,2025-08-20 12:13:50
445543,XBqtvyoEG2,1655,1221173,3,4,네이버쇼핑 정답 미션 178545,,,네이버스마트스토어 퀴즈,N,2025-08-20 12:18:13,9999-12-31 23:59:59,7,18,12,1369936,ADS_CODE_DAILY_UPDATE,2025-08-20 12:18:13
445544,IRgiJ35oZm,1655,1221175,3,4,네이버쇼핑 정답 미션 178546,,,네이버스마트스토어 퀴즈,N,2025-08-20 12:18:14,9999-12-31 23:59:59,7,18,12,1369936,ADS_CODE_DAILY_UPDATE,2025-08-20 12:18:13
445545,LhMUldUxJS,1655,1221177,3,4,네이버쇼핑 정답 미션 178547,,,네이버스마트스토어 퀴즈,N,2025-08-20 12:18:14,9999-12-31 23:59:59,7,18,12,1369936,ADS_CODE_DAILY_UPDATE,2025-08-20 12:18:14
445546,ogTVPFJ5JP,1655,1221179,3,4,네이버쇼핑 정답 미션 178548,,,네이버스마트스토어 퀴즈,N,2025-08-20 12:18:15,9999-12-31 23:59:59,7,18,12,1369936,ADS_CODE_DAILY_UPDATE,2025-08-20 12:18:15
445554,hTLkKHeuGj,1655,1221195,3,4,네이버쇼핑 정답 미션 178556,,,네이버스마트스토어 퀴즈,N,2025-08-20 12:23:10,9999-12-31 23:59:59,7,18,12,1369936,ADS_CODE_DAILY_UPDATE,2025-08-20 12:23:10
445562,Yu2yWn0khG,318,1221211,3,4,슈펠로 일회용 전자담배 맞추기 8.20,,,퀴즈 맞추기,N,2025-08-20 13:02:20,9999-12-31 23:59:59,7,18,12,1369936,NONE,2025-08-20 13:02:20
445563,EFqPBwiI97,318,1221213,3,4,아기섬유유연제 맞추기 8.20,,,퀴즈 맞추기,N,2025-08-20 13:07:11,9999-12-31 23:59:59,7,13,9,1369936,NONE,2025-08-20 13:07:11
445564,fYRgcduLuW,318,1221214,3,4,팰리세이드튜닝142 맞추기 8.20,,,퀴즈 맞추기,N,2025-08-20 13:07:12,9999-12-31 23:59:59,7,16,11,1369936,NONE,2025-08-20 13:07:12
445567,Tq2bV2aw6t,1505,1221220,3,4,[플레이스 저장] 부어스트라덴 (18748),,,플레이스 저장 하기,N,2025-08-20 13:57:14,9999-12-31 23:59:59,7,30,20,1369936,NONE,2025-08-20 13:57:14
445573,YJhvtb65Nv,1655,1221232,3,4,여성 트위드 자켓 숏 가을 봄 긴팔 노카라 니트 178595,,,네이버스마트스토어 퀴즈,N,2025-08-20 14:27:43,9999-12-31 23:59:59,7,18,12,1369936,ADS_CODE_DAILY_UPDATE,2025-08-20 14:27:43
445574,vbkRIvIpae,84,1221234,7,3,[인스타팔로우] tamz.kr,,,팔로우,N,2025-08-20 14:00:00,2031-01-03 00:00:00,7,200,150,2728900,NONE,2025-08-20 14:35:48
445575,LKL3vwMZu8,335,1221235,2,0,NOL 신규 앱 (최초오픈),,,최초 오픈,N,2025-08-20 14:37:28,9999-12-31 23:59:59,2,230,180,1673459,NONE,2025-08-20 14:37:28
445576,XCnmmDp9ZZ,724,1221236,9,6,k데몬헌터스,,,모든 서브퀘스트 완료,N,2025-08-20 14:00:00,2025-12-31 23:59:00,2,0,179,2762600,NONE,2025-08-20 14:37:35
445587,GXrZxEkIYY,1505,1221254,3,4,[플레이스 퀴즈] 전담GATE 세종나성점 (17030),,,플레이스 퀴즈 맞추기,N,2025-08-20 14:48:29,9999-12-31 23:59:59,7,20,14,1369936,NONE,2025-08-20 14:48:29
445590,WMrDleHMng,1505,1221260,3,4,[플레이스 퀴즈] 전담GATE 화성병점점 (17522),,,플레이스 퀴즈 맞추기,N,2025-08-20 14:48:32,9999-12-31 23:59:59,7,20,14,1369936,NONE,2025-08-20 14:48:32
445595,pRpWhZbGGS,1505,1221270,3,4,[플레이스 퀴즈] 전담GATE 동탄남광장점 (17530),,,플레이스 퀴즈 맞추기,N,2025-08-20 14:48:36,9999-12-31 23:59:59,7,20,14,1369936,NONE,2025-08-20 14:48:36
445599,H5NnhCalFm,1505,1221278,3,4,[플레이스 퀴즈] 방이별관 잠실방이점 (18267),,,플레이스 퀴즈 맞추기,N,2025-08-20 14:48:39,9999-12-31 23:59:59,7,20,14,1369936,NONE,2025-08-20 14:48:39
445600,U8uSzJ12mM,1505,1221280,3,4,[플레이스 퀴즈] 바 다빈치 (18389),,,참여,N,2025-08-20 14:48:40,9999-12-31 23:59:59,7,20,14,1369936,NONE,2025-08-20 14:48:40
445604,jRTw5aYlgy,1505,1221288,3,4,[플레이스 퀴즈] 전담GATE 망포점 (18520),,,플레이스 퀴즈 맞추기,N,2025-08-20 14:48:43,9999-12-31 23:59:59,7,20,14,1369936,NONE,2025-08-20 14:48:43
445612,pc7OgkMuIs,1505,1221304,3,4,[플레이스 퀴즈] 요즈음 잠실방이점 (18532),,,참여,N,2025-08-20 14:48:49,9999-12-31 23:59:59,7,20,14,1369936,NONE,2025-08-20 14:48:49
445617,IO4LyGuWNy,1505,1221314,3,4,[플레이스 퀴즈] 삼대갈비탕 (18580),,,참여,N,2025-08-20 14:48:54,9999-12-31 23:59:59,7,20,14,1369936,NONE,2025-08-20 14:48:54
445618,7Mi8Hggnrz,1505,1221316,3,4,[플레이스 퀴즈] 해금강유람선 (18600),,,참여,N,2025-08-20 14:48:55,9999-12-31 23:59:59,7,20,14,1369936,NONE,2025-08-20 14:48:55
445624,uCf3YwHQjB,1505,1221328,3,4,[플레이스 퀴즈] 방이별관 잠실방이점 (18632),,,참여,N,2025-08-20 14:49:00,9999-12-31 23:59:59,7,20,14,1369936,NONE,2025-08-20 14:48:59
445625,1LNCbFRcxG,1505,1221330,3,4,[플레이스 퀴즈] 고치소사마 대전 봉명 (18636),,,참여,N,2025-08-20 14:49:00,9999-12-31 23:59:59,7,20,14,1369936,NONE,2025-08-20 14:49:00
445626,YcnXSvmIj1,1505,1221332,3,4,[플레이스 퀴즈] 스테이츠 (18643),,,플레이스 퀴즈 맞추기,N,2025-08-20 14:49:01,9999-12-31 23:59:59,7,20,14,1369936,NONE,2025-08-20 14:49:01
445628,VYXiayosRb,1505,1221336,3,4,[플레이스 퀴즈] 핏제리아파르코 대학로 (18663),,,플레이스 퀴즈 맞추기,N,2025-08-20 14:49:03,9999-12-31 23:59:59,7,20,14,1369936,NONE,2025-08-20 14:49:03
445629,zp5cDMNpUx,1505,1221338,3,4,[플레이스 퀴즈] 전담GATE 서면중앙대로점 (18687),,,플레이스 퀴즈 맞추기,N,2025-08-20 14:49:04,9999-12-31 23:59:59,7,20,14,1369936,NONE,2025-08-20 14:49:04
445633,DtwLHTfxcJ,1505,1221346,3,4,[플레이스 퀴즈] 대천가자조개구이 (18717),,,참여,N,2025-08-20 14:49:08,9999-12-31 23:59:59,7,20,14,1369936,NONE,2025-08-20 14:49:08
445634,AyJmhroE5Y,1505,1221348,3,4,[플레이스 퀴즈] 양천뼈다귀 공덕마포점 (18750),,,참여,N,2025-08-20 14:49:09,9999-12-31 23:59:59,7,20,14,1369936,NONE,2025-08-20 14:49:09
445635,5j8ZH084PK,1505,1221350,3,4,[플레이스 퀴즈] 제주삼다흑돈 (18751),,,참여,N,2025-08-20 14:49:10,9999-12-31 23:59:59,7,20,14,1369936,NONE,2025-08-20 14:49:10
445640,nHZKmUHmCX,1655,1221356,3,4,광희문 인덕원본점 178678,,,네이버플레이스 퀴즈,N,2025-08-20 14:57:30,9999-12-31 23:59:59,7,18,12,1369936,ADS_CODE_DAILY_UPDATE,2025-08-20 14:57:29
445642,o5c3G4edAh,318,1221359,3,4,메리네 라비앙독 1.8kg 맞추기 8.20,,,퀴즈 맞추기,N,2025-08-20 15:12:47,9999-12-31 23:59:59,7,16,11,1369936,NONE,2025-08-20 15:12:46
445643,TrkghWPIIx,318,1221361,3,4,더맨션 맞추기 8.20,,,퀴즈 맞추기,N,2025-08-20 15:21:39,9999-12-31 23:59:59,7,18,12,1369936,NONE,2025-08-20 15:21:39
445644,LMYcFEXKVl,1623,1221363,3,4,[저장하기] 순천 맛집,,,플레이스 저장,N,2025-08-20 15:37:29,9999-12-31 23:59:59,7,20,14,1369936,NONE,2025-08-20 15:37:29
445645,aIoxcdyN4T,1623,1221365,3,4,[퀴즈] 여수돌산카페,,,퀴즈 맞추기,N,2025-08-20 15:42:32,9999-12-31 23:59:59,7,15,10,1369936,NONE,2025-08-20 15:42:31
445646,QIQcouZk4X,1623,1221367,3,4,[저장] 돌산카페,,,플레이스 저장,N,2025-08-20 15:42:32,9999-12-31 23:59:59,7,20,14,1369936,NONE,2025-08-20 15:42:32
445704,4CbLAl6n1G,1655,1221432,3,4,네이버쇼핑 정답 미션 178181,,,네이버스마트스토어 퀴즈,N,2025-08-20 16:08:10,9999-12-31 23:59:59,7,18,12,1369936,ADS_CODE_DAILY_UPDATE,2025-08-20 16:08:09
445706,DtARtbBCcq,1655,1221436,3,4,네이버쇼핑 정답 미션 178183,,,네이버스마트스토어 퀴즈,N,2025-08-20 16:08:12,9999-12-31 23:59:59,7,18,12,1369936,ADS_CODE_DAILY_UPDATE,2025-08-20 16:08:11
445732,SquGjJWk9q,1655,1221488,3,4,네이버쇼핑 정답 미션 178215,,,네이버스마트스토어 퀴즈,N,2025-08-20 16:08:34,9999-12-31 23:59:59,7,18,12,1369936,ADS_CODE_DAILY_UPDATE,2025-08-20 16:08:33
445747,u5KbNwXfCq,1655,1221518,3,4,네이버쇼핑 정답 미션 178230,,,네이버스마트스토어 퀴즈,N,2025-08-20 16:08:46,9999-12-31 23:59:59,7,18,12,1369936,ADS_CODE_DAILY_UPDATE,2025-08-20 16:08:45
445755,dLgtf7kFMW,1655,1221534,3,4,네이버쇼핑 정답 미션 178238,,,네이버스마트스토어 퀴즈,N,2025-08-20 16:08:52,9999-12-31 23:59:59,7,18,12,1369936,ADS_CODE_DAILY_UPDATE,2025-08-20 16:08:52
445760,ep3Orvdvii,1655,1221544,3,4,네이버쇼핑 정답 미션 178243,,,네이버스마트스토어 퀴즈,N,2025-08-20 16:08:57,9999-12-31 23:59:59,7,18,12,1369936,ADS_CODE_DAILY_UPDATE,2025-08-20 16:08:56
445763,92R1G0mkuK,1655,1221550,3,4,네이버쇼핑 정답 미션 178252,,,네이버스마트스토어 퀴즈,N,2025-08-20 16:08:59,9999-12-31 23:59:59,7,18,12,1369936,ADS_CODE_DAILY_UPDATE,2025-08-20 16:08:59
445764,JbpQNkql59,1655,1221552,3,4,네이버쇼핑 정답 미션 178253,,,네이버스마트스토어 퀴즈,N,2025-08-20 16:09:00,9999-12-31 23:59:59,7,18,12,1369936,ADS_CODE_DAILY_UPDATE,2025-08-20 16:09:00
445765,oxggF6geq4,1655,1221554,3,4,네이버쇼핑 정답 미션 178254,,,네이버스마트스토어 퀴즈,N,2025-08-20 16:09:01,9999-12-31 23:59:59,7,18,12,1369936,ADS_CODE_DAILY_UPDATE,2025-08-20 16:09:01
445766,GouYe2XGbI,1655,1221556,3,4,네이버쇼핑 정답 미션 178255,,,네이버스마트스토어 퀴즈,N,2025-08-20 16:09:02,9999-12-31 23:59:59,7,18,12,1369936,ADS_CODE_DAILY_UPDATE,2025-08-20 16:09:02
445768,gEPCkV9G1o,1655,1221560,3,4,네이버쇼핑 정답 미션 178257,,,네이버스마트스토어 퀴즈,N,2025-08-20 16:09:04,9999-12-31 23:59:59,7,18,12,1369936,ADS_CODE_DAILY_UPDATE,2025-08-20 16:09:04
445769,A7TvVymt6E,1655,1221562,3,4,네이버쇼핑 정답 미션 178258,,,네이버스마트스토어 퀴즈,N,2025-08-20 16:09:05,9999-12-31 23:59:59,7,18,12,1369936,ADS_CODE_DAILY_UPDATE,2025-08-20 16:09:05
445770,2NpcKgQsEp,1655,1221564,3,4,네이버쇼핑 정답 미션 178259,,,네이버스마트스토어 퀴즈,N,2025-08-20 16:09:06,9999-12-31 23:59:59,7,18,12,1369936,ADS_CODE_DAILY_UPDATE,2025-08-20 16:09:05
445771,LltboUwmbm,1655,1221566,3,4,네이버쇼핑 정답 미션 178260,,,네이버스마트스토어 퀴즈,N,2025-08-20 16:09:07,9999-12-31 23:59:59,7,18,12,1369936,ADS_CODE_DAILY_UPDATE,2025-08-20 16:09:06
445773,4gii9sFPbK,1655,1221570,3,4,네이버쇼핑 정답 미션 178263,,,네이버스마트스토어 퀴즈,N,2025-08-20 16:09:08,9999-12-31 23:59:59,7,18,12,1369936,ADS_CODE_DAILY_UPDATE,2025-08-20 16:09:08
445774,FECPRZYN1w,1655,1221572,3,4,네이버쇼핑 정답 미션 178272,,,네이버스마트스토어 퀴즈,N,2025-08-20 16:09:09,9999-12-31 23:59:59,7,18,12,1369936,ADS_CODE_DAILY_UPDATE,2025-08-20 16:09:09
445775,lcEm1Crp0n,1655,1221574,3,4,네이버쇼핑 정답 미션 178273,,,네이버스마트스토어 퀴즈,N,2025-08-20 16:09:10,9999-12-31 23:59:59,7,18,12,1369936,ADS_CODE_DAILY_UPDATE,2025-08-20 16:09:10
445777,NDQQShpqvg,1655,1221578,3,4,네이버쇼핑 정답 미션 178275,,,네이버스마트스토어 퀴즈,N,2025-08-20 16:09:12,9999-12-31 23:59:59,7,18,12,1369936,ADS_CODE_DAILY_UPDATE,2025-08-20 16:09:12
445778,cX0h0zkqfj,1655,1221580,3,4,네이버쇼핑 정답 미션 178276,,,네이버스마트스토어 퀴즈,N,2025-08-20 16:09:13,9999-12-31 23:59:59,7,18,12,1369936,ADS_CODE_DAILY_UPDATE,2025-08-20 16:09:12
445781,LVmK4lAdSf,1655,1221586,3,4,네이버쇼핑 정답 미션 178280,,,네이버스마트스토어 퀴즈,N,2025-08-20 16:09:15,9999-12-31 23:59:59,7,18,12,1369936,ADS_CODE_DAILY_UPDATE,2025-08-20 16:09:15
445790,fpseowUmHD,1655,1221604,3,4,네이버쇼핑 정답 미션 178295,,,네이버스마트스토어 퀴즈,N,2025-08-20 16:09:23,9999-12-31 23:59:59,7,18,12,1369936,ADS_CODE_DAILY_UPDATE,2025-08-20 16:09:22
445798,vM25fI2UH7,1655,1221620,3,4,네이버쇼핑 정답 미션 178306,,,네이버스마트스토어 퀴즈,N,2025-08-20 16:09:29,9999-12-31 23:59:59,7,18,12,1369936,ADS_CODE_DAILY_UPDATE,2025-08-20 16:09:29
445802,xZZBMsagfS,1655,1221628,3,4,네이버쇼핑 정답 미션 178310,,,네이버스마트스토어 퀴즈,N,2025-08-20 16:09:33,9999-12-31 23:59:59,7,18,12,1369936,ADS_CODE_DAILY_UPDATE,2025-08-20 16:09:32
445806,l7lhDEL4Aw,1655,1221636,3,4,네이버쇼핑 정답 미션 178314,,,네이버스마트스토어 퀴즈,N,2025-08-20 16:09:36,9999-12-31 23:59:59,7,18,12,1369936,ADS_CODE_DAILY_UPDATE,2025-08-20 16:09:35
445812,XDYMuFEf82,1655,1221648,3,4,네이버쇼핑 정답 미션 178320,,,네이버스마트스토어 퀴즈,N,2025-08-20 16:09:41,9999-12-31 23:59:59,7,18,12,1369936,ADS_CODE_DAILY_UPDATE,2025-08-20 16:09:40
445814,ya592Zej4b,1655,1221652,3,4,네이버쇼핑 정답 미션 178322,,,네이버스마트스토어 퀴즈,N,2025-08-20 16:09:42,9999-12-31 23:59:59,7,18,12,1369936,ADS_CODE_DAILY_UPDATE,2025-08-20 16:09:42
445817,4Twj5OG5LN,1655,1221658,3,4,네이버쇼핑 정답 미션 178329,,,네이버스마트스토어 퀴즈,N,2025-08-20 16:09:45,9999-12-31 23:59:59,7,18,12,1369936,ADS_CODE_DAILY_UPDATE,2025-08-20 16:09:44
445818,ykIAeQonq2,1655,1221660,3,4,네이버쇼핑 정답 미션 178330,,,네이버스마트스토어 퀴즈,N,2025-08-20 16:09:46,9999-12-31 23:59:59,7,18,12,1369936,ADS_CODE_DAILY_UPDATE,2025-08-20 16:09:45
445819,hVee3Obf3D,1655,1221662,3,4,네이버쇼핑 정답 미션 178331,,,네이버스마트스토어 퀴즈,N,2025-08-20 16:09:46,9999-12-31 23:59:59,7,18,12,1369936,ADS_CODE_DAILY_UPDATE,2025-08-20 16:09:46
445821,pAlxAGDptt,1655,1221666,3,4,네이버쇼핑 정답 미션 178333,,,네이버스마트스토어 퀴즈,N,2025-08-20 16:09:48,9999-12-31 23:59:59,7,18,12,1369936,ADS_CODE_DAILY_UPDATE,2025-08-20 16:09:48
445823,SR7p2R7qtI,1655,1221670,3,4,네이버쇼핑 정답 미션 178335,,,네이버스마트스토어 퀴즈,N,2025-08-20 16:09:50,9999-12-31 23:59:59,7,18,12,1369936,ADS_CODE_DAILY_UPDATE,2025-08-20 16:09:49
445824,sYITLJZPzJ,1655,1221672,3,4,네이버쇼핑 정답 미션 178336,,,네이버스마트스토어 퀴즈,N,2025-08-20 16:09:50,9999-12-31 23:59:59,7,18,12,1369936,ADS_CODE_DAILY_UPDATE,2025-08-20 16:09:50
445825,9WbEZNCqbf,1655,1221674,3,4,네이버쇼핑 정답 미션 178337,,,네이버스마트스토어 퀴즈,N,2025-08-20 16:09:51,9999-12-31 23:59:59,7,18,12,1369936,ADS_CODE_DAILY_UPDATE,2025-08-20 16:09:51
445827,dDLlXXvwmk,1655,1221678,3,4,네이버쇼핑 정답 미션 178339,,,네이버스마트스토어 퀴즈,N,2025-08-20 16:09:53,9999-12-31 23:59:59,7,18,12,1369936,ADS_CODE_DAILY_UPDATE,2025-08-20 16:09:53
445829,O4wBqLqugB,1655,1221682,3,4,네이버쇼핑 정답 미션 178341,,,네이버스마트스토어 퀴즈,N,2025-08-20 16:09:55,9999-12-31 23:59:59,7,18,12,1369936,ADS_CODE_DAILY_UPDATE,2025-08-20 16:09:54
445830,h0EtkcHWOu,1655,1221684,3,4,네이버쇼핑 정답 미션 178366,,,네이버스마트스토어 퀴즈,N,2025-08-20 16:09:55,9999-12-31 23:59:59,7,18,12,1369936,ADS_CODE_DAILY_UPDATE,2025-08-20 16:09:55
445832,NAOAB5Lsor,1655,1221688,3,4,네이버쇼핑 정답 미션 178395,,,네이버스마트스토어 퀴즈,N,2025-08-20 16:09:57,9999-12-31 23:59:59,7,18,12,1369936,ADS_CODE_DAILY_UPDATE,2025-08-20 16:09:57
445834,ykrKfQNwb9,1655,1221692,3,4,네이버쇼핑 정답 미션 178398,,,네이버스마트스토어 퀴즈,N,2025-08-20 16:09:59,9999-12-31 23:59:59,7,18,12,1369936,ADS_CODE_DAILY_UPDATE,2025-08-20 16:09:58
445835,Go0UoBPzt5,1655,1221694,3,4,네이버쇼핑 정답 미션 178399,,,네이버스마트스토어 퀴즈,N,2025-08-20 16:10:00,9999-12-31 23:59:59,7,18,12,1369936,ADS_CODE_DAILY_UPDATE,2025-08-20 16:09:59
445846,oWI05g7W9I,1655,1221716,3,4,네이버쇼핑 정답 미션 178438,,,네이버스마트스토어 퀴즈,N,2025-08-20 16:10:13,9999-12-31 23:59:59,7,18,12,1369936,ADS_CODE_DAILY_UPDATE,2025-08-20 16:10:13
445847,OpS1leCq2a,1655,1221718,3,4,네이버쇼핑 정답 미션 178439,,,네이버스마트스토어 퀴즈,N,2025-08-20 16:10:14,9999-12-31 23:59:59,7,18,12,1369936,ADS_CODE_DAILY_UPDATE,2025-08-20 16:10:14
445854,9gNXW2ogbE,1655,1221732,3,4,네이버쇼핑 정답 미션 178451,,,네이버스마트스토어 퀴즈,N,2025-08-20 16:10:21,9999-12-31 23:59:59,7,18,12,1369936,ADS_CODE_DAILY_UPDATE,2025-08-20 16:10:20
445855,6Dr27bpJaM,1655,1221734,3,4,네이버쇼핑 정답 미션 178452,,,네이버스마트스토어 퀴즈,N,2025-08-20 16:10:21,9999-12-31 23:59:59,7,18,12,1369936,ADS_CODE_DAILY_UPDATE,2025-08-20 16:10:21
445858,1USiMP03YZ,1655,1221740,3,4,네이버쇼핑 정답 미션 178455,,,네이버스마트스토어 퀴즈,N,2025-08-20 16:10:24,9999-12-31 23:59:59,7,18,12,1369936,ADS_CODE_DAILY_UPDATE,2025-08-20 16:10:24
445862,zBPez1tBgg,1655,1221748,3,4,네이버쇼핑 정답 미션 178477,,,네이버스마트스토어 퀴즈,N,2025-08-20 16:10:29,9999-12-31 23:59:59,7,18,12,1369936,ADS_CODE_DAILY_UPDATE,2025-08-20 16:10:28
445863,iVEdJYEd7W,1655,1221750,3,4,네이버쇼핑 정답 미션 178499,,,네이버스마트스토어 퀴즈,N,2025-08-20 16:10:30,9999-12-31 23:59:59,7,18,12,1369936,ADS_CODE_DAILY_UPDATE,2025-08-20 16:10:30
445865,Iaf7nNCoq2,1655,1221754,3,4,네이버쇼핑 정답 미션 178501,,,네이버스마트스토어 퀴즈,N,2025-08-20 16:10:32,9999-12-31 23:59:59,7,18,12,1369936,ADS_CODE_DAILY_UPDATE,2025-08-20 16:10:32
445866,bOMgsW6x13,1655,1221756,3,4,네이버쇼핑 정답 미션 178502,,,네이버스마트스토어 퀴즈,N,2025-08-20 16:10:34,9999-12-31 23:59:59,7,18,12,1369936,ADS_CODE_DAILY_UPDATE,2025-08-20 16:10:33
445867,Kx8rpbKNRv,1655,1221758,3,4,네이버쇼핑 정답 미션 178503,,,네이버스마트스토어 퀴즈,N,2025-08-20 16:10:35,9999-12-31 23:59:59,7,18,12,1369936,ADS_CODE_DAILY_UPDATE,2025-08-20 16:10:34
445869,ZhlW0GeFbn,1655,1221762,3,4,네이버쇼핑 정답 미션 178519,,,네이버스마트스토어 퀴즈,N,2025-08-20 16:10:37,9999-12-31 23:59:59,7,18,12,1369936,ADS_CODE_DAILY_UPDATE,2025-08-20 16:10:36
445870,3rqS1BI21c,1655,1221764,3,4,네이버쇼핑 정답 미션 178520,,,네이버스마트스토어 퀴즈,N,2025-08-20 16:10:38,9999-12-31 23:59:59,7,18,12,1369936,ADS_CODE_DAILY_UPDATE,2025-08-20 16:10:37
445871,nD6iAGS1qZ,1655,1221766,3,4,네이버쇼핑 정답 미션 178521,,,네이버스마트스토어 퀴즈,N,2025-08-20 16:10:38,9999-12-31 23:59:59,7,18,12,1369936,ADS_CODE_DAILY_UPDATE,2025-08-20 16:10:38
445873,j5mQNcSWTI,1655,1221770,3,4,네이버쇼핑 정답 미션 178523,,,네이버스마트스토어 퀴즈,N,2025-08-20 16:10:40,9999-12-31 23:59:59,7,18,12,1369936,ADS_CODE_DAILY_UPDATE,2025-08-20 16:10:40
445874,y8MtgM1yCh,1655,1221772,3,4,네이버쇼핑 정답 미션 178525,,,네이버스마트스토어 퀴즈,N,2025-08-20 16:10:41,9999-12-31 23:59:59,7,18,12,1369936,ADS_CODE_DAILY_UPDATE,2025-08-20 16:10:41
445877,Te7fOdsFRv,1655,1221778,3,4,네이버쇼핑 정답 미션 178528,,,네이버스마트스토어 퀴즈,N,2025-08-20 16:10:44,9999-12-31 23:59:59,7,18,12,1369936,ADS_CODE_DAILY_UPDATE,2025-08-20 16:10:43
445878,mgkQswV2cX,1655,1221780,3,4,네이버쇼핑 정답 미션 178529,,,네이버스마트스토어 퀴즈,N,2025-08-20 16:10:45,9999-12-31 23:59:59,7,18,12,1369936,ADS_CODE_DAILY_UPDATE,2025-08-20 16:10:44
445879,DD0JQ2d6CJ,1655,1221782,3,4,네이버쇼핑 정답 미션 178530,,,네이버스마트스토어 퀴즈,N,2025-08-20 16:10:45,9999-12-31 23:59:59,7,18,12,1369936,ADS_CODE_DAILY_UPDATE,2025-08-20 16:10:45
445880,5Wo224Uk9m,1655,1221784,3,4,네이버쇼핑 정답 미션 178531,,,네이버스마트스토어 퀴즈,N,2025-08-20 16:10:46,9999-12-31 23:59:59,7,18,12,1369936,ADS_CODE_DAILY_UPDATE,2025-08-20 16:10:46
445881,VlJ622sNtK,1655,1221786,3,4,네이버쇼핑 정답 미션 178532,,,네이버스마트스토어 퀴즈,N,2025-08-20 16:10:47,9999-12-31 23:59:59,7,18,12,1369936,ADS_CODE_DAILY_UPDATE,2025-08-20 16:10:47
445885,cVqq6mKXCl,1655,1221794,3,4,당근 패드 토너 스킨 패드 수분 진정 앰플 올리브영 60매 178537,,,네이버스마트스토어 퀴즈,N,2025-08-20 16:10:51,9999-12-31 23:59:59,7,18,12,1369936,ADS_CODE_DAILY_UPDATE,2025-08-20 16:10:50
445886,2m6r1IZ8pr,1655,1221796,3,4,네이버쇼핑 정답 미션 178538,,,네이버스마트스토어 퀴즈,N,2025-08-20 16:10:52,9999-12-31 23:59:59,7,18,12,1369936,ADS_CODE_DAILY_UPDATE,2025-08-20 16:10:51
445896,KJ9G58BnzO,1655,1221812,3,4,부산청소업체 178680,,,네이버플레이스 퀴즈,N,2025-08-20 16:32:55,9999-12-31 23:59:59,7,18,12,1369936,ADS_CODE_DAILY_UPDATE,2025-08-20 16:32:55
445897,BH7h67xCze,1655,1221814,3,4,몬스타기어 178683,,,일반정답미션,N,2025-08-20 16:41:49,9999-12-31 23:59:59,7,18,12,1369936,ADS_CODE_DAILY_UPDATE,2025-08-20 16:41:48
445898,2APFcA7qd1,1655,1221816,3,4,몬스타기어 178684,,,일반정답미션,N,2025-08-20 16:41:50,9999-12-31 23:59:59,7,18,12,1369936,ADS_CODE_DAILY_UPDATE,2025-08-20 16:41:49
445899,XLAfP1gB4i,1655,1221829,3,4,몬스타기어 178688,,,일반정답미션,N,2025-08-20 16:47:27,9999-12-31 23:59:59,7,18,12,1369936,ADS_CODE_DAILY_UPDATE,2025-08-20 16:47:27
445900,eT5q6Iw1CD,1655,1221831,3,4,몬스타기어 178689,,,일반정답미션,N,2025-08-20 16:47:28,9999-12-31 23:59:59,7,18,12,1369936,ADS_CODE_DAILY_UPDATE,2025-08-20 16:47:28
445901,rbJdnYbTIo,1655,1221833,3,4,몬스타기어 178692,,,일반정답미션,N,2025-08-20 16:47:29,9999-12-31 23:59:59,7,18,12,1369936,ADS_CODE_DAILY_UPDATE,2025-08-20 16:47:29
445902,rcHocLVYFQ,1655,1221835,3,4,몬스타기어 178693,,,일반정답미션,N,2025-08-20 16:52:28,9999-12-31 23:59:59,7,18,12,1369936,ADS_CODE_DAILY_UPDATE,2025-08-20 16:52:28
445903,IduBE94oha,1655,1221837,3,4,에브리데이해피벌스데이 178695,,,네이버플레이스 퀴즈,N,2025-08-20 17:03:08,9999-12-31 23:59:59,7,18,12,1369936,ADS_CODE_DAILY_UPDATE,2025-08-20 17:03:08
445904,fwJbvYZfej,318,1221894,3,4,지오 24MR400W 지오비전 맞추기 8.20,,,퀴즈 맞추기,N,2025-08-20 17:07:06,9999-12-31 23:59:59,7,16,11,1369936,NONE,2025-08-20 17:07:05
445906,XyfpvtJHzY,335,1221901,1,2,임모탈 키우기 2,,,받기,N,2025-08-20 17:00:00,2029-11-29 00:00:00,2,130,90,2762500,NONE,2025-08-20 17:44:05
445907,0gEJGntDo3,50,1221899,1,2,영웅줍줍 장비줍줍,,,받기,N,2025-08-20 17:00:00,2029-11-29 00:00:00,2,170,120,2762400,NONE,2025-08-20 17:46:40
445916,vAJXCgoOqn,1483,1221913,3,4,유성전자담배 타임월드점 (플레이스 보고 퀴즈 맞추기),,,퀴즈 맞추기,N,2025-08-21 00:08:43,9999-12-31 23:59:59,7,20,14,1369936,ADS_CODE_DAILY_UPDATE,2025-08-21 00:08:43
445917,9mNVh1Kd6u,1483,1221915,3,4,대전 유성전자담배 도안점 (플레이스 보고 퀴즈 맞추기),,,퀴즈 맞추기,N,2025-08-21 00:08:44,9999-12-31 23:59:59,7,20,14,1369936,ADS_CODE_DAILY_UPDATE,2025-08-21 00:08:43
445918,YwwigDLBUy,1483,1221917,3,4,유성전자담배 본점 (플레이스 보고 퀴즈 맞추기),,,퀴즈 맞추기,N,2025-08-21 00:08:45,9999-12-31 23:59:59,7,20,14,1369936,ADS_CODE_DAILY_UPDATE,2025-08-21 00:08:45
445919,8GzHd2nHGU,1483,1221919,3,4,유성전자담배 청주강서점 (플레이스 보고 퀴즈 맞추기),,,퀴즈 맞추기,N,2025-08-21 00:08:46,9999-12-31 23:59:59,7,20,14,1369936,ADS_CODE_DAILY_UPDATE,2025-08-21 00:08:46
445928,dgRsC9GnRS,1623,1221937,3,4,[정답입력] 코팅지 A4 75mic 코팅필름 100매,,,퀴즈 맞추기,N,2025-08-21 00:09:52,9999-12-31 23:59:59,7,15,10,1369936,NONE,2025-08-21 00:09:51
445941,7dqj9AfI8A,1623,1221963,3,4,[정답입력]문서세단기 SC-306CC,,,퀴즈 맞추기,N,2025-08-21 00:10:04,9999-12-31 23:59:59,7,15,10,1369936,NONE,2025-08-21 00:10:03
445945,rpaDBtbPLa,1623,1221971,3,4,[정답입력]문서세단기 SC-5412,,,퀴즈 맞추기,N,2025-08-21 00:10:07,9999-12-31 23:59:59,7,15,10,1369936,NONE,2025-08-21 00:10:07
445947,u6cu8nt0Uz,1623,1221975,3,4,LCN마이코셉트,,,퀴즈 맞추기,N,2025-08-21 00:10:09,9999-12-31 23:59:59,7,15,10,1369936,NONE,2025-08-21 00:10:08
445956,WYAA6sdSEf,1623,1221993,3,4,[저장하기] 롯데월드몰 맛집,,,플레이스 저장,N,2025-08-21 00:10:22,9999-12-31 23:59:59,7,20,14,1369936,NONE,2025-08-21 00:10:21
445960,nCfjnVxfow,1623,1222001,3,4,[정답입력]여자 여름 반팔티 티셔츠,,,퀴즈 맞추기,N,2025-08-21 00:10:27,9999-12-31 23:59:59,7,15,10,1369936,NONE,2025-08-21 00:10:26
445966,HW4cdEQQvk,1655,1222013,3,4,알부민 액티브 골드 360정 프리미엄 고함량 맥스 먹는알부민 효능 12개월분 177559,,,네이버스마트스토어 퀴즈,N,2025-08-21 00:12:02,9999-12-31 23:59:59,7,18,12,1369936,ADS_CODE_DAILY_UPDATE,2025-08-21 00:12:01
445994,z1uJYIYPH8,1655,1222049,3,4,육거리소문난만두 Since1968 백년가게 수제 미친 매운 김치만두 국산 고기 김치 맛집,,,네이버스마트스토어 퀴즈,N,2025-08-21 00:14:48,9999-12-31 23:59:59,7,18,12,1369936,ADS_CODE_DAILY_UPDATE,2025-08-21 00:14:48
445995,uQhz7s2lvZ,1655,1222053,3,4,제로네이트 178725,,,일반정답미션,N,2025-08-21 00:14:48,9999-12-31 23:59:59,7,18,12,1369936,ADS_CODE_DAILY_UPDATE,2025-08-21 00:14:48
445996,DKkMlUclMV,1505,1222055,3,4,[카카오맵 퀴즈] 방이별관 (18714),,,카카오맵 주소를 맞추는 퀴즈,N,2025-08-21 00:19:10,9999-12-31 23:59:59,7,20,14,1369936,NONE,2025-08-21 00:19:09
446015,5rJaBrtKpZ,1623,1222075,3,4,K자동우산,,,플레이스 저장,N,2025-08-21 06:08:53,9999-12-31 23:59:59,7,20,14,1369936,NONE,2025-08-21 06:08:53
446016,xUYZBFHNF0,1623,1222077,3,4,K자동우산2,,,플레이스 저장,N,2025-08-21 06:08:54,9999-12-31 23:59:59,7,20,14,1369936,NONE,2025-08-21 06:08:53
446017,0mT9xm4PfT,1623,1222079,3,4,K자동우산3,,,플레이스 저장,N,2025-08-21 06:08:55,9999-12-31 23:59:59,7,20,14,1369936,NONE,2025-08-21 06:08:54
446018,9Zp9KsogVk,1596,1222081,3,4,[정답입력]싱크대,,,네이버 상품 해시태그,N,2025-08-21 06:12:23,9999-12-31 23:59:59,7,18,12,1369936,ADS_CODE_DAILY_UPDATE,2025-08-21 06:12:23
446020,RCLQEfOz5T,1655,1222084,3,4,자연정 178838,,,네이버스마트스토어 퀴즈,N,2025-08-21 09:42:26,9999-12-31 23:59:59,7,18,12,1369936,ADS_CODE_DAILY_UPDATE,2025-08-21 09:42:26
446023,qCF3SJXg0R,1655,1222090,3,4,캐스터팩토리 178841,,,네이버스마트스토어 퀴즈,N,2025-08-21 09:42:29,9999-12-31 23:59:59,7,18,12,1369936,ADS_CODE_DAILY_UPDATE,2025-08-21 09:42:29
446024,1FlYuaTwpM,1655,1222092,3,4,알루미늄 양은쟁반 오봉 사각 대형 식당 업소용 민쟁반 소소 178842,,,네이버스마트스토어 퀴즈,N,2025-08-21 09:42:30,9999-12-31 23:59:59,7,18,12,1369936,ADS_CODE_DAILY_UPDATE,2025-08-21 09:42:30
446025,KZMW1Z35Pn,1655,1222094,3,4,홈마블 178843,,,네이버스마트스토어 퀴즈,N,2025-08-21 09:42:31,9999-12-31 23:59:59,7,18,12,1369936,ADS_CODE_DAILY_UPDATE,2025-08-21 09:42:31
446026,QrFH7zGUJI,1655,1222096,3,4,홈마블 178844,,,네이버스마트스토어 퀴즈,N,2025-08-21 09:47:19,9999-12-31 23:59:59,7,18,12,1369936,ADS_CODE_DAILY_UPDATE,2025-08-21 09:47:19
446027,5vU3F35Dwv,1655,1222098,3,4,슈퍼밀리언헤어 흑채 남자여성 홈쇼핑 뿌리는가발 원형탈모커버 검정 178845,,,네이버스마트스토어 퀴즈,N,2025-08-21 09:47:21,9999-12-31 23:59:59,7,18,12,1369936,ADS_CODE_DAILY_UPDATE,2025-08-21 09:47:20
446028,AXc6LPNiRr,1655,1222100,3,4,HPRT 공식몰 178846,,,네이버스마트스토어 퀴즈,N,2025-08-21 09:47:22,9999-12-31 23:59:59,7,18,12,1369936,ADS_CODE_DAILY_UPDATE,2025-08-21 09:47:21
446030,5kJOcPHXT5,1655,1222104,3,4,완벽한일상 178848,,,네이버스마트스토어 퀴즈,N,2025-08-21 09:47:24,9999-12-31 23:59:59,7,18,12,1369936,ADS_CODE_DAILY_UPDATE,2025-08-21 09:47:24
446032,JVqjvV50Hl,1655,1222108,3,4,원스토몰 178850,,,네이버스마트스토어 퀴즈,N,2025-08-21 09:47:26,9999-12-31 23:59:59,7,18,12,1369936,ADS_CODE_DAILY_UPDATE,2025-08-21 09:47:26
446033,YCLiQoxYBH,1655,1222110,3,4,서빙카트 식당 업소용 주방 서빙카 다용도 서빙카트 소형 2단 기본고무바퀴 178851,,,네이버스마트스토어 퀴즈,N,2025-08-21 09:47:27,9999-12-31 23:59:59,7,18,12,1369936,ADS_CODE_DAILY_UPDATE,2025-08-21 09:47:27
446035,uRba1MwvM5,1655,1222114,3,4,프리다이빙 첫 발자국 - 호흡의 예술 [with 블루페블] 서울 잠실 용인 178853,,,네이버스마트스토어 퀴즈,N,2025-08-21 09:47:29,9999-12-31 23:59:59,7,18,12,1369936,ADS_CODE_DAILY_UPDATE,2025-08-21 09:47:28
446036,Wk7iINM7mO,1655,1222116,3,4,프리다이빙 강습 레벨1 원데이 과정 서울 수원 성남 178854,,,네이버스마트스토어 퀴즈,N,2025-08-21 09:47:30,9999-12-31 23:59:59,7,18,12,1369936,ADS_CODE_DAILY_UPDATE,2025-08-21 09:47:29
446038,oijG0ZSwLe,1655,1222120,3,4,오즈네일 고발색 고광택 샤인무드 네일컬러 비건 매니큐어 페디큐어 폴리쉬 튜튜블러셔 1788,,,네이버스마트스토어 퀴즈,N,2025-08-21 09:47:31,9999-12-31 23:59:59,7,18,12,1369936,ADS_CODE_DAILY_UPDATE,2025-08-21 09:47:31
446042,7FVEcgPTpk,1655,1222128,3,4,배냇저고리 아기 신생아 밤부 편면 순면 임신출산선물 178861,,,네이버스마트스토어 퀴즈,N,2025-08-21 09:52:15,9999-12-31 23:59:59,7,18,12,1369936,ADS_CODE_DAILY_UPDATE,2025-08-21 09:52:14
446043,S4XDz7mdDH,1655,1222130,3,4,2+1 사바나 프리미엄 카사바 고양이 모래 탈취제 세트 3kg 178862,,,네이버스마트스토어 퀴즈,N,2025-08-21 09:52:16,9999-12-31 23:59:59,7,18,12,1369936,ADS_CODE_DAILY_UPDATE,2025-08-21 09:52:16
446044,yd7sAVk1kU,1655,1222132,3,4,원두마트 베트남 커피 로부스타 1kg 대용량 당일로스팅 카페 도매 납품용 178864,,,네이버스마트스토어 퀴즈,N,2025-08-21 10:02:09,9999-12-31 23:59:59,7,18,12,1369900,ADS_CODE_DAILY_UPDATE,2025-08-21 10:02:09
446045,MGicbnjOU6,318,1222134,3,4,강아지계단 올웨이즈 맞추기 8.21,,,퀴즈 맞추기,N,2025-08-21 10:07:57,9999-12-31 23:59:59,7,16,11,1369897,NONE,2025-08-21 10:07:57
446046,xZbepurgsL,1623,1222136,3,4,닭갈비,,,퀴즈 맞추기,N,2025-08-21 10:09:44,9999-12-31 23:59:59,7,15,10,1369896,NONE,2025-08-21 10:09:43
446048,GPyj25H8CW,50,1222140,1,0,[간편참여] 갓쳐 : 방치형 타워 디펜스 궁수 키우기 RPG,,,받기,N,2025-08-21 10:22:00,9999-12-31 23:59:59,2,170,120,2762700,NONE,2025-08-21 10:22:00
446049,Bh5I3PcLbu,1655,1222142,3,4,백일상대여 푸른솔 178895,,,네이버스마트스토어 퀴즈,N,2025-08-21 10:42:32,9999-12-31 23:59:59,7,18,12,1369891,ADS_CODE_DAILY_UPDATE,2025-08-21 10:42:32
446050,w7jP5COhFb,910,1222144,3,8,왕뚜껑 킹스브레이브,,,참여,N,2025-08-21 10:00:00,2029-11-28 00:00:00,2,1300,970,2701100,NONE,2025-08-21 10:51:06
446051,hadbvvIQQV,583,1222145,3,7,케이뱅크(통장개설),,,사장님통장 최초 개설,N,2025-08-21 10:00:00,2029-11-29 00:00:00,7,6400,4800,2701600,NONE,2025-08-21 10:57:47
446053,zvtLIiHj0u,1655,1222147,3,4,타이탄트랙 등산스틱 접이식 등산용지팡이 스틱 두랄루민 178907,,,네이버스마트스토어 퀴즈,N,2025-08-21 11:17:42,9999-12-31 23:59:59,7,18,12,1369898,ADS_CODE_DAILY_UPDATE,2025-08-21 11:17:42
446054,mFYm6ymPNL,84,1222149,3,3,[쇼핑라이브하트+채팅] 캔코 새학기 특가할인 이벤트!,,,쇼핑라이브하트+채팅,N,2025-08-21 11:00:00,2029-11-29 00:00:00,7,200,160,2730100,NONE,2025-08-21 11:29:49
446055,odDZhlqEMK,1655,1222150,3,4,하나로정형외과의원 178915,,,네이버플레이스 퀴즈,N,2025-08-21 11:32:00,9999-12-31 23:59:59,7,18,12,1369936,ADS_CODE_DAILY_UPDATE,2025-08-21 11:32:00
446057,4AnzsoLTew,1655,1222158,3,4,네오피지 그리핀610 선상 쭈꾸미 낚시대 갑오징어 로드 178924,,,네이버스마트스토어 퀴즈,N,2025-08-21 12:10:51,9999-12-31 23:59:59,7,18,12,1369936,ADS_CODE_DAILY_UPDATE,2025-08-21 12:10:50
446063,oTiXeq7lP6,1655,1222165,3,4,산양삼 장뇌삼 산양산삼 국산 강원도 7-20년근 산삼 오동나무 프리미엄 명절 선물세트 17,,,네이버스마트스토어 퀴즈,N,2025-08-21 12:22:52,9999-12-31 23:59:59,7,18,12,1369936,ADS_CODE_DAILY_UPDATE,2025-08-21 12:22:52
446070,GiicTu02Nc,318,1222175,3,4,팜아크 아크용접기 맞추기 8.21,,,퀴즈 맞추기,N,2025-08-21 13:07:29,9999-12-31 23:59:59,7,18,12,1369936,NONE,2025-08-21 13:07:29
446071,t6sRtnGLG0,318,1222177,3,4,용가리전자담배 제우스맥스 코일 맞추기 8.21,,,퀴즈 맞추기,N,2025-08-21 13:07:32,9999-12-31 23:59:59,7,16,11,1369936,NONE,2025-08-21 13:07:31
446072,GI7UPFXko5,318,1222179,3,4,아기섬유유연제 맞추기 8.21,,,퀴즈 맞추기,N,2025-08-21 13:07:35,9999-12-31 23:59:59,7,13,9,1369936,NONE,2025-08-21 13:07:35
446074,pPli2WBPZ3,1655,1222181,3,4,쑥스초코파이 178934,,,네이버플레이스 저장하기 미션,N,2025-08-21 13:22:25,9999-12-31 23:59:59,7,28,20,1369936,NONE,2025-08-21 13:22:25
446075,BdOCDc1x2l,1655,1222183,3,4,낙원의소바 178937,,,네이버플레이스 저장하기 미션,N,2025-08-21 13:37:32,9999-12-31 23:59:59,7,28,20,1369936,NONE,2025-08-21 13:37:31
446086,wtIy73QVVJ,1655,1222196,3,4,쑥스초코파이 178947,,,네이버플레이스 퀴즈,N,2025-08-21 13:57:14,9999-12-31 23:59:59,7,18,12,1369901,ADS_CODE_DAILY_UPDATE,2025-08-21 13:57:14
446087,POKnbKUVfS,910,1222199,3,5,흔직세,,,"3,600층 도달",N,2025-08-21 14:00:00,2029-11-29 00:00:00,2,15000,11250,2467800,NONE,2025-08-21 13:57:43
446088,B9pFfICL3N,910,1222198,3,5,네기마,,,105레벨 달성,N,2025-08-21 13:00:00,2029-11-29 00:00:00,2,15000,11250,2470800,NONE,2025-08-21 13:58:08
446089,AgZyLjnba1,1655,1222210,3,4,쑥스초코파이서울 178949,,,네이버플레이스 퀴즈,N,2025-08-21 14:02:34,9999-12-31 23:59:59,7,18,12,1369936,ADS_CODE_DAILY_UPDATE,2025-08-21 14:02:33
446094,pPdS75Z98g,1505,1222240,3,4,[플레이스 퀴즈] 바 다빈치 (18387),,,플레이스 퀴즈 맞추기,N,2025-08-21 14:27:43,9999-12-31 23:59:59,7,20,14,1369936,NONE,2025-08-21 14:27:43
446095,swWTBqBZHt,1505,1222242,3,4,[플레이스 퀴즈] 도투 (18493),,,참여,N,2025-08-21 14:27:45,9999-12-31 23:59:59,7,20,14,1369936,NONE,2025-08-21 14:27:44
446097,2wSUFPPfNN,1505,1222246,3,4,[플레이스 퀴즈] 설화맥적 (18622),,,참여,N,2025-08-21 14:27:54,9999-12-31 23:59:59,7,20,14,1369936,NONE,2025-08-21 14:27:53
446099,AAGkI08TcE,1505,1222250,3,4,[플레이스 퀴즈] 모노샤브 (18744),,,참여,N,2025-08-21 14:27:59,9999-12-31 23:59:59,7,20,14,1369936,NONE,2025-08-21 14:27:58
446100,WT2oo855cH,1505,1222252,3,4,[플레이스 퀴즈] 움막 광명사거리역점 (18773),,,참여,N,2025-08-21 14:28:00,9999-12-31 23:59:59,7,20,14,1369936,NONE,2025-08-21 14:28:00
446101,ovJvZm8uAC,1655,1222254,3,4,콩물제작소 맛있게 진한 국산서리태 콩물 900ml2병 콩국 콩국물 178957,,,네이버스마트스토어 퀴즈,N,2025-08-21 14:32:51,9999-12-31 23:59:59,7,18,12,1369936,ADS_CODE_DAILY_UPDATE,2025-08-21 14:32:51
446104,WFJYy1wIkf,318,1222258,3,4,팰리세이드튜닝1 맞추기 8.21,,,퀴즈 맞추기,N,2025-08-21 15:12:15,9999-12-31 23:59:59,7,18,12,1369936,NONE,2025-08-21 15:12:15
446113,TCvEbgfrxy,318,1222270,3,4,영상 클릭 10초 시청후 주소를 복사 맞추기 12.8,,,퀴즈 맞추기,N,2025-08-21 15:52:07,9999-12-31 23:59:59,7,18,12,1369936,NONE,2025-08-21 15:52:06
446115,CIJAOD8Prx,1655,1222274,3,4,더모아플러스샵 카본히터 사무실난로 야외난로 전기히터 업소용 DMA-C24 179067,,,네이버스마트스토어 퀴즈,N,2025-08-21 16:17:57,9999-12-31 23:59:59,7,18,12,1369936,ADS_CODE_DAILY_UPDATE,2025-08-21 16:17:57
446117,dymJCQeqle,1655,1222278,3,4,더모아플러스샵 전기히터 전기난로 스토브 발난로 가정용 소형 사무실 미니 179069,,,네이버스마트스토어 퀴즈,N,2025-08-21 16:17:59,9999-12-31 23:59:59,7,18,12,1369936,ADS_CODE_DAILY_UPDATE,2025-08-21 16:17:58
446119,8FM4IzBHIa,1655,1222282,3,4,에브리데이해피벌스데이 179070,,,네이버플레이스 퀴즈,N,2025-08-21 16:42:28,9999-12-31 23:59:59,7,18,12,1369936,ADS_CODE_DAILY_UPDATE,2025-08-21 16:42:28
446120,AC80N6oLXc,1655,1222284,3,4,카페앞치마 미용실 공방 방수 어린이집 보육교사 작업용 목공 빅사이즈 청 네일샵 179071,,,네이버스마트스토어 퀴즈,N,2025-08-21 16:47:27,9999-12-31 23:59:59,7,18,12,1369936,ADS_CODE_DAILY_UPDATE,2025-08-21 16:47:26
446121,lflUgVeCNF,335,1222286,3,10,AI시그널프로,,"25,000원 (vat 포함)",월 결제 신청,N,2025-08-21 17:00:00,2029-11-29 00:00:00,7,14400,10800,2574200,NONE,2025-08-21 17:16:00
446123,EITs6mElDa,1655,1222293,3,4,한양 과천본점 179109,,,네이버플레이스 퀴즈,N,2025-08-21 18:22:31,9999-12-31 23:59:59,7,18,12,1369936,ADS_CODE_DAILY_UPDATE,2025-08-21 18:22:31
446124,MmWojIJd1D,1655,1222297,3,4,에미뜨의원 179113,,,일반정답미션,N,2025-08-21 18:57:13,9999-12-31 23:59:59,7,18,12,1369936,ADS_CODE_DAILY_UPDATE,2025-08-21 18:57:12
446125,mIWhKOWJiF,1655,1222299,3,4,하수구막힘 179114,,,네이버플레이스 퀴즈,N,2025-08-21 19:37:08,9999-12-31 23:59:59,7,18,12,1369936,ADS_CODE_DAILY_UPDATE,2025-08-21 19:37:07
446126,0vb4wNU7nw,1655,1222301,3,4,갤럭시 아이폰 무선충전기 갤럭시워치 애플워치 멀티 여행용 무선충전기 179126,,,네이버스마트스토어 퀴즈,N,2025-08-21 20:17:16,9999-12-31 23:59:59,7,18,12,1369936,ADS_CODE_DAILY_UPDATE,2025-08-21 20:17:15
446129,VmpsJ17g0e,1655,1222306,3,4,차량용방향제 179146,,,일반정답미션,N,2025-08-22 00:07:48,9999-12-31 23:59:59,7,18,12,1369936,ADS_CODE_DAILY_UPDATE,2025-08-22 00:07:48
446131,3n4uCTn9Nm,1483,1222309,3,4,유성전자담배 타임월드점 (플레이스 보고 퀴즈 맞추기),,,퀴즈 맞추기,N,2025-08-22 00:08:19,9999-12-31 23:59:59,7,20,14,1369936,ADS_CODE_DAILY_UPDATE,2025-08-22 00:08:19
446132,m40RqWJU7X,1483,1222311,3,4,대전 유성전자담배 도안점 (플레이스 보고 퀴즈 맞추기),,,퀴즈 맞추기,N,2025-08-22 00:08:20,9999-12-31 23:59:59,7,20,14,1369936,ADS_CODE_DAILY_UPDATE,2025-08-22 00:08:19
446133,HKbES5Q8cv,1483,1222313,3,4,유성전자담배 본점 (플레이스 보고 퀴즈 맞추기),,,퀴즈 맞추기,N,2025-08-22 00:08:20,9999-12-31 23:59:59,7,20,14,1369936,ADS_CODE_DAILY_UPDATE,2025-08-22 00:08:20
446134,sVZlFc6taI,1483,1222315,3,4,유성전자담배 청주강서점 (플레이스 보고 퀴즈 맞추기),,,퀴즈 맞추기,N,2025-08-22 00:08:21,9999-12-31 23:59:59,7,20,14,1369936,ADS_CODE_DAILY_UPDATE,2025-08-22 00:08:21
446142,oUUG97xtwA,1623,1222331,3,4,토삭스,,,퀴즈 맞추기,N,2025-08-22 00:09:36,9999-12-31 23:59:59,7,15,10,1369936,NONE,2025-08-22 00:09:36
446143,hSfHzrDeCT,1655,1222333,3,4,계절꽃 혼합 생화택배 농장직송 랜덤박스 꽃선물 한단 꽃다발 졸업식 장미꽃 178837,,,네이버스마트스토어 퀴즈,N,2025-08-22 00:09:38,9999-12-31 23:59:59,7,18,12,1369936,ADS_CODE_DAILY_UPDATE,2025-08-22 00:09:38
446144,AYvujn9qeL,1655,1222335,3,4,HSH 스마트인 바디체중계 체지방 전자 디지털 178896,,,네이버스마트스토어 퀴즈,N,2025-08-22 00:09:39,9999-12-31 23:59:59,7,18,12,1369936,ADS_CODE_DAILY_UPDATE,2025-08-22 00:09:38
446148,j2luBaX1AL,1655,1222343,3,4,삼정물산 왕타 백선생 베이직 칫솔 10개입 1개 179082,,,네이버스마트스토어 퀴즈,N,2025-08-22 00:09:41,9999-12-31 23:59:59,7,18,12,1369936,ADS_CODE_DAILY_UPDATE,2025-08-22 00:09:41
446151,7WzhH19er0,1655,1222349,3,4,국산 제철 신안 흰다리새우 500g 1kg 활새우 왕새우 생새우 179088,,,네이버스마트스토어 퀴즈,N,2025-08-22 00:09:43,9999-12-31 23:59:59,7,18,12,1369936,ADS_CODE_DAILY_UPDATE,2025-08-22 00:09:43
446152,qSnbufzrTa,1655,1222351,3,4,글래쉬 착붙 속눈썹 노글루 기본구성 부분 연장 셀프 179091,,,네이버스마트스토어 퀴즈,N,2025-08-22 00:09:44,9999-12-31 23:59:59,7,18,12,1369936,ADS_CODE_DAILY_UPDATE,2025-08-22 00:09:44
446153,AR2J0bqzac,1655,1222353,3,4,무베즈 올인원 이동식행거 2단 드레스룸 고정식 스탠드 옷걸이 행거 179092,,,네이버스마트스토어 퀴즈,N,2025-08-22 00:09:45,9999-12-31 23:59:59,7,18,12,1369936,ADS_CODE_DAILY_UPDATE,2025-08-22 00:09:44
446154,xWym57d4aK,1655,1222355,3,4,닥터바이 리퀴드밀 강아지 퓨레 습식 사료 소화불량 구토 설사 유동식 전연령 179095,,,네이버스마트스토어 퀴즈,N,2025-08-22 00:09:46,9999-12-31 23:59:59,7,18,12,1369936,ADS_CODE_DAILY_UPDATE,2025-08-22 00:09:45
446155,3HdfiNBY6U,1655,1222357,3,4,해남 절임배추 20kg 김장배추 GAP인증 179097,,,네이버스마트스토어 퀴즈,N,2025-08-22 00:09:46,9999-12-31 23:59:59,7,18,12,1369936,ADS_CODE_DAILY_UPDATE,2025-08-22 00:09:46
446156,KHAF3SAgRK,1655,1222359,3,4,리포소홈 폴더매트 층간소음 아기매트 거실 놀이방 200x240 빅매트 아이보리 179098,,,네이버스마트스토어 퀴즈,N,2025-08-22 00:09:47,9999-12-31 23:59:59,7,18,12,1369936,ADS_CODE_DAILY_UPDATE,2025-08-22 00:09:47
446157,beHa5jzHkg,1655,1222361,3,4,크리스탈 감사패 부모님 정년퇴임 상패 공로패 기념패 제작 UD002 소 179105,,,네이버스마트스토어 퀴즈,N,2025-08-22 00:09:48,9999-12-31 23:59:59,7,18,12,1369936,ADS_CODE_DAILY_UPDATE,2025-08-22 00:09:47
446160,flg0HFNIdI,1655,1222367,3,4,2025 신상품 UMS 음쓰 음식물 처리기 3L 가정용 분쇄기 건조기 179108,,,네이버스마트스토어 퀴즈,N,2025-08-22 00:09:50,9999-12-31 23:59:59,7,18,12,1369936,ADS_CODE_DAILY_UPDATE,2025-08-22 00:09:49
446161,dSEF8JrE5I,1655,1222369,3,4,캐리어네임택 골프네임택 제작 179110,,,네이버스마트스토어 퀴즈,N,2025-08-22 00:09:51,9999-12-31 23:59:59,7,18,12,1369936,ADS_CODE_DAILY_UPDATE,2025-08-22 00:09:50
446162,J3hbtxPzKu,1655,1222371,3,4,멜피움 스팀청소기 물걸레 고온 살균 청소 179115,,,네이버스마트스토어 퀴즈,N,2025-08-22 00:09:51,9999-12-31 23:59:59,7,18,12,1369936,ADS_CODE_DAILY_UPDATE,2025-08-22 00:09:51
446163,YB9lTrcEOV,1655,1222373,3,4,스팀다리미 핸디 여행용 미니 핸디형스팀다리미 179118,,,네이버스마트스토어 퀴즈,N,2025-08-22 00:09:52,9999-12-31 23:59:59,7,18,12,1369936,ADS_CODE_DAILY_UPDATE,2025-08-22 00:09:52
446164,Vl7BFqmb1i,1655,1222375,3,4,한경희 핸디 소형청소기 무선 미니 청소기 179122,,,네이버스마트스토어 퀴즈,N,2025-08-22 00:09:53,9999-12-31 23:59:59,7,18,12,1369936,ADS_CODE_DAILY_UPDATE,2025-08-22 00:09:53
446165,nMFoce7ujC,1655,1222377,3,4,25W C타입충전기 PD 초고속 여행용 핸드폰 고속충전기 어댑터 179128,,,네이버스마트스토어 퀴즈,N,2025-08-22 00:09:54,9999-12-31 23:59:59,7,18,12,1369936,ADS_CODE_DAILY_UPDATE,2025-08-22 00:09:54
446166,zP3i0adrWN,1655,1222379,3,4,여행용 전기포트 캠핑용 소형 휴대용 미니 커피포트 전기주전자 179130,,,네이버스마트스토어 퀴즈,N,2025-08-22 00:09:55,9999-12-31 23:59:59,7,18,12,1369936,ADS_CODE_DAILY_UPDATE,2025-08-22 00:09:54
446167,bcdDidNNXq,1655,1222381,3,4,전기난로 히터 오방난로 난방기 가정용 사무실 스토브 179132,,,네이버스마트스토어 퀴즈,N,2025-08-22 00:09:56,9999-12-31 23:59:59,7,18,12,1369936,ADS_CODE_DAILY_UPDATE,2025-08-22 00:09:55
446168,LB4RqWvmGV,1655,1222383,3,4,미니가습기 USB 사무실 휴대용 가습기 179135,,,네이버스마트스토어 퀴즈,N,2025-08-22 00:09:56,9999-12-31 23:59:59,7,18,12,1369936,ADS_CODE_DAILY_UPDATE,2025-08-22 00:09:56
446169,o7lhek98RU,1655,1222385,3,4,맥세이프충전기 에어팟 애플워치 고속 무선 아이폰충전기 179138,,,네이버스마트스토어 퀴즈,N,2025-08-22 00:09:57,9999-12-31 23:59:59,7,18,12,1369936,ADS_CODE_DAILY_UPDATE,2025-08-22 00:09:57
446170,mwEf2coxFj,1655,1222387,3,4,뚜띠쿠치나 마포공덕점 179140,,,네이버플레이스 퀴즈,N,2025-08-22 00:09:58,9999-12-31 23:59:59,7,18,12,1369936,ADS_CODE_DAILY_UPDATE,2025-08-22 00:09:58
446171,iErFDyKQ7o,1655,1222389,3,4,엑세스스튜디오 179144,,,일반정답미션,N,2025-08-22 00:09:59,9999-12-31 23:59:59,7,18,12,1369936,ADS_CODE_DAILY_UPDATE,2025-08-22 00:09:58
446172,Za7dg5nN0h,1655,1222391,3,4,차량용 방향제 179145,,,일반정답미션,N,2025-08-22 00:10:00,9999-12-31 23:59:59,7,18,12,1369936,ADS_CODE_DAILY_UPDATE,2025-08-22 00:09:59
446173,mhjTnmHy4E,1655,1222393,3,4,골프네임택+볼마커 179148,,,일반정답미션,N,2025-08-22 00:10:01,9999-12-31 23:59:59,7,18,12,1369936,ADS_CODE_DAILY_UPDATE,2025-08-22 00:10:00
446174,cSeZwATZOS,1655,1222395,3,4,엑세스스튜디오 179149,,,일반정답미션,N,2025-08-22 00:10:02,9999-12-31 23:59:59,7,18,12,1369936,ADS_CODE_DAILY_UPDATE,2025-08-22 00:10:01
446178,HEa0peagil,82,1222400,3,4,북창동순두부 공덕만리재옛길점(플레이스 명소 길찾기 거리입력),,,플레이스 길찾기 거리입력,N,2025-08-22 00:13:21,9999-12-31 23:59:59,7,15,8,1369936,NONE,2025-08-22 00:13:21
446207,LYT2Fc14FR,82,1222429,3,4,소곰집 사당점(전화번호 입력하기),,,전화번호 입력하기,N,2025-08-22 00:13:46,9999-12-31 23:59:59,7,15,8,1369936,NONE,2025-08-22 00:13:45
446222,X41YCtCQL1,1655,1222445,3,4,라퐁텐 정원있는 카페 179172,,,네이버플레이스 저장하기 미션,N,2025-08-22 00:57:48,9999-12-31 23:59:59,7,28,20,1369936,NONE,2025-08-22 00:57:47
446229,ni3F3oo3kQ,1596,1222453,3,4,[정답입력]싱크대,,,네이버 상품 해시태그,N,2025-08-22 06:08:11,9999-12-31 23:59:59,7,18,12,1369936,ADS_CODE_DAILY_UPDATE,2025-08-22 06:08:10
446230,JSCMBmsPtC,1655,1222455,3,4,에미뜨의원 179174,,,일반정답미션,N,2025-08-22 07:17:24,9999-12-31 23:59:59,7,18,12,1369936,ADS_CODE_DAILY_UPDATE,2025-08-22 07:17:24
446231,p9VyFY1vgb,1655,1222457,3,4,땀흡수 발냄새깔창 운동화 군대 안전화 군화 등산화 일회용 20p 179258,,,네이버스마트스토어 퀴즈,N,2025-08-22 08:27:53,9999-12-31 23:59:59,7,18,12,1369936,ADS_CODE_DAILY_UPDATE,2025-08-22 08:27:52
446232,N23azpu1PJ,1655,1222459,3,4,레이어드 숄 어깨 레드 여성 니트 가디건 간절기 179265,,,네이버스마트스토어 퀴즈,N,2025-08-22 08:42:34,9999-12-31 23:59:59,7,18,12,1369936,ADS_CODE_DAILY_UPDATE,2025-08-22 08:42:34
446233,ZqcNxrehMn,1655,1222461,3,4,보부상 패딩 주름 디자이너 가방 퀼팅백 구름백 쇼퍼백 179273,,,네이버스마트스토어 퀴즈,N,2025-08-22 08:57:15,9999-12-31 23:59:59,7,18,12,1369936,ADS_CODE_DAILY_UPDATE,2025-08-22 08:57:14
446234,C3mXqrvgdS,1655,1222463,3,4,사입가방 이민 이사 이불 도매 유학 보부상 가방 대형(네이비) 179274,,,네이버스마트스토어 퀴즈,N,2025-08-22 09:02:38,9999-12-31 23:59:59,7,18,12,1369936,ADS_CODE_DAILY_UPDATE,2025-08-22 09:02:38
446235,8rJ1I9f3yv,1655,1222465,3,4,버킷백 호보백 쇼퍼백 가벼운 가죽 디자이너 보부상 가방 179275,,,네이버스마트스토어 퀴즈,N,2025-08-22 09:02:39,9999-12-31 23:59:59,7,18,12,1369936,ADS_CODE_DAILY_UPDATE,2025-08-22 09:02:39
446238,TcqKSvDMJK,1655,1222471,3,4,자연정 179287,,,네이버스마트스토어 퀴즈,N,2025-08-22 09:37:22,9999-12-31 23:59:59,7,18,12,1369936,ADS_CODE_DAILY_UPDATE,2025-08-22 09:37:21
446240,B4tlLnpkaM,1655,1222475,3,4,서빙카트 서빙카 이동식카트 업소용 식당 트롤리2단중그레이회색 179289,,,네이버스마트스토어 퀴즈,N,2025-08-22 09:37:24,9999-12-31 23:59:59,7,18,12,1369936,ADS_CODE_DAILY_UPDATE,2025-08-22 09:37:23
446241,yupf68Q9Ka,1655,1222477,3,4,캐스터팩토리 179290,,,네이버스마트스토어 퀴즈,N,2025-08-22 09:37:24,9999-12-31 23:59:59,7,18,12,1369936,ADS_CODE_DAILY_UPDATE,2025-08-22 09:37:24
446243,vrtZIIWQzH,1655,1222481,3,4,홈마블 179292,,,네이버스마트스토어 퀴즈,N,2025-08-22 09:42:22,9999-12-31 23:59:59,7,18,12,1369936,ADS_CODE_DAILY_UPDATE,2025-08-22 09:42:22
446246,8pfrFozb5p,1655,1222487,3,4,HPRT 공식몰 179296,,,네이버스마트스토어 퀴즈,N,2025-08-22 09:42:24,9999-12-31 23:59:59,7,18,12,1369936,ADS_CODE_DAILY_UPDATE,2025-08-22 09:42:24
446247,j77qtdRcM4,1655,1222489,3,4,쎄쎄쎄푸드빌리지 케이터링 출장뷔페 홈파티음식 집들이 생일 메뉴 생신상 박스 손님 5인 17,,,네이버스마트스토어 퀴즈,N,2025-08-22 09:42:25,9999-12-31 23:59:59,7,18,12,1369936,ADS_CODE_DAILY_UPDATE,2025-08-22 09:42:25
446248,Op44R5ZHlT,1655,1222491,3,4,프리다이빙 강습 레벨1 원데이 과정 서울 수원 성남 179298,,,네이버스마트스토어 퀴즈,N,2025-08-22 09:42:26,9999-12-31 23:59:59,7,18,12,1369936,ADS_CODE_DAILY_UPDATE,2025-08-22 09:42:26
446249,6j0aQEFGg0,1655,1222493,3,4,프리다이빙 첫 발자국 - 호흡의 예술 [with 블루페블] 서울 잠실 용인 179299,,,네이버스마트스토어 퀴즈,N,2025-08-22 09:42:27,9999-12-31 23:59:59,7,18,12,1369936,ADS_CODE_DAILY_UPDATE,2025-08-22 09:42:27
446250,vG6sxoLEHX,1655,1222495,3,4,오즈네일 고발색 고광택 샤인무드 네일컬러 비건 매니큐어 페디큐어 폴리쉬 튜튜블러셔 1793,,,네이버스마트스토어 퀴즈,N,2025-08-22 09:42:28,9999-12-31 23:59:59,7,18,12,1369936,ADS_CODE_DAILY_UPDATE,2025-08-22 09:42:28
446251,9WD2PUwpcX,1655,1222497,3,4,1마력 2마력 이동식 목공 용 필터 분진 전기 소형 집진기 모음전 179301,,,네이버스마트스토어 퀴즈,N,2025-08-22 09:42:30,9999-12-31 23:59:59,7,18,12,1369936,ADS_CODE_DAILY_UPDATE,2025-08-22 09:42:29
446254,i3QBb1z1n0,1655,1222503,3,4,배냇저고리 아기 신생아 밤부 편면 순면 임신출산선물 179304,,,네이버스마트스토어 퀴즈,N,2025-08-22 09:47:01,9999-12-31 23:59:59,7,18,12,1369936,ADS_CODE_DAILY_UPDATE,2025-08-22 09:47:00
446255,bLHPL2OIG4,1655,1222505,3,4,2+1 사바나 프리미엄 카사바 고양이 모래 탈취제 세트 3kg 179305,,,네이버스마트스토어 퀴즈,N,2025-08-22 09:47:01,9999-12-31 23:59:59,7,18,12,1369936,ADS_CODE_DAILY_UPDATE,2025-08-22 09:47:01
446256,GdMUZpYDtI,1655,1222507,3,4,완벽한일상 179306,,,네이버스마트스토어 퀴즈,N,2025-08-22 09:47:02,9999-12-31 23:59:59,7,18,12,1369936,ADS_CODE_DAILY_UPDATE,2025-08-22 09:47:02
446258,JtCQ0NINVP,1655,1222511,3,4,원스토몰 179308,,,네이버스마트스토어 퀴즈,N,2025-08-22 09:47:04,9999-12-31 23:59:59,7,18,12,1369936,ADS_CODE_DAILY_UPDATE,2025-08-22 09:47:04
446259,GbsTwI0KMt,1655,1222513,3,4,서빙카트 식당 업소용 주방 서빙카 다용도 서빙카트 소형 2단 기본고무바퀴 179309,,,네이버스마트스토어 퀴즈,N,2025-08-22 09:47:05,9999-12-31 23:59:59,7,18,12,1369936,ADS_CODE_DAILY_UPDATE,2025-08-22 09:47:05
446260,V5ZZU7ABBM,1655,1222515,3,4,고려은단 이뮨샷 179310,,,일반정답미션,N,2025-08-22 09:47:06,9999-12-31 23:59:59,7,18,12,1369936,ADS_CODE_DAILY_UPDATE,2025-08-22 09:47:06
446261,xRrYPmnXt7,50,1222517,1,2,마루는 강쥐:나 카페 사장됐다? 짱이지!,,,받기,N,2025-08-22 10:07:10,9999-12-31 23:59:59,2,170,120,2763300,NONE,2025-08-22 10:07:09
446263,uwosFKnpTF,1655,1222520,3,4,백일상대여 꽃길노랑 179313,,,네이버스마트스토어 퀴즈,N,2025-08-22 10:22:37,9999-12-31 23:59:59,7,18,12,1369936,ADS_CODE_DAILY_UPDATE,2025-08-22 10:22:36
446264,L5Nyu6d7P8,1655,1222523,3,4,아모스샴푸 녹차실감샴푸 탈모 녹차 지성타입 아모레퍼시픽 500g 2개 179314,,,네이버스마트스토어 퀴즈,N,2025-08-22 10:37:09,9999-12-31 23:59:59,7,18,12,1369936,ADS_CODE_DAILY_UPDATE,2025-08-22 10:37:09
446265,GLwQ8M3574,1655,1222525,3,4,여성 반팔티 끈 홀터넥 나시 브이넥 오프숄더 티 어깨트임 179315,,,네이버스마트스토어 퀴즈,N,2025-08-22 10:42:24,9999-12-31 23:59:59,7,18,12,1369936,ADS_CODE_DAILY_UPDATE,2025-08-22 10:42:24
446266,78748JzmVN,1655,1222527,3,4,반달백 옆으로매는가방 가벼운 유럽여행 해외 여행용슬링백 크루아상백 179316,,,네이버스마트스토어 퀴즈,N,2025-08-22 10:47:28,9999-12-31 23:59:59,7,18,12,1369936,ADS_CODE_DAILY_UPDATE,2025-08-22 10:47:28
446268,8ebAq9yQDL,335,1222532,1,2,데몬 소서리스 키우기:방치형 RPG,,,받기,N,2025-08-22 11:00:00,2029-11-29 00:00:00,2,130,90,2763200,NONE,2025-08-22 11:02:58
446270,mgEZxBlp6i,1655,1222540,3,4,텐셀 커플트레이닝복세트 반팔 반바지 헬스복 체육복 운동복 179320,,,네이버스마트스토어 퀴즈,N,2025-08-22 11:22:12,9999-12-31 23:59:59,7,18,12,1369936,ADS_CODE_DAILY_UPDATE,2025-08-22 11:22:12
446271,KtIjIcgJeh,1655,1222545,3,4,타이탄트랙 등산스틱 접이식 등산용지팡이 스틱 두랄루민 179323,,,네이버스마트스토어 퀴즈,N,2025-08-22 11:47:32,9999-12-31 23:59:59,7,18,12,1369936,ADS_CODE_DAILY_UPDATE,2025-08-22 11:47:31
446275,2XlYtOhPrA,1655,1222552,3,4,선일금고 루셀 대형 스마트금고 지문인식 가정용 개인 사무용 금고 WOUP UP 176072,,,네이버스마트스토어 퀴즈,N,2025-08-22 12:13:06,9999-12-31 23:59:59,7,18,12,1369936,ADS_CODE_DAILY_UPDATE,2025-08-22 12:13:05
446276,81fKXjdRw8,1655,1222554,3,4,[정기구독] 생화 꽃다발 택배 전국 꽃배달 졸업식 장미꽃 생일 축하 꽃선물 바구니 직송 서,,,네이버스마트스토어 퀴즈,N,2025-08-22 12:13:10,9999-12-31 23:59:59,7,18,12,1369936,ADS_CODE_DAILY_UPDATE,2025-08-22 12:13:10
446277,t4RRRv8OXN,1655,1222556,3,4,칼로프리 무선 핸드블렌더 179322,,,네이버스마트스토어 퀴즈,N,2025-08-22 12:13:14,9999-12-31 23:59:59,7,18,12,1369936,ADS_CODE_DAILY_UPDATE,2025-08-22 12:13:14
446279,9uGbTloyiy,1655,1222560,3,4,장안 업소용선풍기 산업용 공업용 공장용 대형 76cm 1630H 179328,,,네이버스마트스토어 퀴즈,N,2025-08-22 12:13:16,9999-12-31 23:59:59,7,18,12,1369936,ADS_CODE_DAILY_UPDATE,2025-08-22 12:13:16
446280,jerOq3KoAV,1655,1222562,3,4,곰돌이키링 미니 가방 자동차 키링 차키키링 곰인형 에어팟 커플 리본 홀더링 스마트키 싼 1,,,네이버스마트스토어 퀴즈,N,2025-08-22 12:17:51,9999-12-31 23:59:59,7,18,12,1369936,ADS_CODE_DAILY_UPDATE,2025-08-22 12:17:51
446281,j3ffvdpkFA,1655,1222564,3,4,꽃무늬 휴양지원피스 바캉스 나시 민소매 롱원피스 바캉스룩 빅사이즈 179330,,,네이버스마트스토어 퀴즈,N,2025-08-22 12:17:52,9999-12-31 23:59:59,7,18,12,1369936,ADS_CODE_DAILY_UPDATE,2025-08-22 12:17:51
446282,AWqF1kUyBr,1655,1222566,3,4,10종 귀후비개 귀파개 세트 귀후비게 귀이개 청소 귀파기 휴대용 어린이 귀지 제거 나선형,,,네이버스마트스토어 퀴즈,N,2025-08-22 12:17:53,9999-12-31 23:59:59,7,18,12,1369936,ADS_CODE_DAILY_UPDATE,2025-08-22 12:17:52
446285,BD6NR0aoHb,318,1222572,3,4,슈펠로 일회용 전자담배 맞추기 8.22,,,퀴즈 맞추기,N,2025-08-22 13:02:14,9999-12-31 23:59:59,7,18,12,1369936,NONE,2025-08-22 13:02:13
446287,EAVIIv4FJm,318,1222576,3,4,아기섬유유연제 맞추기 8.22,,,퀴즈 맞추기,N,2025-08-22 13:07:34,9999-12-31 23:59:59,7,13,9,1369936,NONE,2025-08-22 13:07:33
446288,k9iHnGD5cH,318,1222577,3,4,팰리세이드 쓰레기통 튜닝 맞추기 8.22,,,퀴즈 맞추기,N,2025-08-22 13:07:35,9999-12-31 23:59:59,7,16,11,1369936,NONE,2025-08-22 13:07:35
446289,PwnORayvTN,318,1222579,3,4,이리와코리아 10개옵션 맞추기 8.22,,,퀴즈 맞추기,N,2025-08-22 13:07:36,9999-12-31 23:59:59,7,16,11,1369936,NONE,2025-08-22 13:07:36
446290,4KAlYrdjWd,1655,1222582,3,4,계절꽃 혼합 생화택배 농장직송 랜덤박스 꽃선물 한단 꽃다발 졸업식 장미꽃 179339,,,네이버스마트스토어 퀴즈,N,2025-08-22 13:27:27,9999-12-31 23:59:59,7,18,12,1369936,ADS_CODE_DAILY_UPDATE,2025-08-22 13:27:26
446291,5W1lcrLwfN,1655,1222584,3,4,계절꽃 혼합 생화택배 농장직송 랜덤박스 꽃선물 한단 꽃다발 졸업식 장미꽃 179340,,,네이버스마트스토어 퀴즈,N,2025-08-22 13:37:16,9999-12-31 23:59:59,7,18,12,1369936,ADS_CODE_DAILY_UPDATE,2025-08-22 13:37:15
446295,sGVfdBDNr4,1655,1222591,3,4,델템포하우스 179347,,,네이버플레이스 퀴즈,N,2025-08-22 14:17:27,9999-12-31 23:59:59,7,18,12,1369936,ADS_CODE_DAILY_UPDATE,2025-08-22 14:17:26
446296,AyJyeAbtZ2,1655,1222593,3,4,광희문 인덕원본점 179348,,,네이버플레이스 퀴즈,N,2025-08-22 14:17:28,9999-12-31 23:59:59,7,18,12,1369936,ADS_CODE_DAILY_UPDATE,2025-08-22 14:17:27
446300,5MByyT4Rge,1655,1222601,3,4,캠핑 화로대 접이식 캠핑 화로 미니 불멍 화로대 바베큐 그릴 높이조절 179437,,,네이버스마트스토어 퀴즈,N,2025-08-22 14:56:42,9999-12-31 23:59:59,7,18,12,1369936,ADS_CODE_DAILY_UPDATE,2025-08-22 14:56:41
446301,qz47zQqpsn,1655,1222603,3,4,이지은웨딩 179438,,,일반정답미션,N,2025-08-22 15:06:56,9999-12-31 23:59:59,7,18,12,1369936,ADS_CODE_DAILY_UPDATE,2025-08-22 15:06:56
446302,iXAaapEqd4,318,1222605,3,4,용가리전자담배 제우스서브옴 코일 맞추기 8.22,,,퀴즈 맞추기,N,2025-08-22 15:12:23,9999-12-31 23:59:59,7,18,12,1369936,NONE,2025-08-22 15:12:22
446303,ranvY3whld,318,1222607,3,4,비엔엠코리아 10개옵션 맞추기 8.22,,,퀴즈 맞추기,N,2025-08-22 15:12:23,9999-12-31 23:59:59,7,16,11,1369936,NONE,2025-08-22 15:12:23
446304,HUFHvgwzMQ,1655,1222609,3,4,에브리데이해피벌스데이 179439,,,네이버플레이스 퀴즈,N,2025-08-22 15:12:34,9999-12-31 23:59:59,7,18,12,1369936,ADS_CODE_DAILY_UPDATE,2025-08-22 15:12:33
446307,Kk3O0pQlVL,1655,1222616,3,4,맥세이프핑거링 맥세이프그립 헬스장 스마트톡 갤럭시 톡홀더 양면자석 179441,,,네이버스마트스토어 퀴즈,N,2025-08-22 15:27:30,9999-12-31 23:59:59,7,18,12,1369936,ADS_CODE_DAILY_UPDATE,2025-08-22 15:27:30
446310,J6DpazIFaO,1655,1222620,3,4,히든 퍼퓸 스프레이 바디로션 179451,,,네이버스마트스토어 퀴즈,N,2025-08-22 15:57:31,9999-12-31 23:59:59,7,18,12,1369936,ADS_CODE_DAILY_UPDATE,2025-08-22 15:57:31
446311,GNY3HTQDlP,1655,1222622,3,4,몬스타pc스토어 179452,,,일반정답미션,N,2025-08-22 15:57:32,9999-12-31 23:59:59,7,18,12,1369936,ADS_CODE_DAILY_UPDATE,2025-08-22 15:57:32
446312,Yv1RAz8QbS,1655,1222624,3,4,몬스타기어 179453,,,일반정답미션,N,2025-08-22 16:08:23,9999-12-31 23:59:59,7,18,12,1369936,ADS_CODE_DAILY_UPDATE,2025-08-22 16:08:23
446313,ckNgQoVYtv,1655,1222626,3,4,몬스타기어 179454,,,일반정답미션,N,2025-08-22 16:08:24,9999-12-31 23:59:59,7,18,12,1369936,ADS_CODE_DAILY_UPDATE,2025-08-22 16:08:24
446315,Omzy1gusPP,1623,1222629,3,4,우정링,,,퀴즈 맞추기,N,2025-08-22 16:13:26,9999-12-31 23:59:59,7,15,10,1369936,NONE,2025-08-22 16:13:26
446316,a4oz6m9YgB,1655,1222631,3,4,하이서포트 스포츠브라 운동 일체형 러닝 새가슴 브라렛 179266,,,네이버스마트스토어 퀴즈,N,2025-08-22 16:14:00,9999-12-31 23:59:59,7,18,12,1369936,ADS_CODE_DAILY_UPDATE,2025-08-22 16:13:59
446317,m10BsHV0K7,1655,1222633,3,4,몬스타기어 179455,,,일반정답미션,N,2025-08-22 16:14:01,9999-12-31 23:59:59,7,18,12,1369936,ADS_CODE_DAILY_UPDATE,2025-08-22 16:14:01
446350,2HX9seZPuH,1505,1222694,3,4,[플레이스 퀴즈] 바 다빈치 (18389),,,참여,N,2025-08-22 16:23:13,9999-12-31 23:59:59,7,20,14,1369936,NONE,2025-08-22 16:23:12
446353,dz32xlVN1G,1505,1222700,3,4,[플레이스 퀴즈] 도투 (18493),,,참여,N,2025-08-22 16:23:15,9999-12-31 23:59:59,7,20,14,1369936,NONE,2025-08-22 16:23:14
446363,e8Ed5kOkaH,1505,1222720,3,4,[플레이스 퀴즈] 요즈음 잠실방이점 (18532),,,참여,N,2025-08-22 16:23:22,9999-12-31 23:59:59,7,20,14,1369936,NONE,2025-08-22 16:23:21
446372,iQ2AzreWxN,1505,1222739,3,4,[플레이스 퀴즈] 방이별관 잠실방이점 (18632),,,참여,N,2025-08-22 16:23:29,9999-12-31 23:59:59,7,20,14,1369936,NONE,2025-08-22 16:23:28
446373,biT2CngHxE,1505,1222741,3,4,[플레이스 퀴즈] 고치소사마 대전 봉명 (18636),,,참여,N,2025-08-22 16:23:29,9999-12-31 23:59:59,7,20,14,1369936,NONE,2025-08-22 16:23:29
446379,E9SD1RFWyQ,1505,1222753,3,4,[플레이스 퀴즈] 대천가자조개구이 (18717),,,참여,N,2025-08-22 16:23:34,9999-12-31 23:59:59,7,20,14,1369936,NONE,2025-08-22 16:23:34
446380,paCE48sBXs,1505,1222755,3,4,[플레이스 퀴즈] 꽃향기 샤브샤브&뷔페 (18724),,,참여,N,2025-08-22 16:23:35,9999-12-31 23:59:59,7,20,14,1369936,NONE,2025-08-22 16:23:34
446381,aAvpJvumZL,1505,1222757,3,4,[플레이스 퀴즈] 모노샤브 (18744),,,참여,N,2025-08-22 16:23:35,9999-12-31 23:59:59,7,20,14,1369936,NONE,2025-08-22 16:23:35
446382,wdJEhAWnXK,1505,1222759,3,4,[플레이스 퀴즈] 양천뼈다귀 공덕마포점 (18750),,,참여,N,2025-08-22 16:23:36,9999-12-31 23:59:59,7,20,14,1369936,NONE,2025-08-22 16:23:36
446384,h7RTlbFWDe,1505,1222763,3,4,[플레이스 퀴즈] 맘보식당 해운대송정본점 (18780),,,참여,N,2025-08-22 16:23:38,9999-12-31 23:59:59,7,20,14,1369936,NONE,2025-08-22 16:23:37
446385,hz9r5gsQJF,1505,1222765,3,4,[플레이스 퀴즈] 왐왐커피 (18784),,,플레이스 퀴즈 맞추기,N,2025-08-22 16:23:39,9999-12-31 23:59:59,7,20,14,1369936,NONE,2025-08-22 16:23:38
446387,nz0rb6BKov,80,1222811,2,1,파블로,,,접속하기,N,2025-08-22 16:00:00,9999-12-31 23:59:59,1,230,180,2764000,NONE,2025-08-22 16:43:16
446388,4qzBdtXHQx,228,1222770,2,1,KB증권 M-able (마블),,,최초 오픈,N,2025-08-22 16:00:00,2025-08-23 00:00:00,2,230,180,2764200,NONE,2025-08-22 16:46:17
446390,Hc8U0N0Umt,1655,1222773,3,4,누수탐지 179510,,,네이버플레이스 퀴즈,N,2025-08-22 16:57:29,9999-12-31 23:59:59,7,18,12,1369907,ADS_CODE_DAILY_UPDATE,2025-08-22 16:57:29
446393,DFLmG8UOSR,335,1222785,3,10,헬스케어,,"2,200원 (vat 포함)",서비스 가입,N,2025-08-22 17:00:00,2029-11-29 00:00:00,7,1280,960,2701000,NONE,2025-08-22 17:01:49
446394,Yv7voQYpaj,318,1222779,3,4,피지컬방이헬스 맞추기 8.22,,,퀴즈 맞추기,N,2025-08-22 17:02:22,9999-12-31 23:59:59,7,16,11,1369935,NONE,2025-08-22 17:02:22
446395,ig9RlzAgnA,1655,1222781,3,4,법무법인 승리로 평택 179512,,,네이버플레이스 퀴즈,N,2025-08-22 17:02:40,9999-12-31 23:59:59,7,18,12,1369935,ADS_CODE_DAILY_UPDATE,2025-08-22 17:02:40
446396,3udzFcDExp,1655,1222783,3,4,창앤뷰커튼블라인드 179513,,,네이버플레이스 퀴즈,N,2025-08-22 17:02:41,9999-12-31 23:59:59,7,18,12,1369935,ADS_CODE_DAILY_UPDATE,2025-08-22 17:02:40
446398,MknRy6JChZ,1655,1222787,3,4,아름본재활의학과의원 179514,,,네이버플레이스 퀴즈,N,2025-08-22 17:12:36,9999-12-31 23:59:59,7,18,12,1369935,ADS_CODE_DAILY_UPDATE,2025-08-22 17:12:36
446399,y45X0KpMw8,1655,1222789,3,4,부산철거 에스에이치 179516,,,네이버플레이스 퀴즈,N,2025-08-22 17:17:27,9999-12-31 23:59:59,7,18,12,1369914,ADS_CODE_DAILY_UPDATE,2025-08-22 17:17:27
446400,fbmhQb1JsX,1655,1222791,3,4,캠핑 경량 롤 테이블 피크닉 보조 트렁크 차박 백패킹 테이블 다이소 코스트코 대형 1795,,,네이버스마트스토어 퀴즈,N,2025-08-22 17:17:28,9999-12-31 23:59:59,7,18,12,1369913,ADS_CODE_DAILY_UPDATE,2025-08-22 17:17:28
446401,8JRyyMc69m,318,1222793,3,4,영상 클릭 10초 시청후 주소를 복사 맞추기 12.8,,,퀴즈 맞추기,N,2025-08-22 17:27:12,9999-12-31 23:59:59,7,18,12,1369911,NONE,2025-08-22 17:27:12
446402,HzpNoUoU00,1655,1222795,3,4,온더어스 요가매트 두꺼운 홈트매트 와이드운동매트 필라테스 185X61cm 20mm 블랙 1,,,네이버스마트스토어 퀴즈,N,2025-08-22 18:07:24,9999-12-31 23:59:59,7,18,12,1369910,ADS_CODE_DAILY_UPDATE,2025-08-22 18:07:24
446403,fG6oGJsEYZ,1655,1222797,3,4,폼롤러 EVA 필라테스 요가 마사지 스트레칭 핑크 90x15cm 179538,,,네이버스마트스토어 퀴즈,N,2025-08-22 18:07:34,9999-12-31 23:59:59,7,18,12,1369909,ADS_CODE_DAILY_UPDATE,2025-08-22 18:07:34
446405,9ulvVw3Dxd,84,1222801,3,8,"[답글] 600만 당뇨 시대, 혈당 스파이크 오기 전에 할인 스파이크! 글루어트_2",,,참여,N,2025-08-22 18:00:00,2029-11-29 00:00:00,7,200,160,2760200,NONE,2025-08-22 18:31:42
446406,VP0lqWhydJ,1596,1222802,3,4,[정답입력]여수횟집-20250822-14,,,네이버 플레이스 장소명 입력하기,N,2025-08-22 18:32:23,9999-12-31 23:59:59,7,18,12,1369912,ADS_CODE_DAILY_UPDATE,2025-08-22 18:32:22
446407,1z6ZJYVXVi,84,1222804,3,8,[쇼핑라이브하트+채팅] [마라떡볶이 끝판왕] 진또배기 마라맛의 세계로,,,참여,N,2025-08-22 19:00:00,2029-11-29 00:00:00,7,200,160,2759700,NONE,2025-08-22 19:12:28
446408,JWos18ybdg,82,1222805,3,4,전단지배포 대전광고 (검색 후 플레이스 저장),,,검색 후 플레이스 저장,N,2025-08-22 21:56:54,9999-12-31 23:59:59,7,18,8,1369935,NONE,2025-08-22 21:56:54
446415,yCRY6U2jUV,318,1222816,3,4,동영상 클릭 10초 시청후 주소를 복사 맞추기 12.8,,,퀴즈 맞추기,N,2025-08-23 00:07:46,9999-12-31 23:59:59,7,18,12,1369935,NONE,2025-08-23 00:07:46
446418,ZxrqLmBDMV,1483,1222821,3,4,유성전자담배 타임월드점 (플레이스 보고 퀴즈 맞추기),,,퀴즈 맞추기,N,2025-08-23 00:09:09,9999-12-31 23:59:59,7,20,14,1369935,ADS_CODE_DAILY_UPDATE,2025-08-23 00:09:09
446419,YPpHEikM7L,1483,1222823,3,4,대전 유성전자담배 도안점 (플레이스 보고 퀴즈 맞추기),,,퀴즈 맞추기,N,2025-08-23 00:09:10,9999-12-31 23:59:59,7,20,14,1369935,ADS_CODE_DAILY_UPDATE,2025-08-23 00:09:09
446420,eQsak9iDFh,1483,1222825,3,4,유성전자담배 본점 (플레이스 보고 퀴즈 맞추기),,,퀴즈 맞추기,N,2025-08-23 00:09:11,9999-12-31 23:59:59,7,20,14,1369935,ADS_CODE_DAILY_UPDATE,2025-08-23 00:09:10
446421,reVZLhCMkO,1483,1222827,3,4,유성전자담배 청주강서점 (플레이스 보고 퀴즈 맞추기),,,퀴즈 맞추기,N,2025-08-23 00:09:11,9999-12-31 23:59:59,7,20,14,1369935,ADS_CODE_DAILY_UPDATE,2025-08-23 00:09:11
446431,WUd4SVo2fQ,82,1222845,3,4,모트(플레이스 명소 길찾기 거리입력),,,플레이스 길찾기 거리입력,N,2025-08-23 00:13:29,9999-12-31 23:59:59,7,15,8,1369935,NONE,2025-08-23 00:13:29
446440,7j5lREcNkb,1655,1222856,3,4,제로네이트 179311,,,일반정답미션,N,2025-08-23 00:14:33,9999-12-31 23:59:59,7,18,12,1369916,ADS_CODE_DAILY_UPDATE,2025-08-23 00:14:32
446442,sN0Rgm4oaw,1655,1222860,3,4,[정기구독] 생화 꽃다발 택배 전국 꽃배달 졸업식 장미꽃 생일 축하 꽃선물 바구니 직송 서,,,네이버스마트스토어 퀴즈,N,2025-08-23 00:14:37,9999-12-31 23:59:59,7,18,12,1369916,ADS_CODE_DAILY_UPDATE,2025-08-23 00:14:37
446444,s4FNS2OlQc,1655,1222864,3,4,신일전자 온풍기 전기 가정용 사무용 미니 소형 난로 히터 SEH-2000JA 179346,,,네이버스마트스토어 퀴즈,N,2025-08-23 00:14:38,9999-12-31 23:59:59,7,18,12,1369916,ADS_CODE_DAILY_UPDATE,2025-08-23 00:14:38
446446,oalVIHjchb,1655,1222870,3,4,"몽모랑시타트체리주스 착즙원액 100% NFC체리즙 1L, 1개 179524",,,네이버스마트스토어 퀴즈,N,2025-08-23 00:14:42,9999-12-31 23:59:59,7,18,12,1369916,ADS_CODE_DAILY_UPDATE,2025-08-23 00:14:42
446447,NuC2C1xL4U,1655,1222874,3,4,[호환] TSI 삼성 공기청정기 필터 CFX-G100D 블루스카이6000 일반형 17952,,,네이버스마트스토어 퀴즈,N,2025-08-23 00:14:42,9999-12-31 23:59:59,7,18,12,1369916,ADS_CODE_DAILY_UPDATE,2025-08-23 00:14:42
446452,NnMPfOGSaA,1655,1222884,3,4,전자담배액상 전담액상 말론 발라리안 에어 젤로 맥스 호환 무니코틴 니코틴 무 망고 1795,,,네이버스마트스토어 퀴즈,N,2025-08-23 00:14:44,9999-12-31 23:59:59,7,18,12,1369916,ADS_CODE_DAILY_UPDATE,2025-08-23 00:14:44
446454,nCZZQVc6Io,1655,1222888,3,4,300달톤 저분자 어린 피쉬콜라겐 엘라스틴 2.5g X 30포 히알루론산 179530,,,네이버스마트스토어 퀴즈,N,2025-08-23 00:14:45,9999-12-31 23:59:59,7,18,12,1369916,ADS_CODE_DAILY_UPDATE,2025-08-23 00:14:45
446456,TSfIErF8cf,1655,1222892,3,4,제스파 듀얼 코어 엔진 소노디아 듀얼 안마의자 ZPC2225 179531,,,네이버스마트스토어 퀴즈,N,2025-08-23 00:14:46,9999-12-31 23:59:59,7,18,12,1369916,ADS_CODE_DAILY_UPDATE,2025-08-23 00:14:46
446460,CkTc0jycf7,1655,1222900,3,4,전자담배액상 전담 액상 발라리안 맥스 프로 젤로 호환 무니코틴 알로에베라 니코틴 무 179,,,네이버스마트스토어 퀴즈,N,2025-08-23 00:14:47,9999-12-31 23:59:59,7,18,12,1369916,ADS_CODE_DAILY_UPDATE,2025-08-23 00:14:47
446461,GyPl8TTCRv,1655,1222904,3,4,전자담배액상 전담액상 사이트 발라리안 맥스 말론 젤로 호환 무니코틴 니코틴 무 알로에베라,,,네이버스마트스토어 퀴즈,N,2025-08-23 00:14:48,9999-12-31 23:59:59,7,18,12,1369916,ADS_CODE_DAILY_UPDATE,2025-08-23 00:14:47
446463,vUyZeZIdy6,1655,1222908,3,4,전자담배액상 전담 액상 사이트 말론 발라리안맥스 젤로호환 무니코틴액상 알로에베라 입호흡 1,,,네이버스마트스토어 퀴즈,N,2025-08-23 00:14:48,9999-12-31 23:59:59,7,18,12,1369916,ADS_CODE_DAILY_UPDATE,2025-08-23 00:14:48
446464,iqbsSXWJZU,1655,1222910,3,4,전자담배액상 전담 액상 사이트 말론 발라리안맥스 젤로호환 무니코틴액상 알로에베라 입호흡 1,,,네이버스마트스토어 퀴즈,N,2025-08-23 00:14:49,9999-12-31 23:59:59,7,18,12,1369916,ADS_CODE_DAILY_UPDATE,2025-08-23 00:14:49
446466,pdo6FlOYog,1655,1222916,3,4,[이태리산] 유기농 대마종자유 냉압착 1병 179540,,,네이버스마트스토어 퀴즈,N,2025-08-23 00:14:50,9999-12-31 23:59:59,7,18,12,1369916,ADS_CODE_DAILY_UPDATE,2025-08-23 00:14:50
446470,lF1gzvaJex,1655,1222924,3,4,"유기농오렌지주스 NFC 100% 착즙주스 1L, 1개 179542",,,네이버스마트스토어 퀴즈,N,2025-08-23 00:14:51,9999-12-31 23:59:59,7,18,12,1369916,ADS_CODE_DAILY_UPDATE,2025-08-23 00:14:51
446472,bH9bvM88ug,1655,1222928,3,4,뚜띠쿠치나 마포공덕점 179544,,,네이버플레이스 퀴즈,N,2025-08-23 00:14:52,9999-12-31 23:59:59,7,18,12,1369916,ADS_CODE_DAILY_UPDATE,2025-08-23 00:14:52
446476,KIKg6put5u,1655,1222936,3,4,삼돌박이수라육간 179549,,,네이버플레이스 퀴즈,N,2025-08-23 00:14:53,9999-12-31 23:59:59,7,18,12,1369916,ADS_CODE_DAILY_UPDATE,2025-08-23 00:14:53
446478,0JRnEWPTu4,1655,1222940,3,4,루민 BLDC 무선청소기 미니 원룸 소형 핸디 저렴한 청소기 179550,,,네이버스마트스토어 퀴즈,N,2025-08-23 00:14:54,9999-12-31 23:59:59,7,18,12,1369916,ADS_CODE_DAILY_UPDATE,2025-08-23 00:14:54
446480,z5FCgAheSM,1655,1222944,3,4,SSUN 튜브 누들 스틱 막대 물놀이튜브 어린이 성인 대형 179551,,,네이버스마트스토어 퀴즈,N,2025-08-23 00:14:54,9999-12-31 23:59:59,7,18,12,1369916,ADS_CODE_DAILY_UPDATE,2025-08-23 00:14:54
446482,44RtaHe2R9,1655,1222948,3,4,금전수 돈나무 중형 개업축하화분 거실 개업식 집들이 화분배달 선물 인테리어식물 실내화초 1,,,네이버스마트스토어 퀴즈,N,2025-08-23 00:14:55,9999-12-31 23:59:59,7,18,12,1369916,ADS_CODE_DAILY_UPDATE,2025-08-23 00:14:55
446483,tkrpjbIrZ7,1655,1222950,3,4,금전수 돈나무 중형 개업축하화분 거실 개업식 집들이 화분배달 선물 인테리어식물 실내화초 1,,,네이버스마트스토어 퀴즈,N,2025-08-23 00:14:55,9999-12-31 23:59:59,7,18,12,1369916,ADS_CODE_DAILY_UPDATE,2025-08-23 00:14:55
446484,oHulaLKzIm,1655,1222952,3,4,아차산유황오리 179554,,,네이버플레이스 퀴즈,N,2025-08-23 00:14:56,9999-12-31 23:59:59,7,18,12,1369916,ADS_CODE_DAILY_UPDATE,2025-08-23 00:14:55
446486,Yat44hynqI,1505,1222956,3,4,[카카오맵 퀴즈] 방이별관 (18714),,,카카오맵 주소를 맞추는 퀴즈,N,2025-08-23 00:19:43,9999-12-31 23:59:59,7,20,14,1369916,NONE,2025-08-23 00:19:43
446489,GdabgDwPSZ,1655,1222960,3,4,7번방 방이점 179561,,,네이버플레이스 퀴즈,N,2025-08-23 01:18:11,9999-12-31 23:59:59,7,18,12,1369916,ADS_CODE_DAILY_UPDATE,2025-08-23 01:18:11
446491,q33SoX6cXe,1596,1222963,3,4,[정답입력]싱크대,,,네이버 상품 해시태그,N,2025-08-23 06:08:07,9999-12-31 23:59:59,7,18,12,1369916,ADS_CODE_DAILY_UPDATE,2025-08-23 06:08:06
446493,xOSsJUhiaW,1655,1222967,3,4,자연정 179652,,,네이버스마트스토어 퀴즈,N,2025-08-23 09:47:35,9999-12-31 23:59:59,7,18,12,1369916,ADS_CODE_DAILY_UPDATE,2025-08-23 09:47:35
446495,UYfuyUcD2K,1655,1222971,3,4,구로캐스터 179654,,,네이버스마트스토어 퀴즈,N,2025-08-23 09:47:37,9999-12-31 23:59:59,7,18,12,1369916,ADS_CODE_DAILY_UPDATE,2025-08-23 09:47:36
446496,5oYMXhh5F8,1655,1222973,3,4,캐스터팩토리 179655,,,네이버스마트스토어 퀴즈,N,2025-08-23 09:47:38,9999-12-31 23:59:59,7,18,12,1369916,ADS_CODE_DAILY_UPDATE,2025-08-23 09:47:37
446500,XrBk5406k6,1655,1222981,3,4,홈마블 179659,,,네이버스마트스토어 퀴즈,N,2025-08-23 09:47:40,9999-12-31 23:59:59,7,18,12,1369916,ADS_CODE_DAILY_UPDATE,2025-08-23 09:47:40
446501,ZVLRnL9Oot,1655,1222983,3,4,HPRT 공식몰 179660,,,네이버스마트스토어 퀴즈,N,2025-08-23 09:47:41,9999-12-31 23:59:59,7,18,12,1369916,ADS_CODE_DAILY_UPDATE,2025-08-23 09:47:41
446502,rRYzSPU1pu,1655,1222985,3,4,쎄쎄쎄푸드빌리지 케이터링 출장뷔페 홈파티음식 집들이 생일 메뉴 생신상 박스 손님 5인 17,,,네이버스마트스토어 퀴즈,N,2025-08-23 09:47:42,9999-12-31 23:59:59,7,18,12,1369916,ADS_CODE_DAILY_UPDATE,2025-08-23 09:47:41
446503,yp5dmjawMp,1655,1222987,3,4,프리다이빙 첫 발자국 - 호흡의 예술 [with 블루페블] 서울 잠실 용인 179662,,,네이버스마트스토어 퀴즈,N,2025-08-23 09:52:15,9999-12-31 23:59:59,7,18,12,1369916,ADS_CODE_DAILY_UPDATE,2025-08-23 09:52:14
446504,K8VO87tIQy,1655,1222989,3,4,프리다이빙 강습 레벨1 원데이 과정 서울 수원 성남 179663,,,네이버스마트스토어 퀴즈,N,2025-08-23 09:52:16,9999-12-31 23:59:59,7,18,12,1369916,ADS_CODE_DAILY_UPDATE,2025-08-23 09:52:15
446505,C9Vwq3RIVB,1655,1222991,3,4,오즈네일 고발색 고광택 샤인무드 네일컬러 비건 매니큐어 페디큐어 폴리쉬 튜튜블러셔 1796,,,네이버스마트스토어 퀴즈,N,2025-08-23 09:52:16,9999-12-31 23:59:59,7,18,12,1369916,ADS_CODE_DAILY_UPDATE,2025-08-23 09:52:16
446506,kKqfnTFEFS,1655,1222993,3,4,1마력 2마력 이동식 목공 용 필터 분진 전기 소형 집진기 모음전 179665,,,네이버스마트스토어 퀴즈,N,2025-08-23 09:52:17,9999-12-31 23:59:59,7,18,12,1369916,ADS_CODE_DAILY_UPDATE,2025-08-23 09:52:17
446507,tQPFfNBPWR,1655,1222995,3,4,베베라온오가닉 179666,,,네이버스마트스토어 퀴즈,N,2025-08-23 09:52:18,9999-12-31 23:59:59,7,18,12,1369916,ADS_CODE_DAILY_UPDATE,2025-08-23 09:52:17
446509,fpxMLafQel,1655,1222999,3,4,배냇저고리 아기 신생아 밤부 편면 순면 임신출산선물 179668,,,네이버스마트스토어 퀴즈,N,2025-08-23 09:52:19,9999-12-31 23:59:59,7,18,12,1369916,ADS_CODE_DAILY_UPDATE,2025-08-23 09:52:19
446512,B7kzIwQoCv,1655,1223005,3,4,원스토몰 179671,,,네이버스마트스토어 퀴즈,N,2025-08-23 09:52:22,9999-12-31 23:59:59,7,18,12,1369916,ADS_CODE_DAILY_UPDATE,2025-08-23 09:52:22
446514,BwWKIbLmV9,1655,1223009,3,4,사바나 카사바 고양이 모래 3kg 3개 179673,,,네이버스마트스토어 퀴즈,N,2025-08-23 09:57:15,9999-12-31 23:59:59,7,18,12,1369916,ADS_CODE_DAILY_UPDATE,2025-08-23 09:57:15
446515,VmAkzC3BJN,1655,1223011,3,4,서빙카트 식당 업소용 주방 서빙카 다용도 서빙카트 소형 2단 기본고무바퀴 179674,,,네이버스마트스토어 퀴즈,N,2025-08-23 10:02:19,9999-12-31 23:59:59,7,18,12,1369916,ADS_CODE_DAILY_UPDATE,2025-08-23 10:02:19
446517,SOTZlmbDl6,318,1223015,3,4,동동마켓의 엘리카인덕션 블랙 맞추기 8.23,,,퀴즈 맞추기,N,2025-08-23 10:12:19,9999-12-31 23:59:59,7,16,11,1369916,NONE,2025-08-23 10:12:18
446525,syEG3zzspW,82,1223028,3,4,남원 더덕장어 맛집 해용집 (네이버맵 스크린샷 제출_앱 설치 필수),,,네이버맵 저장 후 길찾기,N,2025-08-23 10:52:07,9999-12-31 23:59:59,7,18,8,1369916,NONE,2025-08-23 10:52:07
446544,2DmElfmhnW,1655,1223048,3,4,정원갈비 김포본점 179681,,,네이버플레이스 저장하기 미션,N,2025-08-23 12:17:56,9999-12-31 23:59:59,7,28,20,1369916,NONE,2025-08-23 12:17:56
446547,loblQ1TtZp,1655,1223053,3,4,선일금고 루셀 대형 스마트금고 지문인식 가정용 개인 사무용 금고 WOUP UP-040NW,,,네이버스마트스토어 퀴즈,N,2025-08-23 12:47:49,9999-12-31 23:59:59,7,18,12,1369916,ADS_CODE_DAILY_UPDATE,2025-08-23 12:47:49
446548,JKyxCCDvm4,318,1223055,3,4,아기섬유유연제 맞추기 8.23,,,퀴즈 맞추기,N,2025-08-23 13:07:09,9999-12-31 23:59:59,7,13,9,1369916,NONE,2025-08-23 13:07:09
446564,TR6SwjC8gK,318,1223072,3,4,올바른고 메가알부민 맞추기 8.23,,,퀴즈 맞추기,N,2025-08-23 13:11:31,9999-12-31 23:59:59,7,16,11,1369916,NONE,2025-08-23 13:11:31
446567,dh0YQbyavT,318,1223078,3,4,43인치스탠바이미 맞추기 8.23,,,퀴즈 맞추기,N,2025-08-23 15:07:20,9999-12-31 23:59:59,7,16,11,1369916,NONE,2025-08-23 15:07:19
446568,svS1RLJz7r,1655,1223080,3,4,에브리데이해피벌스데이 179695,,,네이버플레이스 퀴즈,N,2025-08-23 15:07:34,9999-12-31 23:59:59,7,18,12,1369916,ADS_CODE_DAILY_UPDATE,2025-08-23 15:07:34
446580,ysjeSgEdD1,1505,1223104,3,4,[플레이스 퀴즈] 전담GATE 운서점 (15843),,,플레이스 퀴즈 맞추기,N,2025-08-23 16:02:17,9999-12-31 23:59:59,7,20,14,1369916,NONE,2025-08-23 16:02:17
446582,nhsPJNWJBd,1505,1223108,3,4,[플레이스 퀴즈] 전담GATE 범계점 (16456),,,플레이스 퀴즈 맞추기,N,2025-08-23 16:02:18,9999-12-31 23:59:59,7,20,14,1369916,NONE,2025-08-23 16:02:18
446583,jzMIUfpZ0s,1505,1223110,3,4,[플레이스 퀴즈] 전담GATE 문정역점 (16491),,,플레이스 퀴즈 맞추기,N,2025-08-23 16:02:19,9999-12-31 23:59:59,7,20,14,1369916,NONE,2025-08-23 16:02:19
446585,ukFc1PqMYs,1505,1223114,3,4,[플레이스 퀴즈] 문달식당 소사 본점 (16875),,,플레이스 퀴즈 맞추기,N,2025-08-23 16:02:20,9999-12-31 23:59:59,7,20,14,1369916,NONE,2025-08-23 16:02:20
446587,ehCkB6zdOw,1505,1223118,3,4,[플레이스 퀴즈] 전담GATE 신촌역점 (17032),,,플레이스 퀴즈 맞추기,N,2025-08-23 16:02:22,9999-12-31 23:59:59,7,20,14,1369916,NONE,2025-08-23 16:02:21
446590,wEKyoLuep0,1505,1223124,3,4,[플레이스 퀴즈] 전담GATE 덕천점 (17523),,,플레이스 퀴즈 맞추기,N,2025-08-23 16:02:24,9999-12-31 23:59:59,7,20,14,1369916,NONE,2025-08-23 16:02:24
446591,Qq9oya2KkR,1505,1223126,3,4,[플레이스 퀴즈] 전담GATE 경성대부경대점 (17524),,,플레이스 퀴즈 맞추기,N,2025-08-23 16:02:25,9999-12-31 23:59:59,7,20,14,1369916,NONE,2025-08-23 16:02:24
446600,SLJdOJzmpM,1505,1223144,3,4,[플레이스 퀴즈] 바 다빈치 (18389),,,참여,N,2025-08-23 16:02:31,9999-12-31 23:59:59,7,20,14,1369916,NONE,2025-08-23 16:02:30
446605,clEPOjP6a3,1505,1223154,3,4,[플레이스 퀴즈] 도투 (18493),,,참여,N,2025-08-23 16:02:34,9999-12-31 23:59:59,7,20,14,1369916,NONE,2025-08-23 16:02:33
446613,z0v4StHb1D,1505,1223170,3,4,[플레이스 퀴즈] 요즈음 잠실방이점 (18532),,,참여,N,2025-08-23 16:02:38,9999-12-31 23:59:59,7,20,14,1369916,NONE,2025-08-23 16:02:38
446622,JRGjNoO57Q,1505,1223188,3,4,[플레이스 퀴즈] 방이별관 잠실방이점 (18632),,,참여,N,2025-08-23 16:02:44,9999-12-31 23:59:59,7,20,14,1369916,NONE,2025-08-23 16:02:44
446623,y1thBfSNRq,1505,1223190,3,4,[플레이스 퀴즈] 고치소사마 대전 봉명 (18636),,,참여,N,2025-08-23 16:02:44,9999-12-31 23:59:59,7,20,14,1369916,NONE,2025-08-23 16:02:44
446630,TJbZhbjInH,1505,1223204,3,4,[플레이스 퀴즈] 대천가자조개구이 (18717),,,참여,N,2025-08-23 16:02:49,9999-12-31 23:59:59,7,20,14,1369916,NONE,2025-08-23 16:02:48
446631,CymaQN2Mhi,1505,1223206,3,4,[플레이스 퀴즈] 꽃향기 샤브샤브&뷔페 (18724),,,참여,N,2025-08-23 16:02:49,9999-12-31 23:59:59,7,20,14,1369916,NONE,2025-08-23 16:02:49
446632,ghwGDRaHhy,1505,1223208,3,4,[플레이스 퀴즈] 모노샤브 (18744),,,참여,N,2025-08-23 16:02:50,9999-12-31 23:59:59,7,20,14,1369916,NONE,2025-08-23 16:02:49
446633,729YRfz1nd,1505,1223210,3,4,[플레이스 퀴즈] 양천뼈다귀 공덕마포점 (18750),,,참여,N,2025-08-23 16:02:50,9999-12-31 23:59:59,7,20,14,1369916,NONE,2025-08-23 16:02:50
446634,9qRlGhy9uW,1505,1223212,3,4,[플레이스 퀴즈] 움막 광명사거리역점 (18773),,,참여,N,2025-08-23 16:02:51,9999-12-31 23:59:59,7,20,14,1369916,NONE,2025-08-23 16:02:51
446636,mCAkaSFQIt,1505,1223216,3,4,[플레이스 퀴즈] 맘보식당 해운대송정본점 (18780),,,참여,N,2025-08-23 16:02:53,9999-12-31 23:59:59,7,20,14,1369916,NONE,2025-08-23 16:02:52
446638,3C7nOUPgX3,318,1223220,3,4,논가스용접기 200프로 맞추기 8.23,,,퀴즈 맞추기,N,2025-08-23 17:07:14,9999-12-31 23:59:59,7,16,11,1369916,NONE,2025-08-23 17:07:13
446654,O10NL2GCQ8,318,1223237,3,4,NUTRALIFE 감마리놀렌산 맞추기 8.23,,,퀴즈 맞추기,N,2025-08-23 19:06:57,9999-12-31 23:59:59,7,13,9,1369916,NONE,2025-08-23 19:06:57
446671,bEMQLCufU7,318,1223254,3,4,슈펠로 일회용 전자담배 맞추기 8.23,,,퀴즈 맞추기,N,2025-08-23 21:07:09,9999-12-31 23:59:59,7,18,12,1369916,NONE,2025-08-23 21:07:09
446672,DV8IXeJ69b,1655,1223256,3,4,우리동물메디컬센터 179812,,,네이버플레이스 퀴즈,N,2025-08-23 23:51:57,9999-12-31 23:59:59,7,18,12,1369916,ADS_CODE_DAILY_UPDATE,2025-08-23 23:51:57
446673,5MsCUBUGAe,1483,1223258,3,4,유성전자담배 타임월드점 (플레이스 보고 퀴즈 맞추기),,,퀴즈 맞추기,N,2025-08-24 00:07:49,9999-12-31 23:59:59,7,20,14,1369916,ADS_CODE_DAILY_UPDATE,2025-08-24 00:07:48
446674,MtJln3zQa4,1483,1223260,3,4,대전 유성전자담배 도안점 (플레이스 보고 퀴즈 맞추기),,,퀴즈 맞추기,N,2025-08-24 00:07:50,9999-12-31 23:59:59,7,20,14,1369916,ADS_CODE_DAILY_UPDATE,2025-08-24 00:07:50
446675,p2HD9OytiF,1483,1223262,3,4,유성전자담배 본점 (플레이스 보고 퀴즈 맞추기),,,퀴즈 맞추기,N,2025-08-24 00:07:51,9999-12-31 23:59:59,7,20,14,1369916,ADS_CODE_DAILY_UPDATE,2025-08-24 00:07:50
446676,xdRgglh1sh,1483,1223264,3,4,유성전자담배 청주강서점 (플레이스 보고 퀴즈 맞추기),,,퀴즈 맞추기,N,2025-08-24 00:07:51,9999-12-31 23:59:59,7,20,14,1369916,ADS_CODE_DAILY_UPDATE,2025-08-24 00:07:51
446678,O1pW5oktXJ,1505,1223268,3,4,[카카오맵 퀴즈] 방이별관 (18714),,,카카오맵 주소를 맞추는 퀴즈,N,2025-08-24 00:07:52,9999-12-31 23:59:59,7,20,14,1369916,NONE,2025-08-24 00:07:52
446687,oQI65NSJgD,1655,1223286,3,4,1+1 리빙채널 남녀공용 발등낮은 욕실 화장실 베란다 논슬립 욕실화 슬리퍼 179698,,,네이버스마트스토어 퀴즈,N,2025-08-24 00:09:10,9999-12-31 23:59:59,7,18,12,1369916,ADS_CODE_DAILY_UPDATE,2025-08-24 00:09:10
446690,zM3liEuTDk,1655,1223292,3,4,7번방 홍대점 179810,,,네이버플레이스 퀴즈,N,2025-08-24 00:09:13,9999-12-31 23:59:59,7,18,12,1369916,ADS_CODE_DAILY_UPDATE,2025-08-24 00:09:12
446695,UlbVBlElck,1655,1223299,3,4,천호지게차 179813,,,네이버플레이스 퀴즈,N,2025-08-24 02:02:28,9999-12-31 23:59:59,7,18,12,1369916,ADS_CODE_DAILY_UPDATE,2025-08-24 02:02:28
446696,4We0nTn8ak,1655,1223301,3,4,멜피움 스팀청소기 물걸레 고온 살균 청소 179815,,,네이버스마트스토어 퀴즈,N,2025-08-24 04:08:25,9999-12-31 23:59:59,7,18,12,1369916,ADS_CODE_DAILY_UPDATE,2025-08-24 04:08:25
446697,q3hahmaPkh,1655,1223303,3,4,스팀다리미 핸디 여행용 미니 핸디형스팀다리미 179818,,,네이버스마트스토어 퀴즈,N,2025-08-24 04:08:26,9999-12-31 23:59:59,7,18,12,1369916,ADS_CODE_DAILY_UPDATE,2025-08-24 04:08:26
446698,vFSo296cgO,1655,1223305,3,4,한경희 핸디 소형청소기 무선 미니 청소기 179820,,,네이버스마트스토어 퀴즈,N,2025-08-24 04:12:33,9999-12-31 23:59:59,7,18,12,1369916,ADS_CODE_DAILY_UPDATE,2025-08-24 04:12:33
446699,41D5tSnZwa,1655,1223307,3,4,25W C타입충전기 PD 초고속 여행용 핸드폰 고속충전기 어댑터 179823,,,네이버스마트스토어 퀴즈,N,2025-08-24 04:17:24,9999-12-31 23:59:59,7,18,12,1369916,ADS_CODE_DAILY_UPDATE,2025-08-24 04:17:23
446700,Eawov3qeoQ,1655,1223309,3,4,갤럭시 아이폰 무선충전기 갤럭시워치 애플워치 멀티 여행용 무선충전기 179827,,,네이버스마트스토어 퀴즈,N,2025-08-24 04:22:35,9999-12-31 23:59:59,7,18,12,1369916,ADS_CODE_DAILY_UPDATE,2025-08-24 04:22:34
446701,J878GtMA94,1655,1223311,3,4,여행용 전기포트 캠핑용 소형 휴대용 미니 커피포트 전기주전자 179829,,,네이버스마트스토어 퀴즈,N,2025-08-24 04:22:36,9999-12-31 23:59:59,7,18,12,1369916,ADS_CODE_DAILY_UPDATE,2025-08-24 04:22:35
446703,iHZAl2PxyB,1655,1223315,3,4,미니가습기 USB 사무실 휴대용 가습기 179833,,,네이버스마트스토어 퀴즈,N,2025-08-24 04:32:19,9999-12-31 23:59:59,7,18,12,1369916,ADS_CODE_DAILY_UPDATE,2025-08-24 04:32:19
446704,LYzckBZe93,1655,1223317,3,4,맥세이프충전기 에어팟 애플워치 고속 무선 아이폰충전기 179835,,,네이버스마트스토어 퀴즈,N,2025-08-24 04:32:20,9999-12-31 23:59:59,7,18,12,1369916,ADS_CODE_DAILY_UPDATE,2025-08-24 04:32:19
446705,TuUk4n4eQO,1655,1223319,3,4,프리캣 179836,,,네이버플레이스 퀴즈,N,2025-08-24 04:41:33,9999-12-31 23:59:59,7,18,12,1369916,ADS_CODE_DAILY_UPDATE,2025-08-24 04:41:33
446706,uX99xD7QJi,1596,1223321,3,4,[정답입력]싱크대,,,네이버 상품 해시태그,N,2025-08-24 06:08:02,9999-12-31 23:59:59,7,18,12,1369916,ADS_CODE_DAILY_UPDATE,2025-08-24 06:08:01
446709,RSwVEKNiEW,1655,1223327,3,4,서빙카트 서빙카 이동식카트 업소용 식당 트롤리2단중그레이회색 179906,,,네이버스마트스토어 퀴즈,N,2025-08-24 09:37:30,9999-12-31 23:59:59,7,18,12,1369916,ADS_CODE_DAILY_UPDATE,2025-08-24 09:37:29
446710,t6ikYPZB0t,1655,1223329,3,4,구로캐스터 179908,,,네이버스마트스토어 퀴즈,N,2025-08-24 09:37:30,9999-12-31 23:59:59,7,18,12,1369916,ADS_CODE_DAILY_UPDATE,2025-08-24 09:37:30
446711,CQzau0Z6wD,1655,1223331,3,4,홈마블 179909,,,네이버스마트스토어 퀴즈,N,2025-08-24 09:37:31,9999-12-31 23:59:59,7,18,12,1369916,ADS_CODE_DAILY_UPDATE,2025-08-24 09:37:31
446715,DcEZ9eypGx,1655,1223339,3,4,쎄쎄쎄푸드빌리지 케이터링 출장뷔페 홈파티음식 집들이 생일 메뉴 생신상 박스 손님 5인 17,,,네이버스마트스토어 퀴즈,N,2025-08-24 09:37:34,9999-12-31 23:59:59,7,18,12,1369916,ADS_CODE_DAILY_UPDATE,2025-08-24 09:37:34
446716,aFeImwNYcU,1655,1223341,3,4,슈퍼밀리언헤어 흑채 남자여성 홈쇼핑 뿌리는가발 원형탈모커버 검정 179914,,,네이버스마트스토어 퀴즈,N,2025-08-24 09:37:35,9999-12-31 23:59:59,7,18,12,1369916,ADS_CODE_DAILY_UPDATE,2025-08-24 09:37:34
446717,lGbZWVm18q,1655,1223343,3,4,프리다이빙 강습 레벨1 원데이 과정 서울 수원 성남 179915,,,네이버스마트스토어 퀴즈,N,2025-08-24 09:47:33,9999-12-31 23:59:59,7,18,12,1369916,ADS_CODE_DAILY_UPDATE,2025-08-24 09:47:33
446718,wYaKlIoj5o,1655,1223345,3,4,프리다이빙 첫 발자국 - 호흡의 예술 [with 블루페블] 서울 잠실 용인 179916,,,네이버스마트스토어 퀴즈,N,2025-08-24 09:47:34,9999-12-31 23:59:59,7,18,12,1369916,ADS_CODE_DAILY_UPDATE,2025-08-24 09:47:33
446719,MlXlvPUIsr,1655,1223347,3,4,오즈네일 고발색 고광택 샤인무드 네일컬러 비건 매니큐어 페디큐어 폴리쉬 튜튜블러셔 1799,,,네이버스마트스토어 퀴즈,N,2025-08-24 09:47:34,9999-12-31 23:59:59,7,18,12,1369916,ADS_CODE_DAILY_UPDATE,2025-08-24 09:47:34
446723,fW5UIoeQBe,1655,1223355,3,4,배냇저고리 아기 신생아 밤부 편면 순면 임신출산선물 179921,,,네이버스마트스토어 퀴즈,N,2025-08-24 09:47:37,9999-12-31 23:59:59,7,18,12,1369916,ADS_CODE_DAILY_UPDATE,2025-08-24 09:47:37
446725,pEcwr6pjtq,1655,1223359,3,4,완벽한일상 179923,,,네이버스마트스토어 퀴즈,N,2025-08-24 09:47:39,9999-12-31 23:59:59,7,18,12,1369916,ADS_CODE_DAILY_UPDATE,2025-08-24 09:47:38
446727,feKXAFM8E3,1655,1223363,3,4,서빙카트 식당 업소용 주방 서빙카 다용도 서빙카트 소형 2단 기본고무바퀴 179925,,,네이버스마트스토어 퀴즈,N,2025-08-24 09:52:24,9999-12-31 23:59:59,7,18,12,1369916,ADS_CODE_DAILY_UPDATE,2025-08-24 09:52:24
446731,Zcwsj3rgAw,318,1223371,3,4,용가리전자담배 제우스맥스 코일 맞추기 8.24,,,퀴즈 맞추기,N,2025-08-24 10:12:16,9999-12-31 23:59:59,7,16,11,1369916,NONE,2025-08-24 10:12:16
446739,Q0m4eUrQgO,1655,1223380,3,4,백일상대여 푸른솔 179947,,,네이버스마트스토어 퀴즈,N,2025-08-24 12:37:32,9999-12-31 23:59:59,7,18,12,1369916,ADS_CODE_DAILY_UPDATE,2025-08-24 12:37:31
446740,LkhGlSmLIK,318,1223382,3,4,NUTRALIFE 카테킨 맞추기  8.24,,,퀴즈 맞추기,N,2025-08-24 13:02:59,9999-12-31 23:59:59,7,13,9,1369916,NONE,2025-08-24 13:02:59
446742,s2GB7GLG8n,318,1223385,3,4,아기섬유유연제 맞추기 8.24,,,퀴즈 맞추기,N,2025-08-24 13:07:15,9999-12-31 23:59:59,7,13,9,1369916,NONE,2025-08-24 13:07:15
446743,hfIYNr9bxw,1655,1223386,3,4,정답 미션 179951,,,일반정답미션,N,2025-08-24 13:27:37,9999-12-31 23:59:59,7,18,12,1369916,ADS_CODE_DAILY_UPDATE,2025-08-24 13:27:37
446744,4CxDLjEjBs,1655,1223388,3,4,에브리데이해피벌스데이 179958,,,네이버플레이스 퀴즈,N,2025-08-24 14:47:20,9999-12-31 23:59:59,7,18,12,1369916,ADS_CODE_DAILY_UPDATE,2025-08-24 14:47:19
446755,fVFpGoyGXS,1505,1223410,3,4,[플레이스 퀴즈] 전담GATE 운서점 (15843),,,플레이스 퀴즈 맞추기,N,2025-08-24 15:57:19,9999-12-31 23:59:59,7,20,14,1369916,NONE,2025-08-24 15:57:19
446757,TqHDK8uScP,1505,1223414,3,4,[플레이스 퀴즈] 전담GATE 범계점 (16456),,,플레이스 퀴즈 맞추기,N,2025-08-24 15:57:21,9999-12-31 23:59:59,7,20,14,1369916,NONE,2025-08-24 15:57:20
446760,087GAGEuZg,1505,1223420,3,4,[플레이스 퀴즈] 문달식당 소사 본점 (16875),,,플레이스 퀴즈 맞추기,N,2025-08-24 15:57:23,9999-12-31 23:59:59,7,20,14,1369916,NONE,2025-08-24 15:57:22
446761,Amek5IR3kF,1505,1223422,3,4,[플레이스 퀴즈] 전담GATE 세종나성점 (17030),,,플레이스 퀴즈 맞추기,N,2025-08-24 15:57:23,9999-12-31 23:59:59,7,20,14,1369916,NONE,2025-08-24 15:57:23
446765,87F1Lmk1Na,1505,1223430,3,4,[플레이스 퀴즈] 전담GATE 덕천점 (17523),,,플레이스 퀴즈 맞추기,N,2025-08-24 15:57:26,9999-12-31 23:59:59,7,20,14,1369916,NONE,2025-08-24 15:57:26
446769,4otJBkWmUk,1505,1223438,3,4,[플레이스 퀴즈] 전담GATE 동탄남광장점 (17530),,,플레이스 퀴즈 맞추기,N,2025-08-24 15:57:28,9999-12-31 23:59:59,7,20,14,1369916,NONE,2025-08-24 15:57:28
446774,3SG9h28cFY,1505,1223448,3,4,[플레이스 퀴즈] 바 다빈치 (18389),,,참여,N,2025-08-24 15:57:32,9999-12-31 23:59:59,7,20,14,1369916,NONE,2025-08-24 15:57:32
446778,iaiRZKedBi,1505,1223456,3,4,[플레이스 퀴즈] 도투 (18493),,,참여,N,2025-08-24 15:57:35,9999-12-31 23:59:59,7,20,14,1369916,NONE,2025-08-24 15:57:35
446789,tM5bFSszW8,1505,1223478,3,4,[플레이스 퀴즈] 요즈음 잠실방이점 (18532),,,참여,N,2025-08-24 15:57:43,9999-12-31 23:59:59,7,20,14,1369916,NONE,2025-08-24 15:57:43
446792,r98lZD4I4P,1505,1223484,3,4,[플레이스 퀴즈] 문어물갈비 대구본점 (18612),,,플레이스 퀴즈 맞추기,N,2025-08-24 15:57:45,9999-12-31 23:59:59,7,20,14,1369916,NONE,2025-08-24 15:57:44
446798,l60pMKJgPv,1505,1223496,3,4,[플레이스 퀴즈] 방이별관 잠실방이점 (18632),,,참여,N,2025-08-24 15:57:48,9999-12-31 23:59:59,7,20,14,1369916,NONE,2025-08-24 15:57:48
446799,tjdowcKCZ8,1505,1223498,3,4,[플레이스 퀴즈] 고치소사마 대전 봉명 (18636),,,참여,N,2025-08-24 15:57:49,9999-12-31 23:59:59,7,20,14,1369916,NONE,2025-08-24 15:57:49
446806,oHK0ktofMK,1505,1223512,3,4,[플레이스 퀴즈] 모노샤브 (18744),,,참여,N,2025-08-24 15:57:53,9999-12-31 23:59:59,7,20,14,1369916,NONE,2025-08-24 15:57:53
446807,aL76m9psa1,1505,1223514,3,4,[플레이스 퀴즈] 양천뼈다귀 공덕마포점 (18750),,,참여,N,2025-08-24 15:57:54,9999-12-31 23:59:59,7,20,14,1369916,NONE,2025-08-24 15:57:53
446808,9gLI2M1NTR,1505,1223516,3,4,[플레이스 퀴즈] 움막 광명사거리역점 (18773),,,참여,N,2025-08-24 15:57:54,9999-12-31 23:59:59,7,20,14,1369916,NONE,2025-08-24 15:57:54
446810,w65t1hsgPI,1505,1223520,3,4,[플레이스 퀴즈] 맘보식당 해운대송정본점 (18780),,,참여,N,2025-08-24 15:57:56,9999-12-31 23:59:59,7,20,14,1369916,NONE,2025-08-24 15:57:55
446811,WNpiWhuMuD,1505,1223522,3,4,[플레이스 퀴즈] 왐왐커피 (18784),,,플레이스 퀴즈 맞추기,N,2025-08-24 15:57:56,9999-12-31 23:59:59,7,20,14,1369916,NONE,2025-08-24 15:57:56
446812,eXB4L93slX,1505,1223524,3,4,[플레이스 퀴즈] 우리동네 소고기무한리필 부천역점 (18791),,,플레이스 퀴즈 맞추기,N,2025-08-24 15:57:57,9999-12-31 23:59:59,7,20,14,1369916,NONE,2025-08-24 15:57:57
446819,immOi1QfTS,1655,1223533,3,4,정답 미션 180045,,,일반정답미션,N,2025-08-24 17:47:22,9999-12-31 23:59:59,7,18,12,1369916,ADS_CODE_DAILY_UPDATE,2025-08-24 17:47:22
446833,WhapxvrMgI,1655,1223552,3,4,몬스타기어 180054,,,네이버플레이스 퀴즈,N,2025-08-24 20:52:00,9999-12-31 23:59:59,7,18,12,1369916,ADS_CODE_DAILY_UPDATE,2025-08-24 20:51:59
446834,UWIDD1OxVr,1655,1223554,3,4,몬스타기어 180055,,,일반정답미션,N,2025-08-24 20:52:00,9999-12-31 23:59:59,7,18,12,1369916,ADS_CODE_DAILY_UPDATE,2025-08-24 20:52:00
446835,kJz93xoyOq,1655,1223556,3,4,몬스타pc스토어 180056,,,일반정답미션,N,2025-08-24 20:52:01,9999-12-31 23:59:59,7,18,12,1369916,ADS_CODE_DAILY_UPDATE,2025-08-24 20:52:01
446836,Ea72tN0xlE,1655,1223558,3,4,몬스타기어 180057,,,일반정답미션,N,2025-08-24 20:56:58,9999-12-31 23:59:59,7,18,12,1369916,ADS_CODE_DAILY_UPDATE,2025-08-24 20:56:57
446837,2hznDD8Yx3,318,1223560,3,4,NUTRALIFE 감마리놀렌산 맞추기 8.24,,,퀴즈 맞추기,N,2025-08-24 21:06:58,9999-12-31 23:59:59,7,13,9,1369916,NONE,2025-08-24 21:06:58
446838,U2SQqPrYd5,1655,1223561,3,4,광희문 인덕원본점 180059,,,네이버플레이스 퀴즈,N,2025-08-24 21:07:12,9999-12-31 23:59:59,7,18,12,1369916,ADS_CODE_DAILY_UPDATE,2025-08-24 21:07:11
446839,f8D0iJPlLN,1655,1223563,3,4,한양 과천본점 180060,,,네이버플레이스 퀴즈,N,2025-08-24 21:07:12,9999-12-31 23:59:59,7,18,12,1369916,ADS_CODE_DAILY_UPDATE,2025-08-24 21:07:12
446840,qCvgpykmNY,1655,1223565,3,4,델템포하우스 180061,,,네이버플레이스 퀴즈,N,2025-08-24 21:07:13,9999-12-31 23:59:59,7,18,12,1369916,ADS_CODE_DAILY_UPDATE,2025-08-24 21:07:13
